{
"type": "FeatureCollection",
"name": "data_epci",
"crs": { "type": "name", "properties": { "name": "urn:ogc:def:crs:OGC:1.3:CRS84" } },
"features": [
{"type":"Feature","properties":{"code_siren":"200069177","nom":"CC Mond'Arverne Communauté"},"geometry":{"type":"MultiPolygon","coordinates":[[[[3.285687926185267,45.625625932600535],[3.285458046625485,45.625097930940299],[3.285103006148108,45.624687309111934],[3.285135599239057,45.624536845466857],[3.285954387794336,45.623791867414745],[3.285943052998419,45.623336250613711],[3.286373499659569,45.622694010470575],[3.286380619763295,45.622085264288671],[3.287563675563006,45.621067400390956],[3.287982721117708,45.621201401541612],[3.289137137482243,45.621590152371141],[3.29012735770154,45.621743387688056],[3.290336432905669,45.621723938258306],[3.290556783575389,45.621652231172718],[3.29112375707135,45.6211176784321],[3.291528646936693,45.620754635084573],[3.292044358769386,45.620723581820315],[3.292767390880731,45.62058482922604],[3.29316479844287,45.620508153799193],[3.293323449402524,45.620418592301505],[3.29416958372975,45.619780640800926],[3.293986880259535,45.619447938691181],[3.293563983674948,45.619071739412625],[3.29305541322584,45.618751591819816],[3.29240095813097,45.618506561413881],[3.292573696029167,45.618412461945645],[3.295171006748221,45.617222441007364],[3.295475196682838,45.616995620836207],[3.295248545660771,45.616602703757167],[3.295152565517148,45.616410251740547],[3.295141638419156,45.616286013452658],[3.295351380960437,45.615914463218466],[3.295671590614826,45.615324704977603],[3.295468419324022,45.615243294544719],[3.295316712803396,45.615187862748733],[3.295027280791678,45.615051748306996],[3.294527993391504,45.614782910870531],[3.29413677409315,45.614566917391556],[3.293961850576537,45.61448813186361],[3.293860303459532,45.61445417869605],[3.293787066001626,45.614435459765637],[3.293662504273151,45.614416874754646],[3.293576512183913,45.614412596734773],[3.293490558260938,45.614415522428928],[3.29340977967142,45.614426538925798],[3.293189428075979,45.614491948240968],[3.293042060924992,45.614528351545495],[3.292920265372321,45.61454757887401],[3.292745819349034,45.614558838706053],[3.292579029135632,45.614561973996054],[3.292357017601027,45.614556247688924],[3.292120839673535,45.614540652391035],[3.29186152794656,45.614517912729646],[3.291462276932964,45.61448022681769],[3.291271022604369,45.614467214812009],[3.290710247132163,45.614457859288613],[3.290597295751154,45.61445094719037],[3.290408565472702,45.614429822837501],[3.290241690621465,45.614416746155818],[3.290151877761485,45.61441787828381],[3.290072376899795,45.614427988603182],[3.289954429864197,45.614447202797152],[3.289842978361277,45.614481708375777],[3.289757207764207,45.61451974965059],[3.289676593031209,45.614562280009778],[3.289555130304795,45.614645437253721],[3.289486157346194,45.614705947211199],[3.289218023825555,45.614959672977982],[3.289097405142223,45.615204914819216],[3.288968894072795,45.615413256926665],[3.28875390299835,45.615770400851453],[3.288667751857022,45.615982235843568],[3.288593195299095,45.616203045883275],[3.288562767156061,45.616520094597767],[3.288568023421012,45.616790226587206],[3.288563439411537,45.616895595078219],[3.288524106694547,45.616981242009395],[3.288464083760327,45.617036325484136],[3.287890614817293,45.617058505352702],[3.287579281997791,45.616656784746134],[3.286953839792244,45.615810124842454],[3.286576720003942,45.61558686527686],[3.286041202086158,45.615003813384547],[3.285442557017133,45.614120157327633],[3.285331114848003,45.613658491433199],[3.284870292497342,45.613122970380246],[3.284906701564943,45.61271766020058],[3.284223059521177,45.612264644667142],[3.283368704955843,45.611796746882952],[3.282781266558886,45.611836945698997],[3.282127257274761,45.610646346546588],[3.281771262727295,45.610025004194625],[3.280825735888193,45.610290309615436],[3.280461460382768,45.610311028932436],[3.280283074669868,45.610048532151382],[3.280145892358343,45.609814747993816],[3.280066204881059,45.609533094918696],[3.27997326055364,45.609420765762152],[3.279882750704157,45.609282316441643],[3.279723638526452,45.609024273285115],[3.279554250379726,45.60876355399688],[3.279478141452623,45.608681799061031],[3.279047274315838,45.608215517495417],[3.278957045226865,45.608131996269918],[3.278892607048918,45.60807452506964],[3.278842372183897,45.608035028305324],[3.27877023647881,45.607977576114507],[3.278637593621851,45.607878851502967],[3.27853192950164,45.607787263816213],[3.278479034227425,45.607728863320879],[3.27845964061357,45.607699195362684],[3.278445310969815,45.607656007612484],[3.278403222328884,45.60770563837859],[3.278364959862624,45.607750757243437],[3.278311360651692,45.607807620325055],[3.278202824699236,45.607910543914898],[3.278003582076091,45.60809023269654],[3.27785156865761,45.608222078854624],[3.277675187136206,45.608355785921624],[3.277508955813833,45.608466955581726],[3.277329871556498,45.608573654261335],[3.277070067155106,45.60870216308841],[3.276869094171366,45.608793606714102],[3.276620645735449,45.60888426623697],[3.276377377815397,45.608984817804696],[3.276159782185706,45.609088007282786],[3.276073965688264,45.609117033379142],[3.276031663019197,45.609124341047092],[3.27597780449065,45.609129876079194],[3.275935447997897,45.609126378038233],[3.275828807735444,45.609096023093372],[3.275508878696012,45.609003156707296],[3.275336694927242,45.608950449693957],[3.274878009156209,45.608818299738786],[3.27445402836734,45.608698670033611],[3.274424475313836,45.608689737288408],[3.274329405788195,45.60866385512125],[3.273697301096426,45.608487098921138],[3.273555920839409,45.608436115217486],[3.273089199670042,45.608233739819013],[3.272680312641823,45.608051032971694],[3.272397383875629,45.607913944397637],[3.272259779947761,45.607847641711999],[3.272147848727137,45.607783978209049],[3.271868612478433,45.607614461979288],[3.271715526228785,45.607530186378099],[3.271616500781378,45.607481799398435],[3.271127931819229,45.60726866286484],[3.270944118676394,45.607197067036765],[3.270723003964307,45.607105750045683],[3.270537851804094,45.607022450496537],[3.270504447066762,45.607012625505796],[3.270458204175687,45.607001030403005],[3.270355503273112,45.606987770006029],[3.270252846328992,45.606983514242941],[3.270139912735928,45.606976581613416],[3.270038486116734,45.606961516900896],[3.269645583258988,45.606895823550687],[3.26926429335952,45.606843608285253],[3.268776481445086,45.606783541925267],[3.269109523639724,45.606675588246823],[3.269283726511138,45.606618440958648],[3.269267972622754,45.606544639041338],[3.269019635637648,45.606130110405623],[3.268776643607979,45.605758791668556],[3.268732609918977,45.605673350965837],[3.268723223534013,45.6055896284564],[3.268741240190662,45.605336549663022],[3.268750285161912,45.60508529327231],[3.268641461217129,45.604601993795114],[3.267524671921448,45.604197636861407],[3.26715548041281,45.603989602192932],[3.266730023359504,45.603818619545358],[3.266954905340673,45.603630785670539],[3.267067445554546,45.603557579435154],[3.267213339738668,45.603484293863922],[3.267359281317006,45.603420913302088],[3.267371779734633,45.603352446898178],[3.267078732245063,45.602971338301359],[3.266647125193191,45.602586955557733],[3.266068763158577,45.602094860469514],[3.265855248512898,45.601977402050444],[3.265563228271012,45.60180700011346],[3.265358656711519,45.601681415303545],[3.265150185952017,45.6015450335248],[3.264879960674446,45.601370976526134],[3.264601992986764,45.601187031789458],[3.264516945502331,45.601107088862442],[3.264502456544911,45.601027880467377],[3.264508479503974,45.600945922392981],[3.264524640188503,45.600837826486092],[3.264508614966882,45.600705493237705],[3.264423151671005,45.600538204420076],[3.264278813895948,45.600398968834682],[3.264051374844461,45.600318459530712],[3.263327093606202,45.600153568123424],[3.262066949761466,45.599789114212207],[3.262001175156233,45.599714527398774],[3.262044163538937,45.599582056359132],[3.262060413776546,45.599491970269248],[3.262067480272469,45.59935868242345],[3.262084915240337,45.599247882478736],[3.262103760632428,45.599164093714641],[3.262108516954795,45.599084840190301],[3.262094108607235,45.599021840003651],[3.262077007064087,45.598931831622416],[3.262032840139009,45.59881487182421],[3.261962844001455,45.598661052395073],[3.26184760774707,45.598434399188633],[3.261815122438404,45.598346227549342],[3.261800765651564,45.598294032997458],[3.261801971834903,45.598277821510479],[3.261814671602363,45.598250777485291],[3.261783796641673,45.598231939219446],[3.261751592193734,45.598203198734907],[3.261614963597279,45.598063941854278],[3.261469199432244,45.597891388207969],[3.261347956511908,45.597750294280814],[3.261291266220503,45.597697297539078],[3.26125392296184,45.597666767887851],[3.261203752530042,45.597636268012316],[3.261218815402831,45.597294049833188],[3.261252935147815,45.597185012258194],[3.261237945964289,45.596181910087935],[3.261131794818606,45.595159209101787],[3.261055371291534,45.595000901694519],[3.260573179976687,45.594748083939869],[3.259803498255001,45.594457207852557],[3.259520755028361,45.594338096525199],[3.25924034669465,45.594169452614686],[3.258760072053057,45.593774346621792],[3.258735386831213,45.593706867285547],[3.258697925804866,45.593650223110487],[3.258669544092438,45.593615169602572],[3.25863477028311,45.593584633194894],[3.258572998340552,45.593540651623215],[3.258486810419885,45.59348682083575],[3.258419916600826,45.593444651915256],[3.258372279025252,45.593406040648198],[3.258350272989554,45.593362868080462],[3.258329486667237,45.59330618548303],[3.258293292164158,45.593245936341717],[3.25825207633288,45.593209111240618],[3.258208358232682,45.593185799093199],[3.258138996193908,45.593164346751209],[3.258081228072956,45.593153673542659],[3.257804556510496,45.592958903557189],[3.257757499002291,45.592769009804094],[3.257714081975802,45.592258536277996],[3.257442119479968,45.590867014851852],[3.257292534498996,45.59014066873813],[3.256960180438581,45.589827160626271],[3.256815563931492,45.589617678826563],[3.256636891241072,45.589531640490009],[3.25660881184069,45.589284072236048],[3.256380717496648,45.58932691505867],[3.256214359044547,45.589407436998997],[3.25600717527209,45.589534876652841],[3.255808802109479,45.589626276637638],[3.255594772135776,45.589660081060416],[3.255356299022639,45.589677731915998],[3.255085575862642,45.589654933765431],[3.254896794501002,45.589601332918129],[3.254690000104782,45.589535165813295],[3.254533196042385,45.589462581833963],[3.254398455735158,45.589446678040382],[3.254209836776569,45.589428194439591],[3.254006029723174,45.589453868400078],[3.253825374040333,45.589493897439716],[3.253639596198589,45.589535738702928],[3.253483217577984,45.589555901854311],[3.253316426325554,45.589542770442094],[3.253125164216714,45.589507181835209],[3.252798961286557,45.58941156407456],[3.252515197791232,45.589341063559431],[3.252375287248273,45.589316164142453],[3.252225255888945,45.589321903604684],[3.252062595717786,45.589370894260377],[3.251884569424545,45.589425321982574],[3.251743593132857,45.589448149659979],[3.251642215845058,45.58943576980483],[3.251541965880383,45.589389169059146],[3.251250023295973,45.589211526413258],[3.251139371091164,45.589133431716398],[3.251021134140489,45.589079666827054],[3.250918393654535,45.589049279745609],[3.250820905588343,45.589045895284784],[3.250710645239923,45.589054245464922],[3.250614602522767,45.589086876840504],[3.250430415281427,45.58919714580491],[3.250321713574565,45.589266724836108],[3.250219310448665,45.589311076282421],[3.250117994689348,45.589312202131985],[3.249965174747186,45.589268418329233],[3.249712139448807,45.589185235718517],[3.249482336229955,45.58913441831929],[3.249301394876545,45.589111407056926],[3.249060288299994,45.589113742224782],[3.248852555645177,45.589122306399474],[3.248643609056,45.589146181048946],[3.248347543279799,45.589190958782716],[3.248166844060593,45.589221974012169],[3.247996316247757,45.589233155943617],[3.247833475483139,45.589242519715278],[3.247633260351172,45.589211443913214],[3.247459906152561,45.58916410000046],[3.247299393567224,45.589120329507793],[3.247279009721883,45.589150990676082],[3.247129692765121,45.58931700735608],[3.246886982547923,45.589535456786066],[3.246755410510776,45.589654609011234],[3.246639064144336,45.589736807978596],[3.246491876386519,45.58980556721221],[3.246263960077633,45.589890711706637],[3.245316388369264,45.590234064826618],[3.244974408817328,45.590339266023172],[3.244774521316852,45.590382924319499],[3.244568236613901,45.59043019809485],[3.244094099414725,45.590523977669029],[3.243640406380442,45.590600601819318],[3.242950898380392,45.590718255425493],[3.242111390261418,45.590850635500118],[3.241714050174493,45.590910021409599],[3.241473076656251,45.590944757316777],[3.241298765039619,45.590972145858473],[3.241129579609755,45.59099862265861],[3.240845158362569,45.591070370073375],[3.240710723042746,45.591124686725628],[3.240584006344648,45.591184389590772],[3.24045608491305,45.591262104504167],[3.240321808791621,45.591353340062398],[3.240086543842544,45.591522232432887],[3.239920275947133,45.591630644934348],[3.239751368237755,45.591721953682033],[3.239665633534119,45.591768060930441],[3.239595250824221,45.591805130602005],[3.239568378745342,45.591819595537345],[3.239344419587272,45.591934433423653],[3.239033410111197,45.592088176579864],[3.238884955123924,45.592164132380894],[3.238726262214088,45.592245512601679],[3.238548387964068,45.592340440495292],[3.238315469595977,45.592460698216684],[3.238080012076477,45.592587264195743],[3.237977674200652,45.592650514435789],[3.237900980537191,45.592711909381038],[3.237840987678545,45.592779572324332],[3.23776699022107,45.592871577825065],[3.237699405590547,45.592963569724695],[3.237622803821129,45.593046575826762],[3.237524366444426,45.593122424145584],[3.23737982388546,45.593214578350661],[3.237241605324766,45.593286007970974],[3.237099500023636,45.593348440806189],[3.236934303305563,45.5934100216272],[3.236776713518227,45.593450875131786],[3.236451049458029,45.593480375630271],[3.236116383648395,45.593504491197976],[3.235631803208066,45.593564939173675],[3.235243396029737,45.593619781065257],[3.235063976767228,45.593655274937404],[3.234861557653347,45.593711527611099],[3.234686100112358,45.593774027031259],[3.234490120017859,45.593836568965415],[3.23428903177013,45.593904524083094],[3.234103273842566,45.593958039240313],[3.233932857824529,45.59399981593149],[3.233738135941477,45.594056951051591],[3.233553648231242,45.594107761217629],[3.233340961002238,45.594163131991188],[3.233167989854898,45.594207614265123],[3.232997583719077,45.594252090959174],[3.232839943250498,45.594282133275783],[3.232655389721103,45.59431763392908],[3.232470820850493,45.594349532387746],[3.232256777282219,45.594387794776729],[3.231698156337125,45.594535725287443],[3.230877702097913,45.594643669152831],[3.23028950270416,45.594774544235342],[3.229835759541189,45.594852013203486],[3.22950633250972,45.594904913762107],[3.229270442276088,45.594934210229987],[3.229035841895238,45.594965304537659],[3.228770423918454,45.594988356714509],[3.228547326152936,45.595009521318211],[3.22828959632165,45.595030755775994],[3.228080600088274,45.595050089869581],[3.227880563846603,45.595064903018198],[3.227648457201159,45.595078880244131],[3.227132999697183,45.595122244923353],[3.22694458434619,45.595155943033163],[3.226757584037264,45.595222055278725],[3.226536050580266,45.595312549748783],[3.226306838751732,45.595407561634659],[3.226100739975815,45.595508829958348],[3.225945874093195,45.595591985384672],[3.225933203336165,45.595944999273868],[3.225932515209691,45.596090878534177],[3.22593401076539,45.596143103412906],[3.225932929933809,45.596192632024817],[3.225929272708198,45.596239464369773],[3.225930676512311,45.596269177414797],[3.225928235911247,45.596299798662706],[3.225916842145792,45.596336741258945],[3.225881051494402,45.596367429485447],[3.225805537621163,45.59640810274162],[3.225669949558711,45.596501124375706],[3.225591921257295,45.596554409263796],[3.225515138871561,45.596598686792078],[3.225434471641823,45.596633967246397],[3.225353756719589,45.596657541488305],[3.225271718773925,45.596671213033488],[3.225184487796832,45.596669586742351],[3.22511934066686,45.59673635272479],[3.225034938198252,45.596799555271737],[3.224946636262996,45.596850158823088],[3.224817313131646,45.596907147668205],[3.224684105112329,45.596955139316975],[3.224548367922076,45.597012140664589],[3.224410086905094,45.597074549808084],[3.224278310218218,45.597159457831864],[3.224183724556084,45.597242490620907],[3.224079015205307,45.597359761768963],[3.224007590620148,45.59746075788366],[3.223920834954071,45.5975770926484],[3.22379828624343,45.597724114915586],[3.223685904235334,45.597847704331315],[3.223435487666968,45.598095834267617],[3.223211719930945,45.598272772782124],[3.223017250952602,45.598399225837966],[3.222859796022108,45.59847968070509],[3.2227074462882,45.598553821877843],[3.222514037420834,45.598625342631678],[3.222314203480309,45.598694174308719],[3.222064392319449,45.598775711037774],[3.221869645032265,45.598833726111494],[3.221683851395545,45.598885419836115],[3.221526234804596,45.598926251994918],[3.221335255585274,45.598964448142574],[3.221105840146368,45.599014425775643],[3.220914917754415,45.599067028790635],[3.220727843273376,45.599119623930484],[3.220530556521362,45.599184845512625],[3.220355108456108,45.59925812829654],[3.220205322335245,45.599333161534197],[3.220055550108324,45.599411796468381],[3.219919830723975,45.599475996035515],[3.219725167969559,45.5995565192474],[3.219585535329599,45.599604517399257],[3.21946382557724,45.599643475602207],[3.219340800813505,45.599674331909824],[3.219206216726026,45.599701608686068],[3.219021647097599,45.599739788409458],[3.218860160019426,45.599776121959358],[3.218702581450706,45.599827755852438],[3.218566795568069,45.599875745258771],[3.218449025101727,45.599938107209923],[3.218347948223487,45.600004939039117],[3.218272555067179,45.600078924789727],[3.218217679128081,45.600151069727907],[3.218157725073767,45.600236731701152],[3.217993453595544,45.600544114148484],[3.217715895512688,45.601076835909709],[3.217534928424192,45.60138064809216],[3.217513350340241,45.601439221080291],[3.217494426171379,45.601520300957326],[3.217493440161638,45.601595943264755],[3.217514315043516,45.601685050518512],[3.217541653567683,45.60178675200342],[3.217576703263081,45.60189204049238],[3.217671127256888,45.602089963641511],[3.217713828383415,45.60218353103253],[3.217753974605146,45.602279804797298],[3.217792834594788,45.602375180558148],[3.217830468505342,45.602484966377901],[3.217862960593368,45.602592060701646],[3.217924337367768,45.602867489028],[3.218016563389734,45.603158165725631],[3.218064588645841,45.603300348659154],[3.218153856990336,45.603491077583691],[3.21822371990983,45.603640421953777],[3.218280534675041,45.603733961768825],[3.218332260730543,45.603838317207199],[3.21850667608046,45.604149545061915],[3.218559664521031,45.604248495062215],[3.218612653150801,45.604347445038485],[3.218681153787812,45.604476080719955],[3.21881434645789,45.604743264666915],[3.218907173188904,45.60485924616053],[3.218999907798509,45.604951815244675],[3.219101580265841,45.605033561070634],[3.219231426892355,45.605102645165466],[3.219343206362125,45.605144749899395],[3.219498608108029,45.605187669898832],[3.219682183909512,45.605217927930887],[3.219895245167338,45.605242725144947],[3.220095459735567,45.605263044683717],[3.220287962731898,45.605279777041744],[3.220490736214947,45.605298289904056],[3.220699870553698,45.605303282701385],[3.220875617207348,45.605300236335331],[3.22110911592823,45.605302479088301],[3.221381087307327,45.60530104372787],[3.221701783686838,45.605293208326387],[3.221919855154012,45.605287375465601],[3.222110978451461,45.605279794428021],[3.222318811905878,45.605280284377024],[3.22256770178876,45.605281593203678],[3.222752453905827,45.605284829458441],[3.223023214724569,45.605301402154311],[3.223255506808336,45.605322552955791],[3.223410846746504,45.605349259014389],[3.22356237808156,45.605385877724167],[3.223716544483783,45.605439600138936],[3.223864351216295,45.605506842221757],[3.22403790744646,45.605596544873009],[3.224189654775494,45.605686290722097],[3.224293858337777,45.605757221056294],[3.224414823894347,45.605848828935031],[3.224511396218785,45.605935982961277],[3.224649441944396,45.606126609478927],[3.224759282546687,45.606321794594677],[3.224987204680512,45.606845419327378],[3.225170147437378,45.607349323070785],[3.225384334978339,45.607963923217469],[3.225573175609366,45.608654214303186],[3.22563071180087,45.608920641561184],[3.225631353363915,45.609078224605518],[3.225615235390354,45.609216030660711],[3.225574960353867,45.609407914068647],[3.225445812784884,45.60983049896732],[3.225245987610351,45.6102262107947],[3.225101961579163,45.610461524851672],[3.224998588991955,45.610597704412164],[3.224908064432929,45.610738360605595],[3.224802212459106,45.610896156512474],[3.224661776376674,45.61106842909787],[3.224530167458112,45.611202863647264],[3.224422735105723,45.611287723307598],[3.224276818476274,45.61137446055087],[3.224068101445437,45.611478431851381],[3.223864497628109,45.611577890180065],[3.223686470448901,45.611656586205115],[3.223537840306434,45.611707308601176],[3.223358391282197,45.611751788612921],[3.223119954249371,45.611804489671684],[3.222932802638777,45.611848083796509],[3.222734143065128,45.61190160569484],[3.222548306423227,45.6119533009145],[3.22239321579969,45.611993228790453],[3.222067615541473,45.612067711442123],[3.22155087459303,45.612151574517796],[3.221003453523428,45.612264310911286],[3.220772731949597,45.612322394726192],[3.220563832744275,45.612383136735652],[3.220356162438347,45.612430368719529],[3.220142019209665,45.612463205272491],[3.220095860997222,45.612471399915137],[3.22027869552386,45.612954600963256],[3.220419793863377,45.613266791914043],[3.221153818723502,45.614254981422654],[3.221260256022653,45.614560936121492],[3.221421472967588,45.614767729893963],[3.221527678742531,45.615015153466615],[3.221658553959485,45.615013995235508],[3.221866474392476,45.615027092673436],[3.221980690636647,45.615031369809309],[3.222088440743095,45.615023052840215],[3.222255239877875,45.61502092251947],[3.222345058682297,45.615020745063759],[3.222500342209209,45.615026741475987],[3.222606845276256,45.615027431299488],[3.222791568342642,45.615015359415317],[3.222890300198878,45.614998054711215],[3.222951821373684,45.614980823659529],[3.223036369887939,45.614946437766228],[3.223186172617784,45.614865997792066],[3.22332695315156,45.614775670220645],[3.223440896675138,45.614712410240287],[3.22350367505662,45.614688873013485],[3.223580582209653,45.614668909606472],[3.223678040989203,45.614654308186687],[3.223801180238629,45.61464415801693],[3.224281109717511,45.614654008172096],[3.224626293788886,45.614659622954406],[3.224782804878093,45.614652106528773],[3.22488408342717,45.614630292573636],[3.224987865976817,45.614593165320052],[3.225049294625106,45.614553421245994],[3.225138750476965,45.614464094531037],[3.225289385334685,45.614273791240208],[3.225518119926744,45.614041909050378],[3.225666497829557,45.613928150778648],[3.225767682992161,45.613883824155472],[3.226003556585003,45.613830222154611],[3.226243319451633,45.61378651714378],[3.226829963430819,45.614164439068951],[3.227331711906367,45.614489401060489],[3.227755705516159,45.614626317420274],[3.227789133169528,45.614642458434979],[3.22792654518235,45.614670995598516],[3.228089641936506,45.614704883424935],[3.22816931761831,45.614734437801978],[3.22825416666321,45.61477388693546],[3.228387885752877,45.614840251293288],[3.228683360393658,45.614926097465805],[3.228696258519494,45.614942279935612],[3.228696310547384,45.614954886585053],[3.228686149606931,45.61498012074771],[3.22872340110242,45.614989950336856],[3.228863473683857,45.615040993014588],[3.229018865896589,45.615073094204647],[3.229250003784573,45.615114946184356],[3.229506826970282,45.615162148196752],[3.229549211249469,45.615171967043501],[3.229600625950686,45.615193473720659],[3.229654648002235,45.615224880360969],[3.229720289218805,45.615273372422898],[3.229739595920043,45.615287740725016],[3.22976405382733,45.615306600917975],[3.229862173237403,45.615451378209087],[3.229990392115258,45.615737469668581],[3.230147095901891,45.616084735553571],[3.230306177099306,45.616386071752444],[3.230461084713582,45.616609074290366],[3.230693410984125,45.616934572955643],[3.231242320475999,45.617787103925771],[3.231337889274019,45.617933686188806],[3.231495398096688,45.618162985385581],[3.231530296536312,45.618223245936626],[3.231576792782962,45.61829518888694],[3.231722811249134,45.61853801866819],[3.231735771357993,45.618568608397915],[3.231741002103952,45.618592010181565],[3.231734683977157,45.618615435749668],[3.231845160480441,45.618644023631305],[3.232017381992178,45.618708503425417],[3.232153647553987,45.618766753764461],[3.232310607153488,45.618863681985466],[3.23271459274036,45.61880881823906],[3.233135175928816,45.618734108028306],[3.233403397422948,45.618740755853281],[3.233608942823388,45.61879525877638],[3.233842688932613,45.618842498859152],[3.234036138529557,45.61876735658425],[3.234266899682019,45.618715548861168],[3.234489911606777,45.618652050533775],[3.234687441930595,45.618631828098245],[3.234979948619898,45.618615909435057],[3.235357433729911,45.618667348529755],[3.235683954967852,45.618804439008564],[3.235996113159961,45.618883027267756],[3.236359912020458,45.619034445336034],[3.236363130900565,45.619789043460258],[3.236430558445499,45.619952789749682],[3.236622787832408,45.620192814711288],[3.23676234020603,45.620417641984886],[3.237173658329041,45.620275399931465],[3.237431587065775,45.620273955516417],[3.237435683760274,45.62033157780165],[3.23746040121198,45.620409867689546],[3.23748881024738,45.620451229967024],[3.237522321451589,45.620485377601774],[3.23755837217717,45.620513216482536],[3.237615020632278,45.62055632007543],[3.237694841146771,45.620616483878592],[3.237784997441357,45.62069283448524],[3.237886869547061,45.620807881036988],[3.238055870169652,45.621015535292202],[3.238257213204621,45.621283453213088],[3.23831007514485,45.621340972213346],[3.238359037018001,45.621386793166309],[3.238639767739925,45.621613119995068],[3.238763443556596,45.621724517596242],[3.238848493288973,45.621806281101286],[3.238918190458548,45.621898882941444],[3.238935005180875,45.621929463677787],[3.238972515610452,45.621997820769359],[3.239006172383851,45.622065285550498],[3.23902939976468,45.622094952169853],[3.239077087380041,45.622142576489971],[3.239127310569091,45.622182991534338],[3.23920578957579,45.622228749398168],[3.239433333039565,45.622321015283916],[3.239546426423536,45.622358594905734],[3.23959268344731,45.622372003681448],[3.239667188574813,45.622388954213662],[3.239789206875282,45.622413007330962],[3.239945835296087,45.622427981688666],[3.240132142868514,45.622184453725552],[3.240599917637101,45.622334735796372],[3.24089664664051,45.621810019557678],[3.241198934291717,45.621384343819834],[3.241281212721796,45.621418385804716],[3.241637327303961,45.621566201455565],[3.241956209009737,45.621709593630122],[3.242118217044335,45.621781283857111],[3.242179909011673,45.621802762710352],[3.242248001690806,45.621820625816795],[3.242310917965006,45.621828594709321],[3.242556080103035,45.621840673306501],[3.243110541206422,45.621858386971297],[3.243627799320773,45.621878879906184],[3.244173301970991,45.621902010632681],[3.2444633797919,45.621913987607449],[3.244616102554345,45.621916357177192],[3.244585705201633,45.622007372099766],[3.244565593931253,45.622102867078617],[3.244538398851453,45.622337952419564],[3.244512526578839,45.622582039721522],[3.244487830100537,45.622801811407477],[3.24551671738956,45.62272663215861],[3.24535405630361,45.624247904093203],[3.245306190475042,45.624451517800821],[3.244957069398181,45.624440571985581],[3.244841556604145,45.624438121912036],[3.244758147278532,45.624440104320826],[3.244665758523183,45.624443006674355],[3.244539971045242,45.62443877766141],[3.244340993339024,45.624425702606018],[3.244306355002621,45.624428479260139],[3.244252482401827,45.62443489958757],[3.244131923571229,45.624452270382541],[3.243953645923787,45.624476970055987],[3.243871591195699,45.624495157580292],[3.243821608140065,45.624510574110793],[3.243569204924982,45.624605671491565],[3.24326431400857,45.624730597744623],[3.243137448120473,45.624773194653834],[3.242952870700359,45.624824920865365],[3.242693917625116,45.624890314452799],[3.242554170083011,45.624922132676815],[3.242369501021091,45.624953146999317],[3.242184800263014,45.624976957215949],[3.242018019128065,45.624989922787329],[3.241783176819659,45.624993129038053],[3.241475206746375,45.625001894638743],[3.241301981135875,45.625008569589831],[3.241078755522817,45.625027057685699],[3.240610541520654,45.625076685853351],[3.240253928146628,45.625114367582981],[3.240147440600194,45.625121798741674],[3.239960058505333,45.62511949699666],[3.239673807160429,45.625105699259315],[3.239346395134262,45.625070376733404],[3.239097276068569,45.625036687908462],[3.239125929659414,45.625133879270351],[3.239228668108216,45.625447029265025],[3.2392988877716,45.62565939414462],[3.239371853689776,45.625913175399759],[3.239438084248239,45.626093131271034],[3.239456238399304,45.626136315868749],[3.239484628506808,45.62617227481131],[3.239569674449974,45.626251336378751],[3.239766776681945,45.626422909039647],[3.239999986772464,45.626634025655086],[3.240309126176395,45.626892705336104],[3.240428943481265,45.626998706529669],[3.240477916015417,45.627045427060615],[3.240502441403269,45.627077792074125],[3.240528293228114,45.627120059570998],[3.240560679420941,45.627189327613735],[3.240631982521251,45.627353963744866],[3.240660561771344,45.627433145224543],[3.240674921839646,45.627488944523101],[3.240686711194948,45.627543848834023],[3.240692185207216,45.627622179234777],[3.240696857015137,45.627811270885083],[3.240700515375758,45.628062498104576],[3.240664638096351,45.628076082091674],[3.240632611082105,45.628089657834984],[3.240596718126117,45.628099639897762],[3.240487763569665,45.628131389711356],[3.23995963843141,45.628281997344125],[3.239453340502834,45.628435257508208],[3.239126523040333,45.62854220949994],[3.238897172027006,45.628631844495047],[3.238842123852722,45.628664378757009],[3.238778118689053,45.628703235384009],[3.238687265885968,45.628766461985677],[3.238497948140037,45.628913642232966],[3.237853654143803,45.629512026652947],[3.237518904681886,45.629866623848855],[3.237467820675884,45.629926163594355],[3.237451355558731,45.629977525926421],[3.237450218751074,45.630011746720157],[3.237393769123035,45.630017268707249],[3.237343775424869,45.630031781892548],[3.237223460593565,45.630109477184455],[3.23712738501046,45.630152902884795],[3.236811659877959,45.630456130302122],[3.236639112853946,45.630625784237182],[3.236109257682044,45.630980787295485],[3.235546610435486,45.631473630562667],[3.23500442070141,45.631950219590394],[3.234631040968674,45.632283277239097],[3.234280364121433,45.632826099215102],[3.23409701875548,45.633177669548488],[3.233674846784584,45.6338142887003],[3.233554461644461,45.633878472950919],[3.233523762443849,45.633903750208141],[3.233446927039872,45.633946232357488],[3.233217624075237,45.634054765827322],[3.232993488573556,45.63417139249102],[3.232885956499844,45.634240051839889],[3.232811797032928,45.63430864206245],[3.23273514211654,45.634394346597617],[3.232579328688299,45.634581068918244],[3.232409402355774,45.634769621134332],[3.232197188207218,45.634975369541486],[3.231833960826039,45.635289486810883],[3.231611375860593,45.635471842882033],[3.231392681616037,45.635664095842493],[3.231193146016589,45.635833796919627],[3.230942583845582,45.63608014351906],[3.230763451946761,45.636218285017023],[3.230570109382592,45.636334843715126],[3.230311286315945,45.636447934143206],[3.229728116017016,45.636660739694726],[3.229572942732807,45.636696175176191],[3.229476752737128,45.636716181975665],[3.227982824622604,45.636771445818077],[3.22786656083428,45.636592484862952],[3.227848501186621,45.636570909798067],[3.227825244095551,45.636534037017128],[3.227808423666896,45.636501653626233],[3.227794059410969,45.636442250733467],[3.227763052551797,45.636393687327988],[3.227698567998611,45.636319978081879],[3.22747059091629,45.636131337333545],[3.22712045458711,45.635889814118535],[3.226991794802697,45.63581713443218],[3.226876052549756,45.635764239216236],[3.226756522367687,45.635726659744471],[3.226612589130325,45.635685527342446],[3.226416046774223,45.635649003015693],[3.226225952110229,45.635619669261018],[3.22609875782427,45.635591109337895],[3.225818536111678,45.635494419589214],[3.225494515436957,45.635359096081949],[3.225158947662935,45.635224695230178],[3.225006053713181,45.635188981609858],[3.224733793210803,45.635155307142881],[3.223903076188082,45.6350993317198],[3.223217489917633,45.635063773579873],[3.222973528074603,45.635044446479178],[3.222801403931041,45.635014170865624],[3.222593321414625,45.634979463686427],[3.222445665393234,45.634968949786831],[3.222271097446369,45.634969294648869],[3.222123517339531,45.634977690340669],[3.221827080615113,45.634996284627206],[3.221775729864839,45.634994584849402],[3.221750011234409,45.634982929229217],[3.221585124814718,45.634836475066876],[3.22156060704516,45.6348041059087],[3.221556626637176,45.634771696321444],[3.221131774934864,45.634776133734071],[3.22105863583341,45.634782580788908],[3.221064942351071,45.634754653400847],[3.221098132208522,45.634708663529253],[3.221131239334461,45.634641962680121],[3.221129722105128,45.634583434205709],[3.221118040495815,45.634551039733772],[3.221093505155507,45.634514168090412],[3.221016300098021,45.63446659407014],[3.22074630053601,45.634354563433384],[3.220356718615298,45.634189637780985],[3.220423267178802,45.634139980862408],[3.220459121094929,45.634118299029254],[3.220539896267874,45.634095628691419],[3.220787506392327,45.634065427285954],[3.220883669788902,45.634039124579118],[3.220765691762951,45.633744897822226],[3.220542180319812,45.633702112773939],[3.220367297542334,45.633622312247624],[3.220237078348322,45.633476688747855],[3.220096616483055,45.63333738851707],[3.21995303047121,45.6330576187517],[3.219651519023293,45.63244137621313],[3.219521350874773,45.632307458098396],[3.219390548577327,45.632013254979846],[3.219447764123837,45.631552095813696],[3.219588231198737,45.631046650543936],[3.218967089200905,45.630091547201424],[3.218229279660934,45.630466680877824],[3.218125526664342,45.630520010532038],[3.218050024341294,45.630576887295341],[3.217932375772344,45.630686974152098],[3.217723344040571,45.630732402890203],[3.216819269554583,45.630934955993602],[3.215873071585895,45.631198815504391],[3.215520234982554,45.631231909107164],[3.215344503778249,45.631260160463938],[3.215180351902099,45.631295593276192],[3.215035490822737,45.63134089431184],[3.21489322795394,45.631394294551221],[3.214740710720286,45.631451316109754],[3.214629213097819,45.631494751993721],[3.214481818892895,45.631549061980948],[3.214292113844033,45.631615158626389],[3.214092164606313,45.631687577822724],[3.213866537615735,45.631758244491728],[3.213658882739161,45.631829777075588],[3.213610178594051,45.631847879191056],[3.213560194372152,45.631866884197812],[3.213433379512244,45.63193286004477],[3.2133450525936,45.631994260382477],[3.213277230609963,45.632047517445955],[3.213229948310634,45.632101636041185],[3.213182714432583,45.632168361293594],[3.213149578426373,45.632229656927869],[3.213121621487249,45.632302649031253],[3.21309241212055,45.632383747850646],[3.213063261545094,45.632480154771081],[3.213022662953332,45.632603597857553],[3.212985866320212,45.632714426966736],[3.212945125465168,45.63280095047201],[3.212896745534507,45.632903697116248],[3.212833018264936,45.633020880499068],[3.212775653115688,45.633123644082815],[3.212685167886851,45.633292205526878],[3.212672453388963,45.633323746476322],[3.211895709194076,45.633273883908153],[3.211201031068819,45.633202250415515],[3.210676128663557,45.633221243814582],[3.21067502661765,45.633268971502268],[3.210671511572821,45.633357225463982],[3.210657700697918,45.633438294828558],[3.210638721323559,45.633510369029516],[3.210591626898925,45.633614913241622],[3.210543152908452,45.633694246476693],[3.210490749400236,45.633752875918837],[3.210422946462964,45.633812434610761],[3.210270592289967,45.633915374458404],[3.20987509423767,45.633873789891808],[3.208890166733133,45.633760360239286],[3.205475986740049,45.63344517227479],[3.20541941557916,45.633765847611755],[3.205391768196589,45.633925283624677],[3.205319646342541,45.63420636602963],[3.205209516803242,45.634622590210036],[3.205157560327217,45.634803682095622],[3.205120696481285,45.634901001494356],[3.205005130326115,45.634889505754785],[3.20432329331196,45.634822308810357],[3.203509199207121,45.634741839694534],[3.202684799277733,45.634650577453613],[3.202558756902733,45.633879990622241],[3.201308081721572,45.633748962922361],[3.200731400862156,45.633650039221472],[3.200705677497107,45.633635677362399],[3.200645320922161,45.633627680624372],[3.200590105116051,45.633621475658877],[3.200515613144818,45.633609001625949],[3.200391000593334,45.633579507608346],[3.200258664052148,45.63354372381356],[3.200177689403691,45.633513251427324],[3.200101829545539,45.633477366990824],[3.200029794433619,45.633434271840727],[3.199965434743397,45.633383959143394],[3.199825092305381,45.633263543645832],[3.199671843606845,45.633123340242982],[3.199592017176168,45.633055045109145],[3.199514751541845,45.63298494441387],[3.199406596837467,45.63289148583452],[3.199280453522539,45.632792656105202],[3.199083554364676,45.632648927256923],[3.199011456423448,45.632587821911009],[3.198962497797569,45.632536580931585],[3.198914754893075,45.6324664276381],[3.198859188100955,45.632362069792151],[3.198713154522246,45.632084978933307],[3.198588987362387,45.631820456076923],[3.198555115690235,45.631680940970234],[3.198517729252563,45.631635082286117],[3.19848301959168,45.631619835291197],[3.198441914974627,45.631610902941944],[3.198389274896865,45.631606493326515],[3.198326360293043,45.631600300825824],[3.198287806621419,45.631586861510378],[3.198254351561073,45.631563507887968],[3.198233712289933,45.631534728786228],[3.198160463604818,45.63115125203278],[3.198088615339147,45.630800190167065],[3.198017922721811,45.630413106919818],[3.197959152394997,45.630129558202185],[3.197926679416638,45.630021557372039],[3.197921365363838,45.629971139677998],[3.197877724062014,45.629970315932823],[3.197700530865657,45.629949916225478],[3.196947993329995,45.62983237189021],[3.196276365277863,45.62972818869796],[3.195654750369882,45.629611307811004],[3.194780191557489,45.629465145614105],[3.19463250490361,45.629440187598632],[3.193648766315164,45.629268091382933],[3.193162012725157,45.62917617813843],[3.193020757391592,45.629154808903479],[3.191826221857139,45.628890308403683],[3.193050807580888,45.62709715473283],[3.192568822697636,45.626894471455365],[3.192489145398755,45.626863991360537],[3.191829784604345,45.626583266205579],[3.191282200311775,45.62633566512352],[3.19111124242404,45.626258514086992],[3.190774536028528,45.62612581398384],[3.190451898912742,45.625978681352059],[3.189915840089827,45.625720248363592],[3.189757744408448,45.625650277433294],[3.189385024397851,45.625492420408833],[3.188806700969546,45.625256565337629],[3.18828619481482,45.625038620231592],[3.18752273345941,45.624701313712869],[3.186774687594933,45.624365777421083],[3.185769576004162,45.623909095762457],[3.185680863056612,45.623860616144952],[3.185623052778389,45.623842701876626],[3.185572975700965,45.623834680128496],[3.185566459518744,45.623804974968181],[3.185541684218731,45.623687953162133],[3.185464472798883,45.623241441390306],[3.18542977751613,45.622844386041017],[3.185394094708601,45.622535579546685],[3.185374601157851,45.622462672628927],[3.185360325199794,45.622414970606222],[3.185286629127731,45.622251204276047],[3.185188620185161,45.622108188996414],[3.184983542659448,45.621798760555691],[3.184755314388832,45.621473161094308],[3.184587846433917,45.621280732829518],[3.184501600324752,45.621200731395788],[3.184302181217817,45.621047075809642],[3.184053960323602,45.6208817934438],[3.183746615425826,45.620687791680616],[3.183625702631991,45.620601542813674],[3.183587115426109,45.620574591324754],[3.18355492067035,45.62054042554238],[3.183540730292734,45.620517936647467],[3.183527763528879,45.620477436122243],[3.183471312290188,45.620481130104039],[3.183458482733206,45.620482051502954],[3.183236488746427,45.620485114654251],[3.183078663386839,45.620489873949147],[3.182738657482673,45.620507535763423],[3.182258927637337,45.620571347507031],[3.181921567310223,45.620613315569933],[3.181813815091359,45.620626096461422],[3.181372619235812,45.620701548418154],[3.18111092563528,45.620729884840181],[3.180878687964163,45.620740163677524],[3.18056174329665,45.620746976060808],[3.179767373133421,45.620738342596852],[3.179269447875653,45.620732833574543],[3.178847258292683,45.620734405856275],[3.178586756534497,45.620734819583916],[3.17818642866913,45.620750762393222],[3.177335762531935,45.620794428821377],[3.177057297698908,45.620795767796317],[3.17693537924194,45.620793258117644],[3.176845545201561,45.620791598370317],[3.17664401863524,45.620774805753086],[3.176374413457278,45.620737408426464],[3.176064981827202,45.620685665071711],[3.175926335547867,45.620668772768433],[3.175863430160306,45.62066076676377],[3.17529731667643,45.620599516863905],[3.175248527282133,45.62059148852493],[3.174467160669249,45.621858779648754],[3.174026819674939,45.622621268882838],[3.173582495288447,45.623345041864013],[3.173033819924056,45.624355326799012],[3.172787535854062,45.624805045591017],[3.172586946817996,45.625093507552819],[3.170885256952857,45.625527435147397],[3.170769922852279,45.625582539606008],[3.170748177674633,45.625605985126484],[3.170721276786534,45.625622234610105],[3.17071103199594,45.625629454005093],[3.170682808874143,45.625633098740657],[3.170594253320123,45.625632332533129],[3.170535176557697,45.625618914844523],[3.170496653189538,45.625611769360425],[3.170420917554321,45.625606481184782],[3.170364460216528,45.625610168593099],[3.170308052695455,45.625630064569087],[3.170269604068326,45.625647231901318],[3.170214546245797,45.625688737350238],[3.169792699474104,45.625814541565965],[3.169120635508122,45.62595512820517],[3.168058697870266,45.626188142851589],[3.167303367783692,45.626382871846786],[3.166440191984104,45.62656604905456],[3.1655446106792,45.626643910947841],[3.164651489286191,45.626686643325904],[3.163970119399172,45.626726358849133],[3.163354130256021,45.62674166235864],[3.163098884840819,45.626793360016443],[3.16284568991928,45.627106193814704],[3.162583209623477,45.627317286030035],[3.161528087450227,45.628145447575477],[3.161078657865327,45.628508985868137],[3.160547666179399,45.629074346670855],[3.160043499397264,45.629599145157457],[3.159631629694749,45.63008779125105],[3.157764522761584,45.632467696243211],[3.157600860815048,45.632689444106944],[3.157517894317408,45.632852547498103],[3.157226442972982,45.633274380608292],[3.157014157042164,45.633551124948262],[3.156705963412076,45.633955870921035],[3.156046029802066,45.634804141474063],[3.155406646522547,45.635664086092532],[3.155200762929864,45.635941718689622],[3.154855380633822,45.636369022973504],[3.154383199464909,45.636899155171569],[3.153976086854605,45.636827674227568],[3.153821347323377,45.637036797686768],[3.153351690444778,45.637557016813027],[3.153164551364405,45.637656324666779],[3.153073556345808,45.637708676422939],[3.152990265573629,45.637761918116901],[3.152930115263578,45.637827735065407],[3.152869235336593,45.638094360538553],[3.15274297212314,45.638391691125818],[3.152674329051411,45.638636715461033],[3.1526337154444,45.638805160749847],[3.152562171661103,45.638929524311834],[3.151124684497182,45.638547857898828],[3.150990397065012,45.638730836028664],[3.150827953561268,45.638945368613982],[3.150738406987912,45.639059849827056],[3.15065392377053,45.639148210203373],[3.15058863931931,45.639215833739108],[3.150547688538288,45.639262713600104],[3.150514491220259,45.639328493209909],[3.15045323846413,45.639462746975852],[3.150360056740646,45.639657375686213],[3.150282217728444,45.639829471778526],[3.150258000803296,45.639893438360637],[3.150227152813575,45.639879071813986],[3.150120529692108,45.639851299102176],[3.149844253238634,45.639748111727904],[3.149552541819906,45.639633237913905],[3.149348227345679,45.639556968169593],[3.149095111202072,45.639472658362976],[3.14182032068083,45.641953882843602],[3.140471148757082,45.642482356704605],[3.13957811511888,45.642159293843498],[3.138298352598463,45.641704328791143],[3.136888871368677,45.641216189206602],[3.136062714757725,45.640926335042295],[3.134188464645161,45.640396399878504],[3.133191611768731,45.640111230458658],[3.13295396758058,45.640045776197489],[3.13292693622185,45.640015191729361],[3.132804603966935,45.639856851271205],[3.132642290083949,45.639620215861854],[3.132510844394289,45.639407856907219],[3.132447697923285,45.63930527627106],[3.132381975699177,45.639199096701795],[3.132179671513901,45.638878762840427],[3.132016012959639,45.638614213192803],[3.13193217511313,45.638446821840382],[3.131854760399651,45.638281223868759],[3.131799262713114,45.638155221391841],[3.131724431116562,45.637995923684748],[3.131612189877647,45.637759228233612],[3.131532263234158,45.637616145036866],[3.131506483292515,45.63757115106413],[3.131426574285694,45.637435271629769],[3.13133897020527,45.637302102565343],[3.131283613395713,45.6372346310037],[3.131216689010394,45.637160869527783],[3.131163925358662,45.637104200667586],[3.131099596273749,45.637042142362851],[3.130949125233729,45.636921652950285],[3.130747222359295,45.636764303337905],[3.130545329120605,45.636610555282914],[3.130538900364187,45.636606060329711],[3.130388478359949,45.636505380717402],[3.130293331122463,45.636437954761611],[3.130214896625719,45.636381315174368],[3.130149294283942,45.636322859732779],[3.130105547481287,45.63627878670124],[3.130066914086515,45.636225702926843],[3.130032112598718,45.636164510377178],[3.129976635969161,45.63604481038071],[3.129865727762286,45.635824320374404],[3.129765104051748,45.635610121779877],[3.12966573310308,45.635382414432165],[3.129633461855588,45.635305010180204],[3.129612810495763,45.635256407952774],[3.129562499548014,45.635149308558702],[3.129495485246721,45.635035024508433],[3.129440076136253,45.634943239115259],[3.129335794134577,45.634810087710157],[3.129252083602534,45.634691320295403],[3.129164543679847,45.634581562030569],[3.129186322577793,45.634563527404048],[3.12927599888369,45.634488684470192],[3.129365637094862,45.634397632840333],[3.129397652923971,45.634366079183081],[3.129328249354088,45.634327438242046],[3.129280679272826,45.634294175072277],[3.129222813342662,45.634249217443063],[3.129125051778451,45.634159281481914],[3.129037584265433,45.634080139414621],[3.128957818415077,45.634000988456435],[3.128889621656516,45.633929028047412],[3.128834273295228,45.63386245578095],[3.128781490101662,45.633794980071372],[3.12873511020052,45.633721193643318],[3.128696438062567,45.633650099828436],[3.12866159996945,45.633571797766166],[3.128639660277473,45.633520495397747],[3.128604899694936,45.633475511045731],[3.128566332389615,45.633449441142943],[3.128490481442687,45.633397299832609],[3.128390234771929,45.633341584376467],[3.12832595696899,45.633298434568808],[3.128279667754522,45.633263368557479],[3.128234645473706,45.633221097232116],[3.128190869303525,45.633162615803386],[3.128145745103744,45.633076220967688],[3.128095461876655,45.632979026208922],[3.128040044654482,45.632881837269302],[3.127998800670127,45.632808044703253],[3.12793693697924,45.632698256305822],[3.127841614316316,45.632550685665684],[3.127747554927711,45.632394108699629],[3.127647059756948,45.632229434624541],[3.127600672306839,45.632151145344501],[3.127555599613002,45.632086361776466],[3.127497660708084,45.632008085546055],[3.127411465868934,45.631921736944655],[3.127327821778285,45.631828181541891],[3.127273754703338,45.63175890563182],[3.127224809416679,45.631684221018972],[3.127192572678836,45.631619422799012],[3.127169291662059,45.631542007713307],[3.127135664100818,45.631430386021762],[3.12708012823864,45.631280068364831],[3.127050430001593,45.631202660502794],[3.127027229884888,45.631160364069515],[3.127011784493533,45.63114147139386],[3.126953729721181,45.631011867590864],[3.127015079629296,45.63089923821493],[3.127079006604708,45.630791108302972],[3.127109686505619,45.630737044783302],[3.127133936487879,45.630677585631425],[3.127154338013534,45.63061903130378],[3.127163221165429,45.630574897687069],[3.12716696001431,45.630526267476284],[3.12715401145618,45.63047675563859],[3.127126779265291,45.630355221437213],[3.127062177526408,45.630168894779494],[3.127033713832127,45.630069873979416],[3.127010497686859,45.630020373716256],[3.126983457988967,45.629982584017981],[3.126951317444497,45.629959207765957],[3.126899920681973,45.629934052256075],[3.126860071108399,45.629907082745383],[3.126852345521783,45.629896285679159],[3.126762535326553,45.6299107945676],[3.126711204601668,45.629914454294763],[3.126657286334311,45.629909112098794],[3.126526297944261,45.629876842111422],[3.126409429959607,45.629845456594282],[3.126225751813176,45.629783529547034],[3.125953481910485,45.62970729368255],[3.125780123586731,45.629667866388516],[3.125683785821046,45.629633755729934],[3.125618269755997,45.629607714921917],[3.125512960171098,45.62957901701774],[3.125335752165713,45.629539593333661],[3.125146958650435,45.629484874075402],[3.124906804655651,45.629420306222158],[3.124710317282702,45.629368296214835],[3.124572903877296,45.629331528672175],[3.12450996573103,45.62930998677264],[3.12441232973267,45.62926867261605],[3.124253023253318,45.629198611083559],[3.123972945361442,45.629071952119233],[3.123902302990218,45.629048617405132],[3.123843221825996,45.629029772330824],[3.123794436498579,45.629023522635649],[3.123739262072458,45.62902988667868],[3.123691794388508,45.629038943668021],[3.123628943324141,45.629056121866107],[3.12352505580063,45.629088653254186],[3.123057820128464,45.629063051152663],[3.12218767614715,45.628499397628111],[3.120578620130393,45.627496196372725],[3.118918443139287,45.626565965238392],[3.118418501196441,45.626238717418858],[3.117801710416289,45.625880072944774],[3.116280480758676,45.625068521038081],[3.115504188617907,45.624521828303315],[3.114125370186351,45.623656972836287],[3.112583367477144,45.622670699122153],[3.111679999471566,45.622074580850317],[3.11083195979368,45.621542334992952],[3.110460524414098,45.621258148475171],[3.110237953662965,45.620974715487527],[3.109966063582435,45.621056925205764],[3.108250236564134,45.621666412961709],[3.107466677753868,45.621939108998241],[3.105959692063137,45.622400683440659],[3.105173591133002,45.62269767886778],[3.104731083227893,45.622821457356082],[3.104500263986948,45.62291532187789],[3.104170730309021,45.623063306161562],[3.103788668174584,45.623259063391465],[3.103459157454888,45.623421453255155],[3.10326553324462,45.623506276241294],[3.102939809282841,45.623636243821387],[3.102303675327109,45.623852038700527],[3.101485358311953,45.624098610754515],[3.100070793800701,45.624631160889045],[3.093123006467722,45.627096336293341],[3.092112274020022,45.627454658810571],[3.091069376231852,45.627772476665015],[3.089273639949575,45.628431266161606],[3.086723611746677,45.62936075491946],[3.085465185415972,45.629783142456922],[3.084619979780517,45.63017819158366],[3.084198616110012,45.629927273532736],[3.083796534178946,45.62969344868781],[3.083543458386653,45.629539654667312],[3.083408575107943,45.6294605124288],[3.08330448178033,45.629372342438906],[3.083219709677193,45.629330082572039],[3.082505615554517,45.629001932968748],[3.082067750986794,45.628862678646414],[3.081532244565405,45.628654156412502],[3.080937644684269,45.628405152534803],[3.080394537796647,45.628259663991777],[3.079748497250551,45.627932348795191],[3.079579129860637,45.627963985492798],[3.07950690498932,45.627718205419882],[3.078998213145735,45.627398893147436],[3.078729505549341,45.6270659037583],[3.078536871627068,45.626979592252134],[3.078330141217875,45.626907697912827],[3.077944982734647,45.626810713468771],[3.077355955940399,45.626850741011303],[3.076979488095743,45.626541233972226],[3.076673957343947,45.626482010855973],[3.076530045372718,45.626357842552324],[3.076280777049357,45.62614729943634],[3.076027657999924,45.625934957414991],[3.075923575638755,45.625841377752216],[3.075798921379111,45.625719896969763],[3.075658880689675,45.625608331676929],[3.075612633702095,45.625575044996758],[3.075581803226869,45.625553454185621],[3.075548417079229,45.625539969402318],[3.075488070287387,45.625519298856503],[3.075448274675171,45.625511221223007],[3.075393078598046,45.625503153893753],[3.075129734359818,45.625316930640501],[3.074543800973938,45.624784236119787],[3.073654769039415,45.624070740905395],[3.073475279384185,45.624205029746257],[3.073279185154903,45.624399661270949],[3.073028797081074,45.624297169323967],[3.072611370031523,45.624038101220791],[3.072940698592422,45.623665990052871],[3.07239255644303,45.62354387874278],[3.072314199410405,45.623487198891553],[3.07176835090081,45.622161141604558],[3.071471002429166,45.621458056206549],[3.071814658708443,45.621255229492071],[3.07168105834603,45.62114725711686],[3.071351826354156,45.620592770912651],[3.071374466845248,45.620237067121785],[3.071323047549223,45.620167762798538],[3.07125367680653,45.620109275575459],[3.071209997763652,45.620071483084111],[3.071184298112396,45.620044484958235],[3.071171444826264,45.620028284456694],[3.071157296737705,45.62000307997711],[3.071145703590157,45.619968869085085],[3.071140528989841,45.619936455093395],[3.071113441024004,45.61982751419248],[3.071095431735972,45.619793307350527],[3.071076147315651,45.619765404667866],[3.071054304518674,45.619743806954098],[3.071036316074083,45.619725808721078],[3.071005488328807,45.619702415710634],[3.070869352152373,45.619614254540146],[3.070811553564495,45.619572868869973],[3.069719775985974,45.619777058983992],[3.069250058191054,45.619735926976723],[3.068920162580093,45.619653285401498],[3.068332176549316,45.619440230360361],[3.06797639298917,45.619173003454158],[3.06825699364772,45.618827049495138],[3.068171595520625,45.618253495897598],[3.068583005091455,45.617849831149037],[3.068251397075757,45.617408797916859],[3.067653699874471,45.616577116047118],[3.067595756368107,45.616412363177368],[3.067767168261041,45.615977328629349],[3.067738665915659,45.615754026963167],[3.067582402408572,45.614931983509251],[3.067494234974249,45.614181036919007],[3.067386401955029,45.613083417712168],[3.067495410484467,45.613039228905706],[3.067774958813928,45.612904889504591],[3.068049382320911,45.612777756340591],[3.068253301959753,45.612704694032495],[3.06837898903744,45.612660494251791],[3.068495704408689,45.612624404102817],[3.068686814484872,45.612569358384341],[3.068918983616062,45.612515187677012],[3.069188348988486,45.612451088355627],[3.069559053613361,45.612368916205973],[3.069766839364834,45.612312057384656],[3.069948958817035,45.612251612224021],[3.070081055424493,45.612204705120853],[3.070254166478982,45.612123554063686],[3.070374702384485,45.612066748566853],[3.070463164961807,45.612012664468956],[3.070525971907386,45.611963098780706],[3.070613112102056,45.611878399113955],[3.070780940770459,45.611681088795315],[3.070855240410886,45.611589193189729],[3.070896246200072,45.611548645811894],[3.070988541592192,45.611482852663187],[3.069781680571138,45.611870813549551],[3.069470029686904,45.611976362433097],[3.069141585457033,45.61199187289219],[3.068525718765456,45.611994050634358],[3.068265101121627,45.611867241551707],[3.067300970590094,45.61141127966183],[3.066417626773997,45.610904835070315],[3.065873244190815,45.610589087102781],[3.064716554717503,45.610006248242534],[3.06417609598265,45.609739115687603],[3.063588220978429,45.609515230326494],[3.062765472381302,45.609212231069641],[3.062144229699772,45.608969446743423],[3.061009576511976,45.608525231409708],[3.059482173952231,45.607914624499735],[3.058324436379895,45.607437977137401],[3.057734111063976,45.607278896971039],[3.055174423294491,45.607079374792008],[3.054769893751382,45.606673456772512],[3.054162405286157,45.605999292719247],[3.053693662548032,45.605507856356873],[3.05303176697575,45.605598218134588],[3.052642850356949,45.605393992268922],[3.052273173354761,45.605182552301336],[3.05161599921554,45.604830768827576],[3.050449461887443,45.604407172872008],[3.049496079784121,45.604185178324073],[3.048124466295539,45.603938142016553],[3.047155661944816,45.603663006052045],[3.046873622958073,45.603890044357328],[3.046677479899238,45.604052211940463],[3.046512107443354,45.604193655472926],[3.046413402599176,45.604285544990525],[3.046345472343131,45.604360312666834],[3.046266024497254,45.604469303202691],[3.046108443720678,45.604726904601698],[3.046043105978537,45.604834988721585],[3.045982907041713,45.604952075484249],[3.045877994922306,45.605297001400501],[3.045803817840379,45.605577080299902],[3.045697642777121,45.605949020925451],[3.045618338873294,45.606237206105469],[3.045591514436925,45.606379492523473],[3.045541728761244,45.606682073345468],[3.045512423808717,45.606928816223288],[3.045127607538497,45.607010914758092],[3.043441763165842,45.606942241552524],[3.043020895443122,45.606862260725464],[3.042537164878095,45.606782302111476],[3.042245866813156,45.60668966262741],[3.042072617575149,45.606620390735891],[3.041572115079594,45.606410765398017],[3.041102413284143,45.606210131371064],[3.040904790732703,45.606139966109708],[3.040763637845192,45.606097694874791],[3.040612239603559,45.606079740070079],[3.040505765492326,45.606091484671921],[3.040368514271785,45.606121249782603],[3.040235120178111,45.606162719561503],[3.039886214956719,45.606233081096136],[3.039589873555898,45.606253896768543],[3.03941924160536,45.606250354774261],[3.039170320546906,45.60620361685956],[3.037497750430135,45.606745374120301],[3.036624255726367,45.607028412006969],[3.036011132311329,45.607220411780673],[3.035268348876452,45.607290884385847],[3.034372946269495,45.607448745201907],[3.033641725622605,45.607554322182537],[3.032483246315711,45.607608691330661],[3.031536496757761,45.60773953004108],[3.03148026380216,45.608122249021775],[3.031441982592908,45.6084887543646],[3.031370281004809,45.608745410682474],[3.03096127023056,45.609213772693018],[3.029830138104626,45.610088442757863],[3.029199285839702,45.610832403416751],[3.028983958920908,45.611258385404334],[3.028719966458084,45.611865375612219],[3.028580250629086,45.612131952837395],[3.028209576719072,45.612390483732668],[3.027964616247506,45.612600356392967],[3.027632406303824,45.612813851899944],[3.027329681654279,45.612980514383331],[3.026966644379409,45.613135484303847],[3.02608409404822,45.613589533606763],[3.025771092761348,45.613749890938294],[3.025615882034264,45.613846277601027],[3.025684007140048,45.614106500414948],[3.025757292135315,45.614424352652392],[3.025830782806888,45.615181638452746],[3.025694778481226,45.615198778690591],[3.025560062190935,45.615226724217159],[3.025449726593433,45.615257365507013],[3.025312445819924,45.615289813711293],[3.02515591904534,45.61532496748913],[3.025044296634452,45.615348404838755],[3.024939081718577,45.615353831081322],[3.024812054634884,45.615361963473994],[3.024663213752052,45.615369200028027],[3.024489991994801,45.615373740257951],[3.02435655029114,45.615384574968822],[3.024229526201325,45.615399910533746],[3.024085823570409,45.615420652399685],[3.023886951999229,45.615455813468877],[3.023609815438391,45.615507199255163],[3.023386569620339,45.615556772213196],[3.023232611310887,45.615601828049229],[3.023097899179949,45.61564507876782],[3.022845157057854,45.615736078729995],[3.022627050316966,45.61580545967297],[3.022319129017295,45.615891066664304],[3.022070222835588,45.615954149281805],[3.021835430425083,45.616016328132076],[3.021655805775653,45.61605958583219],[3.021505687489756,45.616087529469247],[3.021379944155541,45.616102861572976],[3.021134867222692,45.616118216014335],[3.021046347911412,45.616166858465526],[3.020965598260348,45.616402799008362],[3.020915634103681,45.616612619891669],[3.021367349750633,45.616717891052105],[3.021849888109901,45.616886187944964],[3.022546780931481,45.617203919531875],[3.023315561152109,45.617571158286253],[3.023200163794574,45.617785496143405],[3.02306166120222,45.617983630001525],[3.02286152890444,45.618097131200152],[3.022639778877643,45.618694193660033],[3.022588800446306,45.619553260999972],[3.022514469366052,45.61979100240081],[3.0223709630232,45.620327716633987],[3.022269702155149,45.62061679055855],[3.021359869140411,45.620613365022109],[3.021212515868087,45.621192401074758],[3.021176641677587,45.621342787876969],[3.019444158014239,45.621173810461492],[3.019446555479818,45.620692053632297],[3.019206581711054,45.620681289096268],[3.018857528036392,45.620662438067704],[3.018539273767976,45.620646282324188],[3.017502378602166,45.6205825143509],[3.015140489135424,45.622747609240143],[3.015193108293216,45.622760208860242],[3.015367657444227,45.622828621595424],[3.015578142075553,45.622905133406434],[3.015771938807731,45.622962737096152],[3.015916968896604,45.623016745442946],[3.016041463324249,45.623060851258359],[3.016176227649315,45.623115761213953],[3.016307142282773,45.623170671566413],[3.016468862229126,45.623243586852233],[3.016568973405285,45.623284093733005],[3.015901869929599,45.624064905707215],[3.016085468372354,45.624343127794695],[3.017567944843942,45.625008360549266],[3.017710455321951,45.625187533658128],[3.016630317697655,45.626709509148718],[3.016241434094575,45.626665442434643],[3.016150299795034,45.6266213320419],[3.015775499192332,45.62645299549186],[3.015541896436747,45.62636478098117],[3.015349373681147,45.626315281019103],[3.01517482343349,45.626282887420707],[3.015007975686863,45.626257696362529],[3.014774392986602,45.626237016236516],[3.014598560406402,45.626206422872414],[3.014484328347263,45.626166816525185],[3.014313612720305,45.626070487038916],[3.014071018777385,45.625937246637299],[3.013838701592914,45.625838222679185],[3.013620511263714,45.625775215720594],[3.013361260703782,45.62574282953068],[3.013154633879282,45.625731147637211],[3.012921058710943,45.625730274217737],[3.012638720494441,45.625752818271856],[3.012373069003599,45.625788866979406],[3.011953422124469,45.625874457904487],[3.011737820017235,45.625903295948156],[3.011597932414006,45.625908713329594],[3.011500393810013,45.625901519501895],[3.011365633069773,45.625874518802],[3.011205200822434,45.625827709946876],[3.010958783985906,45.625789013586186],[3.010723922090777,45.625771927097681],[3.010542965018947,45.625769242756753],[3.010362012511836,45.625790871075552],[3.010236250228213,45.62583950848726],[3.010114340994783,45.625905254526323],[3.010015534671174,45.62598360509562],[3.009879512266401,45.626075466047411],[3.00979609896586,45.626114193966075],[3.009704979064964,45.626117803779593],[3.009615139883439,45.626106105255062],[3.009520161929695,45.626063790784002],[3.009425181210446,45.626004367119116],[3.00933533453381,45.625946743908017],[3.008965672613106,45.625654118071999],[3.008646075315055,45.625420918850779],[3.008406062534638,45.625274158854516],[3.008223813540835,45.625202133950303],[3.008044135934517,45.625158923915365],[3.007886278242773,45.625132821179427],[3.007743823716082,45.625125627235157],[3.007561587746999,45.625139146821653],[3.00743967276963,45.625174273652277],[3.007363959800598,45.625216601174131],[3.007286961926705,45.62524812297292],[3.007200976523869,45.625249929466982],[3.007123970753326,45.625221119020146],[3.007062363967752,45.625180601320359],[3.006969956507176,45.625140085498842],[3.006813384622339,45.625129289331781],[3.006626014091546,45.625135603877105],[3.006334693918041,45.625168037918556],[3.006089573512818,45.625190563439737],[3.005933002139036,45.625184268445814],[3.005785413141094,45.62516626653764],[3.005664773715651,45.625136556847707],[3.005506911480513,45.625052820079723],[3.005216850795122,45.624834017358182],[3.005175778960831,45.624787194316291],[3.005147539165952,45.624723261561428],[3.005153947148353,45.624628710913029],[3.005151366459769,45.624478330944328],[3.00513339263656,45.624403591962782],[3.005083336110025,45.624338759707662],[3.005001196234395,45.62427572982012],[3.004886973428855,45.624218104148028],[3.004768903701095,45.624193796265999],[3.004603353388447,45.62420550939364],[3.004391605839458,45.624257745669134],[3.00413494299933,45.624339699030607],[3.003978378455004,45.624391932488045],[3.003853894211087,45.624399140656358],[3.003693474563827,45.62438203692431],[3.003425250394141,45.624309106564873],[3.003113392668482,45.624226271507403],[3.002778434813828,45.624125426568568],[3.002410110022872,45.623993965049777],[3.002216322641885,45.623912925877292],[3.001991734883435,45.623806673495118],[3.001592612185936,45.623607673884322],[3.001438610327916,45.623519428969693],[3.001243541994463,45.623406871360842],[3.000988157542929,45.623251991426585],[3.00062369163634,45.623020570820593],[3.000476109740417,45.622957537981812],[3.000384994180266,45.62292602155059],[3.000261795931959,45.622902609439677],[3.000120631437279,45.622892704405913],[3.000008983194035,45.622904410702674],[2.999906318081279,45.622926922649583],[2.999775419809666,45.622988155065379],[2.999631687877294,45.623080003588775],[2.999508488662316,45.623162847226524],[2.999362189170443,45.623256496354884],[2.999277489264534,45.623308723651192],[2.999118356306183,45.623367253681714],[2.998960506945323,45.623393366238723],[2.998798807928119,45.623397867026235],[2.998631975873813,45.623390661286081],[2.998520327178372,45.623369948845827],[2.998431778724999,45.623337530386181],[2.998326547669511,45.623288902979915],[2.998266233125711,45.62323757473812],[2.998194369430269,45.623167336211189],[2.998136622080764,45.62310700314729],[2.99804037564181,45.623038565075362],[2.997938995611371,45.622985434977906],[2.99781579840657,45.622958418271359],[2.997706716621156,45.622959316580712],[2.997562983433482,45.623003437051757],[2.997340965491263,45.62309347996807],[2.997077880163287,45.623191625703257],[2.99684302766215,45.623278065386998],[2.996569673925039,45.623377110126746],[2.996350220117331,45.623458146375107],[2.996117933458914,45.623523873603126],[2.995926715302681,45.623555383625899],[2.995753465194698,45.623565282495832],[2.995582782616022,45.623563474966659],[2.995424934673435,45.623545459070513],[2.995272220605974,45.623522040291967],[2.995132340651553,45.623490517546841],[2.994953962626202,45.623441883798336],[2.994657522509815,45.623357225045808],[2.994481710720371,45.623321197383525],[2.994214782621706,45.623291468155585],[2.993937586659393,45.623276145413151],[2.993716854247413,45.623285138099916],[2.993471736090734,45.623315740448732],[2.993184264991514,45.623370652652035],[2.9929404238653,45.623445377415102],[2.992685028090051,45.623550717202143],[2.992452729826806,45.623666863715982],[2.99223454498945,45.623799219357423],[2.99201379230544,45.623932474874863],[2.991827693397084,45.624034215699595],[2.991667264030008,45.624113446133059],[2.991478602591187,45.62418006749067],[2.991266841207053,45.624242184344517],[2.991026848364461,45.624288089920952],[2.990807392254473,45.624312385156124],[2.990617456126119,45.624317772357969],[2.990510938548966,45.624316862947239],[2.990417255993945,45.624306949733885],[2.990272242965362,45.624278121946752],[2.99007846638013,45.624230379613842],[2.989870572532375,45.624187138075314],[2.989644711546081,45.624147496419155],[2.989431683265383,45.62411325839286],[2.988556526436719,45.623716061336609],[2.987800707007942,45.623428728983626],[2.987093585604294,45.623467370723795],[2.986564911003184,45.623236786104094],[2.985811671149837,45.622964748861442],[2.985138045123635,45.622538735146158],[2.984465690786953,45.622191059295346],[2.984197458110148,45.622273866050847],[2.982531716397684,45.622336653363782],[2.982095407988826,45.6222942622584],[2.981750226586293,45.622214964621897],[2.981685851282284,45.622851593108685],[2.981018350951631,45.623371059147566],[2.980557569941912,45.623563683094048],[2.980403462852405,45.623868018440383],[2.980018359517499,45.624152502256173],[2.980310918042714,45.624275019042265],[2.980824241451799,45.624317430221382],[2.980838311545054,45.624452504553872],[2.980573799206089,45.624858575501896],[2.979689563112416,45.624863822268232],[2.979953672093194,45.625590556698469],[2.978290293460873,45.625906316482833],[2.977783171968982,45.626368163613321],[2.977644474621429,45.626593256086792],[2.978619825069225,45.626678090706477],[2.978686510294938,45.626812274842202],[2.977752483437428,45.629283010891463],[2.976936846837988,45.630817264724094],[2.975513827446965,45.632864656127801],[2.975779353357751,45.633248318192521],[2.975961513162676,45.63348968597424],[2.976103918636312,45.633650902280891],[2.976221931772252,45.633824719984347],[2.976522088227849,45.634292132316673],[2.975688970757713,45.634464847694829],[2.974926530463093,45.63444937226577],[2.974542758418772,45.634408764501757],[2.973196269186444,45.634437267281314],[2.972223217614233,45.634631535132371],[2.971662173951684,45.634860117317373],[2.970506436377764,45.635810727836692],[2.969553522861085,45.636671333562155],[2.967551335805018,45.638385289453502],[2.966560284498004,45.638478649404099],[2.964703941366155,45.638714008601845],[2.964574823584172,45.639886394128602],[2.964540015346572,45.640117806766064],[2.964032684178257,45.640525563678914],[2.965053990804441,45.641375038947409],[2.965761279361761,45.641460801991975],[2.965843167383768,45.641901162102236],[2.965725732873405,45.642891655627004],[2.965911561228244,45.643410389203289],[2.966565026399611,45.643382670264565],[2.967132356409392,45.643558431165339],[2.968422207367415,45.644190037694472],[2.968557784770512,45.645081552101644],[2.96818894828748,45.645739700339441],[2.968086254382329,45.645716258759421],[2.968034906942635,45.64570543841549],[2.967550961949541,45.64559724220377],[2.967248020110033,45.645522414525928],[2.966806442106642,45.645418729838937],[2.966307094933243,45.645312324701727],[2.965987465426419,45.645239289599793],[2.965933547854546,45.645233870409101],[2.965299338870623,45.645228273821203],[2.964540582319367,45.645247847977288],[2.963861431009181,45.645254835863014],[2.962966592250311,45.645267151794378],[2.95759863663763,45.645600237066496],[2.955576572688915,45.645621068876657],[2.955202327125877,45.646422349072431],[2.954029059644099,45.649299815309249],[2.954071178240053,45.649602394360357],[2.953921970920225,45.649928307789118],[2.953720326959807,45.650006566997135],[2.953581606961257,45.650071344578294],[2.953481399670992,45.650142441280629],[2.953408157263216,45.650210847610929],[2.953291209570903,45.650339568051507],[2.953193538119203,45.650447585305912],[2.952592097664039,45.651091178179691],[2.952358149292368,45.651400845195568],[2.952151194578091,45.651672702969115],[2.952119065495603,45.651706907623186],[2.951994447556442,45.651789698895527],[2.95195976987169,45.651801390369691],[2.951932811703114,45.651795075490533],[2.951831473409833,45.651684272905435],[2.951798093845387,45.651679756210505],[2.951694079681036,45.651693218861261],[2.951568223619508,45.65172288069725],[2.951425649595838,45.651782251085031],[2.951331878520567,45.651828135169559],[2.95096178667968,45.652171958691767],[2.950828129236362,45.65230967414054],[2.950685507200462,45.652420371046965],[2.950523641493203,45.652512149197676],[2.950399054845243,45.652555317517667],[2.950229536050234,45.652589461027219],[2.949742792577131,45.652707207958471],[2.949607943495509,45.652738664556821],[2.949232213098092,45.652211713800156],[2.948984741033907,45.651844205301487],[2.948745021945022,45.65142717329288],[2.948391081462556,45.650958761020604],[2.947747246459352,45.650201158812088],[2.947607470168164,45.650017395561704],[2.947542054833698,45.649948028001837],[2.947479212663518,45.649873258713811],[2.947434327822956,45.649817407894503],[2.947357348965114,45.649757039646836],[2.947152026715073,45.649644383231816],[2.947085297486319,45.649607432136037],[2.946700377037675,45.649338006515791],[2.94665162342696,45.64930106367207],[2.946606700817079,45.649285734186662],[2.946473171802263,45.649286571263993],[2.945782439827812,45.649266430151698],[2.94523804091255,45.64928147486242],[2.945077560191969,45.649271491390614],[2.944946624996443,45.649246213951074],[2.944692419828385,45.649234383097451],[2.944477006909285,45.648948824348686],[2.944367987971093,45.648835309830403],[2.944324367485005,45.648802870924584],[2.944311551895082,45.648779452060779],[2.944320573686768,45.648745238216485],[2.944329597277681,45.648709223408972],[2.944314212075276,45.648687604238496],[2.94427442896915,45.648669574919488],[2.944164030853373,45.648651510587392],[2.943585082963602,45.648557571871322],[2.943070316570113,45.648478970839811],[2.943021553166842,45.648454633164626],[2.942985649247153,45.64841049138321],[2.942978005160537,45.6483528566812],[2.942992214295571,45.648269119076687],[2.942992248591809,45.648235801270459],[2.942976866824506,45.648211480474387],[2.942905008370091,45.648172723341865],[2.942537946971781,45.648043767710043],[2.942254326220409,45.647928360936369],[2.942028462861523,45.647830992837925],[2.94168965319469,45.647700248022524],[2.941508729649781,45.647601101185813],[2.941463841250674,45.647556053771602],[2.941392066657574,45.647439854294433],[2.941286923924035,45.647311931114018],[2.941195842161198,45.647242546489231],[2.940900711877016,45.64709111103177],[2.94048873845715,45.646951319359744],[2.940061377280059,45.646796209801586],[2.939959978170133,45.646771842766718],[2.939835438266364,45.646776278688307],[2.939188286644364,45.646851571441339],[2.938970023139564,45.646856856222826],[2.938782596318003,45.646840545793729],[2.938184385338621,45.646776284723238],[2.938077833506054,45.646768121832949],[2.937972541366309,45.646781571095367],[2.937741365460962,45.646852581540408],[2.937399733428509,45.646961350377119],[2.937240502877565,45.646988276175442],[2.936747442901022,45.647034825282773],[2.936212003907305,45.647090353044554],[2.936095136096143,45.647120903144931],[2.936012921333047,45.647161378123528],[2.935930789787543,45.647129814553978],[2.935839648269837,45.64711805638737],[2.935674065119553,45.647086445040578],[2.935516249350002,45.646999908516442],[2.935263421427679,45.646918720067745],[2.93486684873461,45.646796926305093],[2.934617873222082,45.646716639117393],[2.933317268362051,45.646757298428163],[2.933192342344653,45.647081397776986],[2.93281552736911,45.647608855838172],[2.932730411394574,45.647921272187766],[2.932561968162034,45.648129182710122],[2.932408335924011,45.648824262553255],[2.932666334677173,45.648880247024877],[2.931964876439484,45.650283676636732],[2.931594063678371,45.650082644470608],[2.930922982944603,45.650773804910919],[2.930271659837103,45.65105615478118],[2.928990148168841,45.651144501556089],[2.928914300469151,45.651217392742055],[2.92886413776762,45.651285797698073],[2.928834528912007,45.651346111286827],[2.92881390433317,45.651409131995159],[2.928808695509838,45.651465859073859],[2.928821468128263,45.651518095111172],[2.928877781503308,45.651659506388746],[2.928902074216897,45.651739664639869],[2.928916140215872,45.651784697627285],[2.928941752843087,45.651836941757992],[2.928972522246251,45.651872980457952],[2.929009732393113,45.651892814532403],[2.929021172838751,45.651982869958516],[2.929046805270489,45.652019805882198],[2.92917120349798,45.652136046403299],[2.929399493176851,45.652340599231877],[2.929652138213845,45.652578484660381],[2.930026612394646,45.652938010400938],[2.930180460723335,45.653122704759909],[2.930227894331001,45.653182165989669],[2.93025221802126,45.653239811921907],[2.930272680639586,45.65330465931595],[2.930333978154022,45.653571240001234],[2.930380953814287,45.65399539620195],[2.930397122209869,45.654412329499777],[2.930389190424731,45.654593321541981],[2.930359438771605,45.654767096234458],[2.930323213401221,45.654983189586446],[2.930317867544218,45.655149775514872],[2.930308570865549,45.65539470096742],[2.930299174360079,45.655718868814333],[2.930269455838203,45.655865629047923],[2.93020372956646,45.656054689636008],[2.930195955835184,45.656109614245835],[2.930204881987341,45.656159146313414],[2.930239493254393,45.656205992849038],[2.930312632820426,45.656248360813358],[2.930428036427557,45.658423097489205],[2.930245591554008,45.660539118951228],[2.930119457282746,45.660764161443957],[2.92995358857456,45.661943690907883],[2.930030243405471,45.6642912976586],[2.930240778958602,45.664358964498611],[2.930678544954208,45.66449610824192],[2.931116319840689,45.664627847390761],[2.93160031876552,45.664769518236042],[2.932145942750392,45.664930134292966],[2.932490001026256,45.665037498554511],[2.932815572429247,45.665563575381661],[2.933158224800522,45.666839763916883],[2.933326946466218,45.667512524903081],[2.933539713509633,45.667874644934543],[2.93382317286071,45.668195383901143],[2.934181155738319,45.668493653654266],[2.934368442071523,45.668689167831651],[2.934504416362506,45.668832423838019],[2.934716007365149,45.669113497491686],[2.934841649146042,45.669307174173774],[2.934991335752352,45.66980702895453],[2.935044992123681,45.670052891884886],[2.935110340614427,45.670186201101323],[2.935194975630619,45.670302412194502],[2.935278304479469,45.670437532626856],[2.935276952685717,45.670495162791042],[2.935190791378551,45.670585161590878],[2.934567187541336,45.671144001276581],[2.934046474703569,45.671578631108737],[2.933929363771057,45.671768564500844],[2.933787795783552,45.672001706611425],[2.933715723114984,45.672121428536059],[2.933409288662909,45.672731775670925],[2.932943329493604,45.673541934525176],[2.932642114185537,45.674072139705501],[2.932532682620602,45.674276484021014],[2.932573655125302,45.674384566605923],[2.932710765646439,45.674657495180526],[2.932813281847304,45.67485926474405],[2.932873514394944,45.674974562581291],[2.933023525418768,45.675204275250266],[2.933191497208927,45.675453809021391],[2.933376105549999,45.675756480934339],[2.933505573489209,45.675981678401037],[2.933586330107514,45.676123102011914],[2.933619661372759,45.67617895165953],[2.933653030481556,45.676203284384009],[2.933691550760943,45.676216814324569],[2.933766035206816,45.676233066856632],[2.933771091521672,45.676301506604602],[2.933785148334149,45.676362747772814],[2.933810753240658,45.676434801532636],[2.933819721433376,45.676454617447732],[2.933842777763641,45.676509560509288],[2.93387995028389,45.676576218144071],[2.934033810635262,45.676816737557836],[2.934199212031047,45.677075273186198],[2.934456981744695,45.6774374180143],[2.934709667472269,45.677756336083185],[2.935056018287359,45.678171659419867],[2.935131682718003,45.678279761098523],[2.935189387303412,45.67836714126291],[2.935218863521295,45.678426590163347],[2.935261160542164,45.678507658041866],[2.93530343979411,45.678604034123246],[2.93537517578081,45.678776968235837],[2.935490448407506,45.679070592109099],[2.935537858568811,45.679174174916959],[2.935591682577166,45.67928586572971],[2.935627568162775,45.6793579249685],[2.935675010221512,45.679434493216334],[2.935763672246271,45.679414733160293],[2.935831788595062,45.679387757460162],[2.936200625781707,45.679257396769835],[2.936728830884163,45.679059588196559],[2.936980743577602,45.678947168903562],[2.937161966952287,45.67886532609495],[2.937308494140238,45.678793369015565],[2.937422884389628,45.678740304062416],[2.93752826896295,45.678698940291618],[2.937665783731852,45.678644086946569],[2.937825135486176,45.678590145973118],[2.937942076862984,45.678552390130193],[2.938017888620948,45.678534422190381],[2.938093697308321,45.678519155649894],[2.938172068117155,45.678510193852723],[2.938263279899283,45.678505741459411],[2.938393018703525,45.678511215393641],[2.93847523425063,45.678510359844182],[2.938515063922723,45.678504078203389],[2.938557471785933,45.678489693598891],[2.938614029217587,45.67845820749433],[2.93870915450798,45.678399727833444],[2.938773418359181,45.678369146325998],[2.938846666368374,45.678345773531539],[2.939259140063421,45.678238839109426],[2.939913179281175,45.678073500836398],[2.940170157084014,45.678018708099543],[2.940437402374071,45.677972024561946],[2.941001446715497,45.677869666229562],[2.941690128819857,45.677734051757355],[2.941871285465671,45.677705329901961],[2.942022892742687,45.677680194485959],[2.94218092937863,45.677648758779057],[2.942323550856031,45.677617314958688],[2.942443051588659,45.677584058178589],[2.942613960585905,45.677526514408399],[2.943032887339905,45.677377246726699],[2.943492944815215,45.677201884098537],[2.943669963740012,45.677449605824236],[2.943856061276471,45.677613586799382],[2.944035753376918,45.677761355576294],[2.944211618084013,45.677883908622995],[2.944366955461261,45.67798123771027],[2.944315300995251,45.678250456878573],[2.944186486337471,45.678602482347564],[2.943849136189981,45.679374929949375],[2.943120115157898,45.681247571084505],[2.943750663715047,45.681466705345088],[2.943911111615936,45.681600957485607],[2.94403431831498,45.681721683640703],[2.944084251504943,45.681889198493202],[2.944089141895559,45.682135033104338],[2.944055650848857,45.682223263929139],[2.943959137828821,45.682382601664031],[2.943813806722964,45.682541014496671],[2.943393495664548,45.682751517393648],[2.94291555076217,45.682786395107392],[2.942359268422664,45.682792415242552],[2.942245929020944,45.683066104411694],[2.941904837707507,45.683679158839134],[2.941611123988281,45.684434513362241],[2.941504324029949,45.684592042725598],[2.941415536612613,45.684724367795063],[2.941259937968488,45.684860259918125],[2.941096700005106,45.684930412471729],[2.940761245940215,45.685055403915278],[2.940229136943135,45.685259532829789],[2.939663842030344,45.685260131980925],[2.939383753731573,45.685269886956526],[2.939241136566574,45.685277914491166],[2.939129351608386,45.685287759477319],[2.939027841712765,45.685300311367385],[2.938913479199925,45.685317358620075],[2.938853078554229,45.68533263408905],[2.93875669858914,45.685353292879292],[2.938650031475706,45.685382050345829],[2.938664088009529,45.685450494819236],[2.938725642996225,45.685553183545245],[2.938801325682009,45.68566038233601],[2.938821853106885,45.685686507535031],[2.938864214668637,45.68571894797234],[2.938740796053387,45.685791820174522],[2.938691927861224,45.685834116363047],[2.938663633929965,45.685860215012795],[2.93864561516496,45.685889020705282],[2.938637872578013,45.685919632961529],[2.938639121410421,45.685952051083866],[2.938660870766527,45.686034907502368],[2.938736403467976,45.686278079421541],[2.938778619002562,45.686442891039199],[2.938836182607904,45.686670744894961],[2.938914166276944,45.687022876669481],[2.938980618444524,45.687347087131279],[2.939025391254473,45.6875245068384],[2.939039453756195,45.687588448855635],[2.939036845444433,45.687623566344207],[2.939022674789937,45.687657777090926],[2.939061158743516,45.687712727474846],[2.939084233888256,45.687759565153954],[2.939131602756851,45.687913573627092],[2.939223777563059,45.688216186228068],[2.93926221269022,45.688316160751874],[2.939378846156814,45.688577364122096],[2.939495419685168,45.688894397394947],[2.939585059871403,45.689168192848491],[2.939672132214196,45.689441086376171],[2.939725950032977,45.689575287405667],[2.939766960654564,45.689671661205203],[2.939791298563017,45.68974011105464],[2.939806639541491,45.68981125754712],[2.939819399075885,45.689893208476178],[2.939828279565138,45.689997669451863],[2.939838428317215,45.690117439346025],[2.939855040632788,45.690201193299579],[2.939883198292932,45.690302062622962],[2.939988229041243,45.69060558199152],[2.940093255092809,45.69091450417482],[2.94011373245465,45.690989255301503],[2.940139329965295,45.691082018841968],[2.940284069211835,45.691502622071987],[2.940437771131311,45.691954746837446],[2.940573625865164,45.692277192167367],[2.94060942585318,45.692442900268233],[2.940629747001815,45.692664430270575],[2.940615448483495,45.692817505175768],[2.940611520232886,45.692885939961549],[2.940643505510376,45.693014726164563],[2.940675500590515,45.693134507515104],[2.940688271829631,45.693207453521161],[2.940695911042121,45.693273192945334],[2.9406828000065,45.693517217474898],[2.940677582975855,45.693589253527982],[2.940695516335194,45.693641491098212],[2.940785262655314,45.693828839179815],[2.940881403609086,45.694045006068265],[2.940937740141539,45.694234137469209],[2.941005434437951,45.694617779563757],[2.941015680652433,45.694649301905123],[2.941025924959188,45.694682625214732],[2.941016923396115,45.694688923898561],[2.941003963210544,45.694792472896758],[2.941035920757609,45.694949174028324],[2.941102607654484,45.695073475847543],[2.941198784545029,45.695259026008237],[2.941256438984627,45.695419342429403],[2.941251169938684,45.695540905173175],[2.941243313657356,45.695678675301053],[2.941264879569745,45.695941628204942],[2.941310889588353,45.69617757928885],[2.941373605232493,45.696413539050688],[2.941368406002965,45.696469366426577],[2.941401629593809,45.696645878805363],[2.941406635238021,45.696772849820981],[2.941423036484906,45.697060113129972],[2.941444539943179,45.697383398503391],[2.941477745277747,45.697577920566474],[2.941476392610907,45.697641854316977],[2.941463472604158,45.697707583029938],[2.941402940888587,45.697834519991417],[2.941293501370883,45.698032569789454],[2.941191770473468,45.698231523992973],[2.941114467533382,45.698418784566641],[2.941052650130993,45.698544820190065],[2.941022982241484,45.698649260963819],[2.94100353048906,45.698814039597018],[2.940998060836655,45.699122903206785],[2.941004269251356,45.69932641614907],[2.940997706508974,45.699455182121369],[2.940956334797316,45.699688386166542],[2.940891880008342,45.69987565333961],[2.940841569577742,45.700054823536021],[2.940833762670574,45.700144867979319],[2.94081165869597,45.700385285981596],[2.940793545742221,45.70049873763228],[2.940774200613308,45.700562661933631],[2.940751008770878,45.70061847984045],[2.940646732805065,45.700787716233606],[2.940498731015731,45.700985744989019],[2.940255514877138,45.701289079917913],[2.940196315138635,45.701366490270388],[2.939998153692228,45.701597809712474],[2.93984891513659,45.701747210750796],[2.939679143884935,45.701868685553038],[2.93942712146641,45.701991016406268],[2.939078710670364,45.702114195117339],[2.938870403895954,45.702215837184674],[2.938667203036691,45.702348098156861],[2.938532129628976,45.702466888660581],[2.938397006512586,45.702629802770979],[2.93828235585727,45.702872871155144],[2.938241016382709,45.703064651945965],[2.9382213536932,45.703409527169612],[2.93821461605244,45.703688674031021],[2.938238523948607,45.70414613386373],[2.938306158436423,45.704577503565211],[2.938364920848757,45.704898108639625],[2.938391776996939,45.705017887928648],[2.938386530827719,45.705112436064965],[2.938359386703181,45.705251096029365],[2.938306521848467,45.705404149684121],[2.938275443327138,45.705613045368992],[2.938291874125477,45.705861588447121],[2.938316038618341,45.706090325072083],[2.938337568580782,45.706376691347501],[2.938460423637489,45.706852215027737],[2.938491165764494,45.706945882340165],[2.938584818990211,45.707099916498223],[2.938655465691294,45.707138675866318],[2.938738951210587,45.707190048971952],[2.938934148969231,45.707337834590021],[2.939549328682835,45.707764096062071],[2.940084873691651,45.708149790010403],[2.940278797026542,45.708293970684394],[2.940360982057184,45.708362451134633],[2.940431594769636,45.708435427839213],[2.940584367181635,45.708601197895277],[2.940729425785626,45.708769665147301],[2.940889918600986,45.708929135449992],[2.940986218768844,45.709021035483744],[2.941068409592356,45.709085913479633],[2.941154469002225,45.709139087117869],[2.941284208253037,45.709212094145961],[2.941633616382521,45.709399576716855],[2.941796751544671,45.709495112594873],[2.941885373477578,45.709557291859127],[2.941956009567321,45.709611357418645],[2.942049745813691,45.709699653281959],[2.942223099376315,45.709858227818714],[2.942369473177314,45.710005982465624],[2.942459333202445,45.710114987186721],[2.942544084960753,45.710192472221514],[2.942609583950792,45.710243833296069],[2.9426609592517,45.710280779371701],[2.942720044802025,45.710319530314742],[2.942992389542819,45.710462845674499],[2.94313510719176,45.710419694438855],[2.943228974217623,45.710383722316074],[2.943307414253284,45.710350443814747],[2.943379433019918,45.710311759117133],[2.943429598144966,45.710275764865273],[2.943474625528666,45.710236166070551],[2.943528663084018,45.710183964968323],[2.943580133537717,45.710128160611326],[2.943618719331218,45.710102966311233],[2.94366115651031,45.710082276353297],[2.94371259008636,45.710062491358656],[2.943807720427002,45.710047230564541],[2.944120104049182,45.710000560600541],[2.944275666602119,45.709963717692759],[2.9444145259672,45.709920562932062],[2.944532819824094,45.70987739788152],[2.944624120670891,45.709835119934176],[2.944773287242279,45.709766756187932],[2.944908313059232,45.709700186305689],[2.945169368238641,45.709565240709075],[2.945326267588821,45.709474367845218],[2.945588645857148,45.709298900054193],[2.945928197584095,45.709065837605579],[2.946266426157773,45.708868792945275],[2.946557053495277,45.708715848522154],[2.946719087629003,45.708626777133397],[2.946819403486924,45.708561989526928],[2.946940307207879,45.708472898406534],[2.947188535653309,45.70829922121721],[2.947857324833373,45.707836682878195],[2.948037398984535,45.707693588795927],[2.948160876996184,45.707596393187629],[2.948285643216495,45.707495596092741],[2.948382106928566,45.707422700962177],[2.948463132022368,45.70736600743556],[2.948540292760713,45.707318316944757],[2.948620016379634,45.707278731942061],[2.94872030419601,45.707239156241599],[2.948829589581675,45.707198684051768],[2.949144578050039,45.707092569300499],[2.949395287303262,45.707002633570745],[2.949588153212175,45.706918974826351],[2.94972830323532,45.706856903909362],[2.949860731595704,45.706805635212802],[2.94995843656118,45.706777763578593],[2.950056136550644,45.706755294772186],[2.950179535127877,45.706740041130317],[2.950417321558089,45.7067248377355],[2.950763062248875,45.706717785425113],[2.950975124131225,45.706724181270381],[2.951155060980888,45.706723358912278],[2.951255317414319,45.706716198432431],[2.951369719566275,45.706700039110522],[2.951481559825176,45.70667397322638],[2.951799087974868,45.70659396624341],[2.952056206770485,45.706515733656083],[2.952075490241312,45.706510338943218],[2.952387938362487,45.706357388798615],[2.952672130925139,45.706179212328081],[2.95288558663735,45.706055935222565],[2.952984601545282,45.705995644029962],[2.953096493822822,45.70590564208279],[2.953185267481904,45.705796720224988],[2.953295913326118,45.705659892308375],[2.95342454349924,45.705532977060791],[2.953569890856674,45.705394362242593],[2.953693367583492,45.705280951852558],[2.953901702180365,45.705127054216518],[2.954146059007572,45.704928146578318],[2.954309358761358,45.704834562397366],[2.954428925910823,45.704783283129089],[2.95456776657114,45.704737414419249],[2.954725872629294,45.704706861535051],[2.954890387675879,45.704697022163536],[2.955196303502436,45.704653020402141],[2.955320990636025,45.704626055335048],[2.955583229627227,45.704555921117617],[2.955797921822148,45.704477663281722],[2.955967626984604,45.704404790382974],[2.956116787038352,45.704308496606174],[2.956202946148403,45.704244595647097],[2.95626597291016,45.704178884676914],[2.956388182465389,45.704032152889958],[2.956480765382801,45.703970055176832],[2.956574636818497,45.703903455456789],[2.956705786304236,45.703826964645124],[2.956804788841664,45.703772073017277],[2.956893492842409,45.703738789016747],[2.957022041045312,45.703701017720938],[2.957099166251902,45.703683037396466],[2.957216133583336,45.703663271180829],[2.957410225856517,45.70362552430656],[2.957482214935052,45.703601238380323],[2.957542642818305,45.703569744169059],[2.95765579279482,45.703499548870418],[2.957942482998136,45.703375389226231],[2.958181604714206,45.703271922379244],[2.958297322943757,45.703202627876948],[2.958505628128317,45.703060428060766],[2.958679211153198,45.702947030670487],[2.958812925798284,45.70287053835424],[2.959098328974485,45.702740972394182],[2.959307876448932,45.702651900193374],[2.959455712427622,45.702594322409013],[2.959517423907552,45.702561927118253],[2.959570158934612,45.702502514010646],[2.959606191394341,45.702436791494989],[2.959607513367327,45.702386364784651],[2.959590828689524,45.702355742298579],[2.95963711204733,45.702331445778583],[2.959774682615158,45.702250451279411],[2.959966231762413,45.702165873859776],[2.96005493583697,45.702126283978401],[2.960409769551828,45.701941809685785],[2.960710615974098,45.701769922265221],[2.960993466682956,45.701600729272883],[2.961185046462579,45.701466623102462],[2.961321335034506,45.70137482045584],[2.961550184517523,45.701237124511749],[2.961861284091063,45.701094953544349],[2.961989836369462,45.701037365916356],[2.962081106818868,45.700998675795333],[2.962223798689883,45.700935689745954],[2.962591428544174,45.700810644923934],[2.962838224254387,45.7007323843576],[2.963106845834373,45.700684746899249],[2.963239224886877,45.700666780454398],[2.963412716268153,45.700665936430269],[2.963494958997618,45.700673166984458],[2.963596477322384,45.700682204677683],[2.963758397382611,45.700689460750425],[2.963994861339766,45.700685934608728],[2.964281459374551,45.700659911740182],[2.964538492542043,45.700644684666791],[2.96471456670098,45.700624028774747],[2.964814805172389,45.700624960601971],[2.964881621486516,45.700640289694121],[2.965003677920277,45.700687152900343],[2.965157861956401,45.700734926397722],[2.965335171642207,45.700793512623846],[2.965425108088881,45.700828659179997],[2.965536867597419,45.700902533208485],[2.965710296621055,45.701003440467424],[2.965816921920823,45.701068307803382],[2.965996787025887,45.701153908323967],[2.966132983613708,45.701198073117894],[2.966314163817838,45.701235947805543],[2.966504342913139,45.701269322450443],[2.966659835618887,45.701282875840562],[2.966767788808691,45.701279305785853],[2.966960625701744,45.701166801822858],[2.967477550682814,45.70065097411775],[2.967819537296549,45.700400737391497],[2.968188557723215,45.70006406068439],[2.96865788759349,45.69959233794053],[2.969376715536426,45.698758686304224],[2.970146954558651,45.697868313209312],[2.970948000088249,45.696995952560343],[2.972028787795038,45.696845845028683],[2.973541366809519,45.696635496854157],[2.974838041389143,45.696446692016146],[2.975774863210352,45.69634874445331],[2.976169403677648,45.696255178147752],[2.977938970688438,45.695999800767979],[2.97919962915186,45.695827147425611],[2.980514262458186,45.695618469933301],[2.981911121403949,45.695422397126507],[2.98338764257616,45.695217313931686],[2.984014755131025,45.695088635306377],[2.984859018773816,45.69499059906591],[2.98618775306066,45.694752141294238],[2.987164382533718,45.694558652540607],[2.98762570896813,45.694467755181471],[2.988157710566793,45.694361555142649],[2.988671722412662,45.694246345937877],[2.988791227715112,45.694230149162927],[2.989080355903177,45.694177048950721],[2.989441442785123,45.694117651369332],[2.989647046950577,45.694065442330626],[2.989862933727584,45.693995224146981],[2.990161060470111,45.693907903550659],[2.990275424450337,45.693893505722535],[2.990367939672038,45.693904319486357],[2.990515704825677,45.693934948503284],[2.99084078647394,45.694016019027117],[2.991037378605841,45.694060158590268],[2.991272519138885,45.694109703711646],[2.991438275415847,45.694136730972005],[2.99151279912804,45.694164651638388],[2.991616879059541,45.694179967671332],[2.991769792607395,45.694162869733312],[2.991925276386194,45.694143070317637],[2.992175852563849,45.694087257939373],[2.992420007245054,45.694003529544261],[2.992562613735411,45.694184536488478],[2.992887722417817,45.694090006576324],[2.992892831279398,45.694331336822003],[2.993109992206703,45.694323245947068],[2.993544316392097,45.694285451306712],[2.994795885553379,45.694184661766258],[2.995004053220064,45.694150452766621],[2.995330439075414,45.69409643767856],[2.995357423405005,45.694095538308837],[2.995710788770456,45.694093751344717],[2.995956217237202,45.694090158480897],[2.996037170635055,45.69408115650932],[2.996105274937834,45.69406404967318],[2.997621530046603,45.694112718059266],[2.997651084314782,45.694110917709672],[2.997667788364012,45.694122624358791],[2.997699911443182,45.694147838592954],[2.997730749843863,45.694166749398647],[2.997792427031774,45.694196466621769],[2.9978810891205,45.694212677050075],[2.998129086324714,45.694255904710538],[2.998527424328771,45.694336053766882],[2.998884644494661,45.694410798107164],[2.999060685062982,45.694444117649773],[2.999163482526978,45.694466630579853],[2.999262425249842,45.694481939512606],[2.999354943211,45.694492745897861],[2.999460311026676,45.694495447906213],[2.999552829223709,45.694484642493741],[2.999659482162334,45.694462130746466],[2.999746860468631,45.694430614008631],[2.999901057272735,45.6943549735266],[3.000062963433835,45.694249616831918],[3.000291686956551,45.694100135998056],[3.000512699693902,45.693974067340875],[3.000746561132811,45.693857003014557],[3.000938018500774,45.693767853592242],[3.001047238929832,45.693720126938082],[3.001169308735853,45.693673300530349],[3.001378754661811,45.693605761806076],[3.001511103821492,45.69356884023437],[3.001581775653534,45.693549929084838],[3.001793791268498,45.693505802156743],[3.002130446046087,45.693445463816921],[3.002382294493146,45.693407638414762],[3.002577605278703,45.693377918119893],[3.002724088041795,45.69335180061654],[3.002905263704279,45.693315776701589],[3.003100572774713,45.693266244836515],[3.00324062948137,45.693226619567639],[3.003340853015073,45.693191497736478],[3.003461634433675,45.693139265976967],[3.003573420106595,45.693072626618438],[3.00374431076177,45.69297716969011],[3.003813694151011,45.692929441673783],[3.003838108710717,45.692940246661202],[3.003879226778044,45.69294114573777],[3.0039331936474,45.692933939989238],[3.004043696362821,45.692907822021347],[3.00407453418486,45.692898816063405],[3.004260845772375,45.692843879605384],[3.004479279613999,45.692779936720179],[3.004522965379655,45.692755621888367],[3.004756810940578,45.692612435193588],[3.005043334003044,45.692433226282581],[3.005261758812202,45.69230084504823],[3.005464763095173,45.692163961717419],[3.00557911249683,45.692080211040924],[3.005701170768337,45.69199375840514],[3.005845066578724,45.691854175913555],[3.005956844846815,45.691769524504295],[3.006057063623324,45.691730798322396],[3.006149570005772,45.691666858903289],[3.006231795502155,45.691590313193004],[3.006310166776313,45.69152007103132],[3.006461770699417,45.691393094109301],[3.006630077934279,45.691268817456596],[3.006698170378018,45.691209381446072],[3.006884472104593,45.69114183387255],[3.006942287674129,45.691104009972491],[3.007285324525387,45.690875265231597],[3.007573114920903,45.690693348373756],[3.007696453279422,45.69061679882897],[3.007774820936253,45.690543854199966],[3.007831347333029,45.690484418305196],[3.007869884530894,45.690419580733064],[3.007914849503763,45.690379055779154],[3.007993219527554,45.690326822143533],[3.008026617446697,45.69026558682112],[3.008071575875328,45.690181838548391],[3.008200046020571,45.690065666768618],[3.008313101942679,45.689981012939469],[3.008426148195477,45.689835126051982],[3.008546913038403,45.689754073350827],[3.008661256037446,45.689691030704317],[3.008731918342414,45.689658607808418],[3.008810290732153,45.689632487657065],[3.008888664928158,45.689618073749386],[3.008959330068203,45.68960456088498],[3.009031277829273,45.689577540606187],[3.009247117380666,45.689476668836257],[3.009574731974656,45.689337966862354],[3.009775154721615,45.689256005565298],[3.009983288412633,45.689187550496037],[3.010071938835355,45.689164130010049],[3.010183717135099,45.689144309304055],[3.010316053778472,45.689128989028973],[3.01054346641285,45.689099251990015],[3.01083897344067,45.689057801663836],[3.011131909064852,45.689010047425633],[3.011444114069117,45.688948783203571],[3.011550752252449,45.688929862148008],[3.011686942727158,45.688915440352126],[3.011807716541926,45.688908223883942],[3.012014575252971,45.688902799108099],[3.012200876820551,45.688899177149388],[3.012427007305356,45.688890147589916],[3.012669838824742,45.688873011339709],[3.012854852268525,45.688855881177844],[3.012989757167494,45.688840557469383],[3.0131015346213,45.68882433580675],[3.013209456839745,45.688805413031965],[3.013301960457453,45.688784691006418],[3.013761909620841,45.688688283929025],[3.014092094412546,45.688614403390588],[3.014238556351232,45.688577465114648],[3.014313071268012,45.688555844046718],[3.014492928001094,45.68847837939385],[3.01467663753326,45.688396411530356],[3.014733165591238,45.688379294948554],[3.014820529565811,45.688362174286318],[3.015064635749603,45.68831891865927],[3.015507873692209,45.688217103783408],[3.015651764234943,45.688181064509472],[3.015912570155979,45.688132401818017],[3.016107853744716,45.688098155660164],[3.016148966048391,45.688090945899624],[3.016330119466712,45.688067507193807],[3.016425193270278,45.688056687560533],[3.016570374901712,45.688044960004099],[3.016638468134202,45.68803684560902],[3.016662877074296,45.688027837157691],[3.016682146170212,45.688017028493455],[3.016700127174761,45.687995414204181],[3.016714250706798,45.687963895156109],[3.016774627244747,45.687930568260434],[3.016967325590665,45.687849495810077],[3.017126622296483,45.68778193537873],[3.017235819192372,45.68774139692929],[3.017369428279265,45.687703556066246],[3.017490188462901,45.687663916071514],[3.017595534711654,45.687636885136975],[3.017684182305986,45.687622463507452],[3.017765123572871,45.687616147382933],[3.01783707402672,45.687618837467738],[3.017973268702391,45.687632323088479],[3.018115887517797,45.687645807511814],[3.018227669656715,45.687655694810367],[3.018300903212758,45.687652981485151],[3.018375418885482,45.687642163543849],[3.018521876296143,45.687607921155433],[3.018706867566418,45.687543055716546],[3.018773670779409,45.687522333464216],[3.018858461914581,45.687503409131502],[3.01900621151031,45.687492578490861],[3.019264452587923,45.687475425427039],[3.019732111807219,45.687442026569514],[3.019841316777587,45.687431201577859],[3.019947955007553,45.687428481294106],[3.019960803103752,45.687428479018536],[3.020070016493267,45.687441066397142],[3.020195925235665,45.687433840022365],[3.020283283717345,45.687410411735264],[3.020323101228711,45.687378887607068],[3.020397615141396,45.687365366875639],[3.020551765702027,45.68729420059713],[3.02069435363274,45.687225737685488],[3.020815104295803,45.68716988541123],[3.020897320166264,45.687139253723622],[3.020975685975997,45.687120328989401],[3.021063049458903,45.687112208331023],[3.02122236148754,45.687103173590536],[3.021372674634859,45.687080633067104],[3.021637328964926,45.687042762207675],[3.021901989347405,45.687021099443541],[3.022066444844144,45.687023768805858],[3.022356816240299,45.687039920276838],[3.022722995499415,45.68706686154745],[3.0231007420903,45.687102804100284],[3.023409107150181,45.687132456433787],[3.023579996272568,45.687156733874389],[3.023727760233672,45.687183717381686],[3.023884521468332,45.687218803147424],[3.024032284570543,45.687243084802603],[3.024159486191433,45.687256564862743],[3.024250709757198,45.687261948170033],[3.024392036403452,45.687257415239053],[3.024616870578955,45.687242058102974],[3.024832711803396,45.687228503469491],[3.025029283703294,45.687221256095562],[3.025171892529092,45.687211318995253],[3.025277242389603,45.687202290564414],[3.025355610503801,45.687191467142007],[3.025489213954585,45.687156318104243],[3.025653643729022,45.687102251721491],[3.025860467399608,45.687039170532309],[3.025988932654603,45.687007624018882],[3.026161074972782,45.68696346044441],[3.02629724652964,45.686927409368039],[3.02636147870678,45.686911185638628],[3.026418006361511,45.686903968522955],[3.026501513450012,45.686894043582747],[3.026565749851055,45.686886824579361],[3.026592727992196,45.686881415308619],[3.026627412309108,45.686870601304264],[3.026644122902375,45.686887706556128],[3.026800851133378,45.686852550492077],[3.026928031938087,45.686823704666615],[3.02702309537647,45.686800269311938],[3.027215783628651,45.686737189025095],[3.02738020512502,45.686672314313412],[3.027452137398445,45.686639879372713],[3.02752278121447,45.686600240826216],[3.027580577932477,45.686562406349999],[3.027635800048019,45.686514667148195],[3.027688452493773,45.686466928551049],[3.027750092933537,45.686408381904073],[3.027807882961379,45.686357940532922],[3.02787595478085,45.686314700463193],[3.027958159103872,45.686271456846235],[3.028010821978376,45.686245329720023],[3.028044219012483,45.686230913662641],[3.028108443923628,45.68620298264355],[3.028249736293663,45.686137211948761],[3.028403871487092,45.686062432996827],[3.028655619409837,45.685929998053723],[3.028974155399654,45.685761526020897],[3.029218199113151,45.68564259906821],[3.029435272720798,45.685544389775671],[3.029559867111027,45.685492129065743],[3.029753826387004,45.685417337813433],[3.029873283574001,45.68536958053518],[3.029928517617216,45.68534975522185],[3.029941363281683,45.685346149871577],[3.029994031171723,45.685332628597905],[3.030042845243044,45.685320008811637],[3.0301263414487,45.68529567343986],[3.030194422432168,45.685274944075836],[3.030306172846323,45.685231690825411],[3.030378105980922,45.685207358377113],[3.03056177863871,45.685120862212941],[3.03068893353077,45.685055992781457],[3.030780122052569,45.685003739818349],[3.030880303666599,45.684951484316898],[3.030993327052904,45.684889319867793],[3.031083235320655,45.684846071854345],[3.031200119615181,45.68479651291198],[3.031319571666256,45.684744251682012],[3.031460866221809,45.684695586164793],[3.03156234267785,45.684663140348889],[3.031649692488675,45.684640603737584],[3.031725480561896,45.684619871283495],[3.031776865165959,45.684610851959242],[3.031862937321158,45.684600922322005],[3.031969562743658,45.684586484367316],[3.032064625421326,45.684572049603268],[3.032200791439815,45.684543195270592],[3.032393473310817,45.68449271291594],[3.032660653821555,45.684415194132285],[3.032866179003286,45.684359304340035],[3.033020321811307,45.684316036023866],[3.033123087860784,45.684294394234982],[3.03320144870215,45.684280863905336],[3.033340189935029,45.684263713731376],[3.033478931626633,45.684247463870591],[3.033595830549843,45.68422761841807],[3.033855318975245,45.684181616042245],[3.034109663597122,45.684128410752727],[3.034122489274471,45.684093287985192],[3.034141731370664,45.684046456977477],[3.034157119244465,45.683999627135286],[3.034173761240464,45.683903270280815],[3.034182706504962,45.683825825927833],[3.034185259270868,45.683798810628069],[3.034210895888638,45.68370515249228],[3.034240388253715,45.683614194631922],[3.034275013263193,45.683513329877314],[3.034319910293126,45.683403457142489],[3.034375075345456,45.683278273027625],[3.034419975906136,45.683174703642585],[3.034440488692738,45.683106260579684],[3.034453294304019,45.683039620838962],[3.034464791066687,45.682934260680604],[3.034473697066621,45.682794682918754],[3.034489022587396,45.682648799803857],[3.034500483276854,45.682485808674585],[3.034497857760306,45.682395761070673],[3.034487562824484,45.682367849216483],[3.034469566480244,45.682350745527017],[3.034406597555936,45.682320148318162],[3.034478455545711,45.682184153254269],[3.034606811154727,45.682003116601422],[3.034723658608357,45.681909430304387],[3.035188578743789,45.681697672290028],[3.035223041516029,45.681346472751969],[3.035249852665111,45.681084423521952],[3.035177703255086,45.680756669907247],[3.03537681494304,45.680741299326371],[3.035690253753647,45.680715086422317],[3.035903493999867,45.680696108497443],[3.036031947014442,45.680677157320694],[3.03633252444316,45.680629335127406],[3.036520061013118,45.680595056095186],[3.036670346077334,45.680566191787001],[3.036773106728583,45.680549049093621],[3.036816782426918,45.680545432891904],[3.036887438763084,45.680546310261406],[3.036959380352573,45.680548087648873],[3.037062149322247,45.680543551464531],[3.037218869924943,45.680533594470219],[3.03741028330422,45.680534431549511],[3.03748736288328,45.680535306409389],[3.037587566156247,45.680536173503299],[3.037687769432353,45.68053704050805],[3.037778975862232,45.680531607053531],[3.037843205254751,45.680527083074971],[3.037917707512215,45.680516252214645],[3.038017899005596,45.680500009734359],[3.038075703860116,45.680493686823304],[3.038174617449858,45.680487349959172],[3.038263254453538,45.680481916983226],[3.038337765300104,45.680483692617663],[3.038389152481279,45.680485476085387],[3.03845981564859,45.680496257789919],[3.038567735542236,45.68050972815265],[3.038635829476988,45.680520510626408],[3.03868978600034,45.680522293075761],[3.038736034001551,45.680523177666231],[3.038819546305452,45.680537556661982],[3.038903083336584,45.680587054462293],[3.038987919123575,45.680656362398963],[3.039188330620861,45.680664397214422],[3.039504345492064,45.680650779576972],[3.039905131648612,45.68061551943979],[3.040362445200997,45.680584740056936],[3.040746541154621,45.68056479113261],[3.041101106605268,45.680567363776518],[3.041314368623939,45.680580793024141],[3.041703629946563,45.680596858301435],[3.042133998279331,45.680610205414162],[3.042555413722441,45.680674881853307],[3.042865080577121,45.680759409942382],[3.042975581853424,45.680786382361077],[3.04306551753254,45.680798954791243],[3.043191429941088,45.68081961771761],[3.043314775244665,45.680842982942465],[3.043452260364135,45.68087714838736],[3.043607729448964,45.680909505736309],[3.043803032405497,45.680953553681228],[3.044080554641629,45.680998469629152],[3.044408190676385,45.681057772894036],[3.044698576551005,45.681122492897472],[3.044870747683276,45.681154841876065],[3.045048056942188,45.681186288053055],[3.045409255276633,45.681439179056269],[3.045524934126496,45.681510270609337],[3.045650888435113,45.6815786564283],[3.046325371493439,45.68161349996155],[3.047804137548734,45.681735347986418],[3.048091925599605,45.681758638082187],[3.048461920691477,45.681767484362283],[3.04904388700804,45.681775336859339],[3.050269443813278,45.681745981145667],[3.051035140654302,45.681777153806202],[3.051084016603872,45.68184016554288],[3.051184319048918,45.681945476659379],[3.05131163865294,45.682092197656196],[3.05137979135167,45.682161503873587],[3.051446646140076,45.682216402896181],[3.051510914082435,45.682252392894647],[3.051609874617898,45.6822946703574],[3.051702402595598,45.682327045359877],[3.051900310022384,45.682396291638078],[3.052141907726257,45.682476323165844],[3.05221772593635,45.682498800152565],[3.052251134805777,45.682505988535326],[3.052283253884807,45.682507774601625],[3.05232950376165,45.682508653611428],[3.052412998714846,45.682497808985296],[3.052531181245981,45.682487848611721],[3.052610830604589,45.682486010474079],[3.052713613037041,45.682493166299864],[3.05281896918276,45.682504823246227],[3.052893497847883,45.682521897477699],[3.052975751972199,45.682556977711343],[3.053045171312204,45.68260467070823],[3.053067024982053,45.682619068163241],[3.053137705834925,45.682642447435413],[3.053249504906639,45.682673911592865],[3.05343197041433,45.682713446502433],[3.053731361441968,45.68277093509316],[3.053925393442571,45.68281406562371],[3.054132285988827,45.682870696904892],[3.054232523748431,45.682902165642645],[3.054281367239379,45.682927355677172],[3.054323799621264,45.68296515556171],[3.054359817372249,45.683011963368344],[3.054377854581613,45.683064182749703],[3.054390781305786,45.683145220092086],[3.054410338775615,45.683436967550001],[3.054411720872785,45.683536020153213],[3.054418184310035,45.683576538824006],[3.054433635489069,45.683611650246476],[3.054470932271796,45.683652154012087],[3.054527513256051,45.683706155697664],[3.054666363838812,45.683807843131788],[3.054784637005401,45.683887028296709],[3.054926055292382,45.683986012710974],[3.054992890749481,45.684015696087826],[3.05504430861294,45.684044486474946],[3.055117572345332,45.684078669058621],[3.055217813751332,45.684111037406453],[3.055383592881696,45.684159582183071],[3.05562776826473,45.684235102563029],[3.055916923754436,45.684324107363011],[3.056092979305458,45.684369944542944],[3.056176512889309,45.684395116481873],[3.056262621520595,45.684425689979108],[3.056326889661305,45.684456274332632],[3.056375738228753,45.684484164913805],[3.056505589923394,45.68457504878009],[3.05659301414615,45.684635337349924],[3.056653452443319,45.684689336035554],[3.056683030185198,45.684717236173405],[3.056826917157685,45.684712661263966],[3.056936107622348,45.684699999351871],[3.057022176325681,45.684690950976972],[3.057095396616262,45.684681008564283],[3.057220002038059,45.684666537594829],[3.057442232116392,45.684636708518276],[3.05749746958184,45.684630376949436],[3.057650582093313,45.684849116408017],[3.057923262804267,45.685148837848125],[3.058005585366362,45.685242445872362],[3.058053192274867,45.685309957682911],[3.058063537431326,45.685373886746518],[3.058057180691375,45.685437824417797],[3.058004607331077,45.685535103818388],[3.057926392155964,45.685683723996249],[3.057868747040415,45.685845840824207],[3.057805934265461,45.685980945741761],[3.057754662580094,45.686095333566499],[3.056825742847863,45.686071492859348],[3.054994731295341,45.685867991565893],[3.054457677520237,45.68584934227335],[3.053834581153878,45.685868551915419],[3.053210272305906,45.685963399376412],[3.051820362886757,45.686196372250052],[3.050426690788658,45.686542790700322],[3.050223347483723,45.687576637727467],[3.050151955314333,45.688191700474917],[3.050145100629628,45.689134510900345],[3.050189634013857,45.690070094634166],[3.050175737207924,45.690331241387192],[3.049946023024761,45.690640209711503],[3.050050628819038,45.69122637886349],[3.050165439385412,45.691727897829942],[3.050351427397801,45.692784083584662],[3.050502118844526,45.693172125130282],[3.050669486269549,45.693526841046214],[3.051260070380876,45.694381134142176],[3.051460772870656,45.694646685732287],[3.049524653431016,45.695028458491798],[3.046409315589643,45.695927568247463],[3.046011057082295,45.69604029220433],[3.045617898397053,45.696106187466206],[3.045181031440356,45.696151387733742],[3.044886779764385,45.696171316004943],[3.044614337520112,45.696147111106946],[3.04449609759853,45.696123745248755],[3.044295603388512,45.696083302415261],[3.043890823677362,45.696081659839464],[3.043110804831415,45.696059448841744],[3.042934733325034,45.696027098606287],[3.042609514376318,45.695882243965045],[3.041817795661657,45.695677229984177],[3.041692193268859,45.696112210792549],[3.041445744297564,45.696476998152825],[3.041151679068729,45.696751753874395],[3.041042477242302,45.696786012134837],[3.040892117797579,45.696770758553882],[3.040744332466285,45.696760906752012],[3.040501468449066,45.696769098672029],[3.040072474408407,45.697052004362988],[3.039783476660537,45.697239407664959],[3.039637062394399,45.697351119414513],[3.039378786676968,45.697375523066142],[3.039189942490125,45.697455732076293],[3.039038386273562,45.697567444837247],[3.038761132600871,45.698018683596736],[3.038705941358758,45.698113253507898],[3.038481351870077,45.698538359423075],[3.039583948781759,45.698550584293613],[3.040547774670192,45.698584460039605],[3.041579679961473,45.698577780608723],[3.042425906047103,45.699426622753499],[3.042667722037191,45.699711084796093],[3.042913383944653,45.699980236611992],[3.043799692415784,45.701083890627217],[3.043964398980432,45.701348569191381],[3.043999599552331,45.701979795722963],[3.044004047278977,45.702724495453566],[3.043915776899181,45.703236005644058],[3.043662938230119,45.703668336936282],[3.044094810444413,45.703730302286878],[3.04431232528105,45.704127331098235],[3.044806315778034,45.704713351896167],[3.044832117774691,45.704834006706456],[3.044825706298284,45.704852018969042],[3.044829582370953,45.704877231024462],[3.0448514996417,45.704961867952107],[3.044897913594784,45.705141946596129],[3.044904368203148,45.705177062964211],[3.044901821146714,45.705205879519362],[3.044890278257499,45.705235600143695],[3.044874874572033,45.705259018904805],[3.044850475764988,45.705284242215214],[3.0447541422308,45.705356319362728],[3.044931660625507,45.705549853143829],[3.044701752830994,45.705733643644614],[3.044256138045544,45.706185863323746],[3.044198538701425,45.706482145723292],[3.044774416842237,45.706587275238221],[3.045265693465586,45.706965283002255],[3.04561295061528,45.707251497467567],[3.046104081274207,45.707440399642458],[3.046434500289319,45.707563630546083],[3.046807305300148,45.707651723941041],[3.047102955527798,45.707693923599606],[3.047734022605011,45.707687354688552],[3.048381713905228,45.70758442312696],[3.048846821374797,45.707399622916007],[3.049180741050459,45.70711672515889],[3.049679088121129,45.706741904509052],[3.050208705102079,45.706841623731329],[3.050309767734886,45.7077348605795],[3.051531048047134,45.708017061356848],[3.052171251167457,45.708154541162727],[3.052299872180356,45.708251734025275],[3.052563678089244,45.708589293508965],[3.052676977486338,45.708791849940958],[3.052799311840685,45.709033122924971],[3.052920436027156,45.709351838140407],[3.053095604933702,45.709732661318576],[3.053204831779715,45.709705595231078],[3.053269074705766,45.709681251765232],[3.053323030630425,45.709652410700194],[3.053367984881364,45.709619071442205],[3.053405213225325,45.709571328051943],[3.05370351582993,45.709681946085588],[3.054386359560564,45.71002290284612],[3.054889186984921,45.710286501494267],[3.055169548312422,45.710443949666129],[3.055431918174865,45.710603206964926],[3.055695551327325,45.710739050393713],[3.056129995306866,45.710734332447508],[3.056421772653041,45.71073688822284],[3.056467921187564,45.710615299493966],[3.056495820869609,45.710245185748505],[3.056439868672745,45.709576152673655],[3.056416337965869,45.709188955483249],[3.056489245055691,45.708840430900175],[3.056552006916158,45.708626984258231],[3.056714974353015,45.708367562422239],[3.056926777559727,45.708104513754783],[3.05705516441986,45.707966674491374],[3.057272182037463,45.707777462383206],[3.057789931472701,45.707567384882616],[3.05792740425526,45.70751778758536],[3.058076428193467,45.707452875908864],[3.058203609722548,45.707395179204596],[3.058366707340671,45.707269927322486],[3.058488677574066,45.707146497527731],[3.058495060112703,45.707105071865847],[3.058455178799327,45.707069073123719],[3.058384442634499,45.707024985983125],[3.058230176783316,45.706992648302439],[3.057775207549481,45.707006389739966],[3.057493755322734,45.707026344358312],[3.05703366499307,45.707059896102948],[3.056680317611419,45.70715822731762],[3.056569756059328,45.707130367805348],[3.056411616812504,45.707080019862985],[3.056346045332355,45.707057540518633],[3.056248291017909,45.70698464999613],[3.056173675330986,45.706915349802209],[3.056120913823213,45.706850541108146],[3.056019212301702,45.706686703286742],[3.055921355308061,45.706511157152818],[3.055887845956229,45.706419324223688],[3.055874917967232,45.706344590313321],[3.055876154103966,45.706295963468058],[3.055888954726879,45.706244629431346],[3.055917178267516,45.706193287742266],[3.055955694636463,45.706152746765746],[3.056004494717999,45.706114001637886],[3.056064861912596,45.706075250735331],[3.056517454890621,45.706258723777125],[3.057156495048363,45.706522243840091],[3.05753191995096,45.706648120833691],[3.057711918682027,45.706708361355048],[3.057915042088055,45.706758684364445],[3.058173396983315,45.706775660537154],[3.058393191415225,45.706789954645636],[3.058643828365395,45.70680063033781],[3.058894414605691,45.706763579749648],[3.059121857214984,45.706718436374857],[3.059364694506139,45.706647170343871],[3.059552273005558,45.706583136888781],[3.059676865920258,45.706511932603952],[3.059793730464098,45.706425424023074],[3.060546529497629,45.70609814576062],[3.060940928444253,45.705943049628445],[3.061542184008956,45.705730208257684],[3.061780945969732,45.705468936745284],[3.061883528532492,45.705258166792241],[3.061817892593478,45.705178059580646],[3.061750990721451,45.70511506225445],[3.061671232801242,45.705048469981683],[3.061615928292271,45.705012480801685],[3.061532328054021,45.704957596846633],[3.061363849852744,45.704854132847288],[3.060971610507243,45.704628323818589],[3.060593483001099,45.704376391758053],[3.060421154690921,45.704274729396914],[3.060022476808984,45.704030010330726],[3.059883595845532,45.703956244387911],[3.059784588296441,45.703912173156148],[3.05974344172962,45.703893284777472],[3.059283104789712,45.703671107916726],[3.059016918456972,45.70352807041079],[3.05882789025045,45.703428215337766],[3.05866715861578,45.703349056390969],[3.058546293661642,45.703294189623236],[3.058376569438244,45.703217736391345],[3.05827885338026,45.703177265113752],[3.058215848535849,45.70314758165317],[3.058155414106352,45.703117896831074],[3.058071827725057,45.70307021419724],[3.057954782697287,45.702980225890194],[3.057913616711379,45.70294152617236],[3.059015408507689,45.702112507851744],[3.059356154950974,45.702281620178248],[3.059970909600725,45.702697319045264],[3.059820810253502,45.702942330904165],[3.060201351736754,45.70306279333456],[3.060673147249736,45.703187707817513],[3.060943130264696,45.703274909246787],[3.061094850787873,45.703337861092628],[3.061251758235561,45.703442232255469],[3.061538463806463,45.703541129484641],[3.061904879122143,45.703664295341824],[3.06208739477664,45.703681304164782],[3.06220305449208,45.703674936985784],[3.062286544983952,45.703633468531145],[3.062441859342309,45.703462290306064],[3.062612446087132,45.703159632479625],[3.06264447553183,45.703071367086913],[3.062608386763502,45.702979537607106],[3.062585146741655,45.702884999524684],[3.06257995208671,45.702837276671289],[3.062595302777039,45.702774234152386],[3.062618362378994,45.702709386377265],[3.0626440126435,45.702662546869881],[3.062687636766618,45.70259948861905],[3.062746673520246,45.702528317400592],[3.062812133868626,45.702455341600171],[3.062828816383534,45.702433720646177],[3.062891708246823,45.702362547203016],[3.062957145665262,45.702269760648761],[3.063003326096324,45.702194994536335],[3.063058464482205,45.702086905426633],[3.063140461260129,45.701865340063527],[3.063536120312014,45.701721039995157],[3.065932440621478,45.701327051760558],[3.066079017719697,45.701387298440174],[3.066284723202535,45.701457415507377],[3.066508395140604,45.70150590994394],[3.066689619953458,45.701522912069287],[3.066861866330602,45.701554326999961],[3.067010966242101,45.701574049121071],[3.067166439479161,45.701550543938417],[3.06806185659545,45.701287064906218],[3.068196775371725,45.701270774598733],[3.068501381429166,45.701294902961422],[3.068699290511701,45.701293881999902],[3.068780241460483,45.70128392727991],[3.068850906852403,45.701270376844043],[3.068928028150224,45.701281135526052],[3.068996171527191,45.701306307421852],[3.06910799933199,45.701323348125278],[3.069245505056399,45.701320562259447],[3.069447248137056,45.701302428402208],[3.069602753559775,45.701305934405646],[3.069742829478692,45.701303146345445],[3.069844338940939,45.70129047667902],[3.069977915124734,45.701229160791179],[3.070150051708727,45.701173223661527],[3.070292632311143,45.701119105679872],[3.070426224777366,45.701071296534472],[3.070538016959058,45.70106042078757],[3.070610015026303,45.701084688808905],[3.070702633871456,45.701154868614012],[3.070770836642487,45.701225964165147],[3.070872365336567,45.701228601815657],[3.07104456114021,45.701219488533077],[3.071382537388405,45.701209369612791],[3.071644697903551,45.701204700818565],[3.071914567977563,45.701199126009179],[3.072208868371121,45.701203440243752],[3.072419635419421,45.701207807422321],[3.072551997812101,45.701203219855593],[3.072720308285313,45.701171594373122],[3.072766511319305,45.701124739296546],[3.07284225320639,45.701063457341675],[3.072946260537289,45.70099675412937],[3.073054121796352,45.7009291478373],[3.073176114359491,45.70085793032441],[3.073300693548822,45.700799317795529],[3.073386759535952,45.700771346726654],[3.073458703481375,45.700754190625695],[3.07351138257403,45.700746051903479],[3.07357692121511,45.700744208160401],[3.073638598504657,45.700737864474519],[3.073702836419949,45.700724315195387],[3.073800477750717,45.700703540124039],[3.073953375423112,45.700680027262699],[3.074126844477132,45.700663704548802],[3.074241215006332,45.700660027316296],[3.074342748876913,45.700667164264118],[3.074541974691053,45.700691345768426],[3.074705205227469,45.700706545932491],[3.074853004694449,45.700714552226209],[3.075061193745468,45.70071441374732],[3.075197423553434,45.700719725838304],[3.075331088055952,45.700728641421954],[3.075428771749191,45.700739381907631],[3.075482763911097,45.700751952554008],[3.075563754659568,45.700772609444677],[3.075647330481339,45.700804070369422],[3.075759200007694,45.7008508204704],[3.075851774378105,45.700884076165266],[3.075922475832201,45.700898436324316],[3.076015021925897,45.700910980734712],[3.076125551103002,45.700917209523077],[3.076260485219722,45.700914416833918],[3.076326022726368,45.700911671007212],[3.076338808099564,45.70086393660808],[3.076226002656479,45.700138221564877],[3.076189732063965,45.699929333438469],[3.076304079826839,45.699910345872027],[3.076451842559598,45.69989313649581],[3.076600900271852,45.699883129930114],[3.07677308469684,45.699869505471426],[3.076906723618094,45.699861309975859],[3.07721254295327,45.699836787737496],[3.077538914729507,45.699805947130102],[3.077723942055046,45.699786909467093],[3.077888435611756,45.699787696377541],[3.078059364816544,45.699795682474814],[3.078190454809962,45.699802795477233],[3.078343383828056,45.69980449023285],[3.07844104860184,45.699802621320814],[3.078469318167707,45.699800800668008],[3.078496301357926,45.699798080418589],[3.078592727065868,45.699828629719576],[3.078826666028512,45.699864485744065],[3.079091419342974,45.699880508976847],[3.079473096082357,45.699882041419073],[3.080041062583774,45.699849221950494],[3.080778626987652,45.699792865547465],[3.081349158018015,45.699757336189684],[3.08188380162158,45.699786664991102],[3.081964575911823,45.699660538280583],[3.081968179062832,45.699490343877912],[3.081993596612389,45.699298521952244],[3.082056422865754,45.69920212426215],[3.082323689180164,45.69918121815909],[3.082728456307012,45.699158409589586],[3.082726931575931,45.698998124272961],[3.082741987581868,45.698754081626021],[3.083073434742763,45.698686301349511],[3.083233981843868,45.698628551801512],[3.083436823138497,45.698496030414361],[3.083794906507884,45.698198604472104],[3.083923136520012,45.69801661096438],[3.083959112588691,45.698012982222984],[3.084169858820504,45.698011024032368],[3.084396018825293,45.6980045514767],[3.084523225465451,45.697995451277286],[3.08457847178829,45.697988205939936],[3.084647849557393,45.697978248504342],[3.084832880749818,45.697967303532089],[3.085014058092459,45.697957261649087],[3.085285187702374,45.697946250944973],[3.086116306044203,45.698571456331138],[3.086409087713788,45.698434358391161],[3.08661967053103,45.698327038930302],[3.086730351002068,45.698432310612709],[3.086915748241721,45.698653687226965],[3.087946003294912,45.698419662097024],[3.088709077262764,45.698260578500168],[3.089366853641441,45.698152000486125],[3.089357989117997,45.698233051221791],[3.089346561715657,45.698318606417452],[3.089322404295264,45.698478912011645],[3.089302094675653,45.698634712124907],[3.089297263944378,45.6988265193975],[3.089301225258138,45.69889225171174],[3.089306391719791,45.698908456359312],[3.089312837446162,45.698921058050097],[3.089326997992696,45.69893635508226],[3.089345007960104,45.698948047117995],[3.089368153878246,45.698957033620815],[3.089428578672745,45.698973194425825],[3.089680563209503,45.699040530594374],[3.090059840169436,45.699150087367187],[3.090361991559456,45.699246197451941],[3.090929001828636,45.69942133606466],[3.091364866483535,45.699554255405893],[3.091566716574516,45.699609021199841],[3.091656698347744,45.699624256305285],[3.091818666262159,45.699652039507896],[3.092056627135114,45.699783316285675],[3.092126166237515,45.699869706090055],[3.092191986795167,45.700038043099873],[3.092194887099062,45.700236147599306],[3.092060709078044,45.700691903110659],[3.092337147441377,45.700774521635125],[3.092801066224564,45.700768737636267],[3.093641584038822,45.70079775836502],[3.09395904671155,45.700820006264721],[3.094024261873438,45.700628148385846],[3.094244061063336,45.700654078869213],[3.09477630263321,45.700772496625966],[3.09504514919918,45.700921750850704],[3.095851320079157,45.701151592418277],[3.096076134496778,45.701103675222029],[3.096091581034466,45.701118069826222],[3.096113442265026,45.701126155556175],[3.096153295279622,45.701134225931909],[3.096313939286081,45.701135889720483],[3.096424460208743,45.701135795207279],[3.09651055586437,45.701131219076991],[3.096560664812545,45.701124872750412],[3.096627461523495,45.701107706262945],[3.096781586902257,45.701056246305583],[3.096876634132781,45.701026448602015],[3.097021783718169,45.700986702348615],[3.097159217615558,45.700944261103018],[3.097213176940724,45.700935209708703],[3.097524427850821,45.701806611161942],[3.098453667632499,45.701851727949631],[3.09858727763872,45.701826397535008],[3.098673370978177,45.701820018782954],[3.098837745399116,45.701750537316862],[3.099081485311971,45.702223978913416],[3.099843123950002,45.701970270127703],[3.100127434616043,45.702132105359695],[3.100808496878003,45.702094578254005],[3.101538692969663,45.70221999074522],[3.10184726539272,45.702293552150238],[3.101889735166718,45.702325931258081],[3.101897844119651,45.702542040581903],[3.101767165444038,45.703462455459118],[3.101655290561829,45.704127115206312],[3.101631591477181,45.705218525858506],[3.101551019199398,45.705434715187359],[3.101442154681421,45.705641925068228],[3.101539601477759,45.706216347560435],[3.10116822003455,45.706246397596026],[3.101348545186901,45.707161129687059],[3.101414560950757,45.707415907943783],[3.10108465528683,45.708343705306838],[3.101525572390943,45.708376626988709],[3.101388971654238,45.708881922851852],[3.101231605587751,45.709279178839139],[3.101135677706813,45.709536804094668],[3.101051290566775,45.709780011141625],[3.101045115580028,45.709917791114648],[3.101125158360579,45.710110423443616],[3.101225762193306,45.710300335794955],[3.1010488458599,45.710552630780597],[3.10077289350947,45.710770795591728],[3.100437699804203,45.710926878960784],[3.099863583672024,45.711169619985448],[3.099801621268391,45.711735180449807],[3.099690444540498,45.712096373972066],[3.099764466452556,45.712515034769346],[3.099766700291432,45.713040917010822],[3.099769636524864,45.713243523918891],[3.099713468132972,45.713459690432309],[3.099527757210925,45.71383445704447],[3.099442069398645,45.714076763606862],[3.099699601243889,45.714324169971228],[3.099448287688498,45.714675581821361],[3.099495908953624,45.714708857807665],[3.099676104533506,45.714838368705038],[3.099775244622527,45.714927429186581],[3.099883454722003,45.715056102964716],[3.100030443877122,45.71530360649502],[3.100168346427248,45.715501591137397],[3.100241789033577,45.715596076968339],[3.100404094068135,45.715781432807795],[3.100592145647389,45.71598657615499],[3.100652661143909,45.716040551347966],[3.100700284308702,45.716073826828456],[3.100762039551245,45.716102587222714],[3.100848212321886,45.716127723792788],[3.100907367180575,45.716140277669965],[3.100998652384479,45.716149200784351],[3.101079642291643,45.716151829649029],[3.101209462164395,45.71614450926721],[3.101625861957343,45.716092806871679],[3.102229841866017,45.715987804245131],[3.102844171881906,45.715919708901524],[3.103252897662289,45.71589051966766],[3.103390426084756,45.715881388738218],[3.103452125250024,45.715879531155643],[3.103530543939976,45.71588216061879],[3.103570403609834,45.71588752692351],[3.103594785370213,45.715864992345487],[3.103620471135049,45.715852361919566],[3.103651307199018,45.715844229186587],[3.103683432098138,45.715837896233552],[3.103786264503889,45.715835100138285],[3.103860818287447,45.715833230495512],[3.103970067861348,45.715825025398118],[3.104006052503093,45.715820489766756],[3.104033032089104,45.715812360487575],[3.104058712647362,45.715797028505754],[3.104162927081536,45.715845558545638],[3.104327516315656,45.715871520453362],[3.104539681701717,45.715904641903485],[3.10484957384152,45.715953880859765],[3.10500902867141,45.715983448496694],[3.105142808455878,45.716031049599046],[3.105283039836039,45.716091251334682],[3.105405316044802,45.71617308137472],[3.105563582564644,45.716253076609924],[3.105711534726052,45.716316872531543],[3.105877452937069,45.716364442620154],[3.106097320212372,45.716390350011849],[3.106192444093742,45.716389359951464],[3.106340243269526,45.716373011851267],[3.106509869516077,45.716343135630325],[3.106615291034847,45.716349339378361],[3.106790092010049,45.716336567093961],[3.106868509766771,45.716338293749658],[3.106764471053393,45.716382516200454],[3.106683577797708,45.716430318600089],[3.106601430156834,45.716494330893944],[3.10652188104238,45.716572748464543],[3.106423104834533,45.716679999717684],[3.106255127986029,45.716899877012992],[3.106166684764121,45.717033232425941],[3.106110722363887,45.717345754120402],[3.106560254739749,45.717808180416739],[3.106757461549631,45.718079040436507],[3.107041976321211,45.718293086557942],[3.107375142418359,45.718403529615223],[3.107683925087611,45.718534706189416],[3.10790522614918,45.718631747182371],[3.108106781346303,45.719149334188678],[3.108238497294524,45.719450871004788],[3.10831464289878,45.71960298020435],[3.108349479913988,45.719667781805484],[3.108398458158146,45.719732569799099],[3.108513111394812,45.719854025267558],[3.108616175602783,45.719965586427975],[3.109092878726709,45.720494612620342],[3.109327392979894,45.720767233077893],[3.109456149074605,45.72086706222624],[3.10949863756473,45.720899438507146],[3.109860377298717,45.721145820085937],[3.109896423963687,45.721170998596847],[3.110335380368196,45.721456024314726],[3.110363717448594,45.72148301119725],[3.110589109677014,45.721689001922158],[3.110656087212177,45.72175197031455],[3.110961252708265,45.721989399028423],[3.111075899974964,45.722102747537463],[3.111118457301388,45.722168441178489],[3.111164877009455,45.722236832457497],[3.111286083760903,45.722415009381486],[3.111502561904776,45.722659728058709],[3.111719041964361,45.722904446324087],[3.111849286021346,45.723099722959219],[3.112051833424026,45.723446209504495],[3.112133163171443,45.723610917852113],[3.11218485398043,45.723741437115315],[3.112205654602502,45.723854877841937],[3.112165950890853,45.723929657815795],[3.112185405608425,45.724013383798123],[3.112420336246134,45.724476000372867],[3.112452670222144,45.724570519319748],[3.11245538621404,45.724641655128536],[3.112614870157808,45.724671212022905],[3.113172640563102,45.724567097415168],[3.113316661558026,45.724579559574096],[3.113465847474113,45.724602822202044],[3.113519976927682,45.724666702329273],[3.113980463286573,45.724770694274213],[3.114215827507406,45.724811878502983],[3.114258262282622,45.7248154374549],[3.114590028481627,45.724844816821971],[3.114809952244467,45.724879712090839],[3.115035052715788,45.7249308104264],[3.115351414395171,45.724971009122982],[3.115699890311216,45.724997666664848],[3.116053395913628,45.724970288693527],[3.11613182431001,45.724971108420263],[3.117171293197546,45.725271696254637],[3.117173963780977,45.725318518838741],[3.117198540706533,45.725388731332465],[3.117459644812918,45.72543978740002],[3.117841819393247,45.725591571003768],[3.118067035140604,45.725693990973497],[3.11823693583757,45.725782060716099],[3.118438935252744,45.725849385269427],[3.118619147750432,45.725949149945407],[3.11882764448291,45.726047984039397],[3.118952603886462,45.726162214211286],[3.118960335567597,45.726170310443337],[3.119192242416796,45.726392485988143],[3.119349367629842,45.726516587079672],[3.119467826655434,45.726596605030821],[3.1197122826853,45.726674688167584],[3.120177997043643,45.726804763437237],[3.120488064235479,45.726899884207064],[3.120670790467582,45.726969926832545],[3.120748069736961,45.727031977754535],[3.120826715572757,45.727130947161413],[3.120893707417798,45.727192108521223],[3.121286696964734,45.72757529427524],[3.121849583539789,45.728036637635931],[3.121978194447271,45.728052707349555],[3.122854153581093,45.728214744577073],[3.123009826161342,45.72825779826249],[3.123138498072788,45.728300881225934],[3.123255730818293,45.728403408754701],[3.123425638053284,45.728486968263915],[3.123610908546981,45.728540794572091],[3.123760081265233,45.728551436782546],[3.123896477101038,45.728598112356444],[3.124014906777233,45.728660115824773],[3.124169384710795,45.728742790698867],[3.124308379216001,45.728801169258084],[3.124541206879399,45.728846837204948],[3.124660915463302,45.728905236632279],[3.124803636120363,45.728905078740929],[3.124961881672149,45.728947226400585],[3.12509443236205,45.728998407230421],[3.12516526201953,45.729047855464273],[3.125272105774698,45.729102666573368],[3.12539690162179,45.729135845903848],[3.125579653728265,45.729211283497811],[3.125735292334927,45.729237224192886],[3.126024639892381,45.72925761237083],[3.12610182159038,45.729272834371592],[3.126441561983819,45.729401223677094],[3.126586923504264,45.729430776675017],[3.126770930965912,45.729491803123409],[3.126841632632365,45.729484519701948],[3.127056379432541,45.729493282789697],[3.127201762236457,45.729531839852797],[3.12751294533287,45.729541393720005],[3.12769306563158,45.729588915739818],[3.12805317370729,45.729626327828122],[3.128215251938307,45.729655859741776],[3.128270421811482,45.729604469167271],[3.128384695957102,45.729535001518059],[3.128474581748237,45.729483571308073],[3.128627458213126,45.729426666253389],[3.128988446274859,45.729290280141058],[3.129165663144475,45.729195526005959],[3.129346654593216,45.729065648225358],[3.129898393648536,45.728577849839944],[3.129999810238155,45.728510196342413],[3.130024188909947,45.728488556516233],[3.130083202628712,45.728432658181752],[3.130161462347616,45.728359628325542],[3.130544658593644,45.727831499271417],[3.131035704112796,45.72724201044182],[3.131101142002008,45.727185203621517],[3.131162731108962,45.727132003193077],[3.131352709066301,45.72700121125272],[3.13159523796956,45.726801920576023],[3.131966107003735,45.726506127009813],[3.132100801718971,45.726378099969395],[3.132398535189534,45.726147225788651],[3.132644373742728,45.725722806971227],[3.132799458784424,45.725520915091799],[3.133122378263547,45.72507389222082],[3.133211909699002,45.724880181556195],[3.133240133868219,45.724854934540552],[3.133249114083058,45.724846819535443],[3.133347922326596,45.724768360256768],[3.134076009518481,45.724400097639666],[3.134249362494902,45.724312544013145],[3.134717993982803,45.724050843487063],[3.134816857987409,45.72399669602833],[3.134952862999976,45.723883972313672],[3.135047713399445,45.72376589481415],[3.135092519855851,45.723687498682366],[3.13509860936044,45.723548816246002],[3.135117810465339,45.723514574693986],[3.13512806043208,45.723500154602107],[3.135194830365103,45.723465856010129],[3.135449233689653,45.72340251648609],[3.135585348537644,45.723335716760779],[3.135693216527256,45.723284259167919],[3.135820253917108,45.723185953007665],[3.135992128699699,45.723022757497397],[3.136252404855701,45.72273518758891],[3.136281712471126,45.722628894593207],[3.136300610716261,45.722472186855306],[3.136324689059484,45.72233078114543],[3.136341262251317,45.722274030367494],[3.136368007103141,45.722171342402838],[3.136448689817343,45.722045176476755],[3.136587206775935,45.721911736533912],[3.136730858810416,45.721775588729592],[3.136809046873773,45.72168094264709],[3.136857487585442,45.721514293601317],[3.136888219395929,45.721464729458127],[3.136948560021919,45.721431338122279],[3.137035924881704,45.721408719760966],[3.137064315132471,45.721451908662338],[3.137171421768661,45.72161386619775],[3.137251357013803,45.721705618665737],[3.137363390184321,45.721780222702463],[3.137467665249499,45.721836826331881],[3.137598893497386,45.721875387213039],[3.137879290711705,45.72192907389222],[3.138117418489825,45.722044945333813],[3.138275773876754,45.722134800000056],[3.138534637891086,45.722316380744971],[3.138673574961472,45.722352229441547],[3.138802188835352,45.722372782383331],[3.138928170492392,45.72236902524849],[3.139086269968549,45.722356223472786],[3.139419383765997,45.722410741764229],[3.139562139881656,45.722431276348928],[3.139742167743571,45.722447262118543],[3.140077739947205,45.722456751021575],[3.140356829469809,45.722499627316509],[3.14047266355805,45.722549910366979],[3.140557702365365,45.722623644385756],[3.140672274173145,45.722682933685611],[3.140786775167643,45.722714307830685],[3.140990103994956,45.722792396178932],[3.141067329020852,45.722826518116044],[3.14112402081412,45.722875073514054],[3.141185786273815,45.722896607889965],[3.141306711561952,45.722926172486567],[3.141445564448478,45.722927799333789],[3.141499544876719,45.722921428177315],[3.141725733057315,45.722888726482694],[3.142147542798216,45.722935921278577],[3.142336653590882,45.7229834085364],[3.142469203743356,45.723033668434098],[3.142600401169658,45.723057815734485],[3.142793381301545,45.723109799773347],[3.142900235706096,45.723166395125688],[3.142967105164181,45.723172613760717],[3.14333123706619,45.723286513379037],[3.144125129625068,45.723535836927518],[3.144300125539976,45.723592343823164],[3.144521442823266,45.723663198886101],[3.144594797813673,45.723691019957343],[3.144800702196401,45.723767297169502],[3.145217527608288,45.723871217647648],[3.145356435049127,45.723892650350074],[3.145442623635343,45.723911449442021],[3.145551994365801,45.723945526839294],[3.145676793110126,45.723979584196051],[3.145898087576216,45.724040531222215],[3.146465415687696,45.724173067844085],[3.146582482443641,45.724199930339559],[3.146747149879876,45.724238437110053],[3.147068814556418,45.724331668724417],[3.147361017949024,45.724465459905453],[3.147438292452234,45.724515786213402],[3.147492468259685,45.724582351478389],[3.148196294665731,45.724792142737918],[3.148252951282824,45.724824485825408],[3.148566881227542,45.724907817976799],[3.148682589833608,45.724906764949566],[3.150020565391554,45.724751909456614],[3.150049377942767,45.724946376584185],[3.150072984431206,45.725117437941108],[3.151036413400783,45.725281841215995],[3.151102177784984,45.725352891672479],[3.151180850931195,45.725442835037128],[3.15122102496224,45.725558944156269],[3.151221172696424,45.725612973259899],[3.15120072468144,45.725658025103542],[3.151293432704255,45.725708328080295],[3.152025697057413,45.725963081740581],[3.153218655916534,45.726363084635132],[3.154959909326287,45.726962231121021],[3.155197877231701,45.727000624802848],[3.154751548061324,45.727395652293339],[3.154797408319033,45.727702655933648],[3.154822311375553,45.727871913590072],[3.155388738292582,45.728119669199991],[3.155729883649207,45.728268679619951],[3.15580066111478,45.728290193563751],[3.159657604479155,45.729953403459142],[3.160356645029276,45.730246871270943],[3.160500803806627,45.730297994015778],[3.16117818266117,45.729332604194745],[3.161261409152782,45.729212720178381],[3.161307508034046,45.729147819041494],[3.162572549866841,45.727341422564407],[3.162617365212583,45.72727832372334],[3.164391823482085,45.724730068840685],[3.164568458636473,45.724465067488104],[3.16462491541838,45.724427164540636],[3.164879753627775,45.724088208415274],[3.164887373614884,45.724056680170143],[3.165300821674086,45.723447344433424],[3.165403261124074,45.723309419434408],[3.165485706465719,45.723364228244989],[3.165683962342884,45.72345308541896],[3.165767591260383,45.72347367371929],[3.165870421189595,45.723466318562799],[3.166099098150343,45.723410151584012],[3.166922387919133,45.723141490479996],[3.167493680724261,45.722871397059251],[3.167999425751779,45.722609502836654],[3.168364227729586,45.72250540242451],[3.169248123616134,45.722304170430021],[3.169412514321331,45.722248993705634],[3.169599907690101,45.722148757708169],[3.169684769215455,45.722152231962539],[3.169665435292595,45.722136052267274],[3.17006818462428,45.721831980750551],[3.170185102716974,45.721808391605158],[3.170717714463268,45.721511325555227],[3.170976904271477,45.72134884480549],[3.171336187321235,45.721127679618938],[3.171452988935543,45.721067169302067],[3.17164045284753,45.720992143481411],[3.171752214966122,45.720964958604156],[3.171833159303178,45.720949526946363],[3.172002836959381,45.72094296476385],[3.172153323293828,45.720966147758098],[3.172700222991397,45.721133702623916],[3.173079759332573,45.721224970390743],[3.173306299981039,45.721312870236211],[3.173319175670754,45.721319153861749],[3.173642323363888,45.721466336715558],[3.174502426257483,45.721884636340548],[3.1745075999385,45.721894533707633],[3.174740422859678,45.721934695056319],[3.174890821921562,45.721929058900237],[3.174981199082406,45.722050484632383],[3.175103722681853,45.722173661344286],[3.175415706548837,45.722446024413657],[3.175677548343111,45.722716663800355],[3.175747149568477,45.722772385621901],[3.175894008944067,45.722865807415126],[3.176767080143579,45.722502445336147],[3.176724024509514,45.722305305795309],[3.176718154106979,45.722077491338638],[3.176712125512553,45.721800150251838],[3.176710756472608,45.721774038224162],[3.176738225429806,45.721519156849432],[3.176785012559424,45.72127505104357],[3.176783695306197,45.721265147733355],[3.176788400173384,45.721128266070522],[3.176777513931559,45.720940081002666],[3.176760245906316,45.720766313761928],[3.176736691099511,45.720636680322393],[3.176705492000103,45.720528670590106],[3.176652320366417,45.720383775248749],[3.176564202941305,45.720165094554275],[3.176540832799609,45.720093092063898],[3.176520033845865,45.720021085543003],[3.17668088174318,45.72006855945903],[3.17737440462272,45.720255672500215],[3.177600867164287,45.720318350154088],[3.178848971091385,45.720656761654951],[3.178692470287641,45.719966334995],[3.17851543371566,45.719284945563714],[3.178346329550155,45.718670179498709],[3.178160041735069,45.71790776024644],[3.178115963078938,45.717792567368647],[3.178051216402565,45.71724697360618],[3.177877169668117,45.716290929617124],[3.178845906723266,45.716130910798661],[3.178975617682975,45.715695768996788],[3.178938321779666,45.715690425277643],[3.178891981048538,45.715670688085908],[3.178751548463811,45.715572757630852],[3.178714174112348,45.715543100774518],[3.178656133575531,45.715482860056184],[3.178629028454624,45.715448684453165],[3.178601876846816,45.715400101102674],[3.178591511792232,45.71537490384965],[3.178595266399192,45.71534338080631],[3.178610569734504,45.715305536045037],[3.178629787567306,45.715285694846635],[3.178604017440283,45.715266825425587],[3.178570476475477,45.715229958541343],[3.178495897005647,45.715222872758133],[3.177667506436898,45.715450204087652],[3.177542605371531,45.714983947904202],[3.178221965337975,45.714783867874417],[3.178544352536635,45.714703214215028],[3.179769871990306,45.714458134484083],[3.179992099730704,45.714410954445917],[3.180380024481642,45.714325688416913],[3.18055596687375,45.714275879860608],[3.180634319285352,45.714257744557237],[3.181169900970545,45.714121811733754],[3.181597522220009,45.71399145327856],[3.182129227875412,45.713851019693742],[3.182237078552877,45.713813024862262],[3.182131134578877,45.713649307208726],[3.181983868466556,45.713428024924973],[3.181881817727964,45.71327510661839],[3.181748855749624,45.713103327813577],[3.181600425470728,45.712918066452772],[3.18142492612539,45.712709435777306],[3.18129588802091,45.712557460876212],[3.180750705306094,45.71171728040845],[3.181112265820414,45.711437548656434],[3.182370262988591,45.711322058690364],[3.182961350423184,45.711267071450436],[3.186281640513544,45.710941058965496],[3.187391727200463,45.710804145561248],[3.187959784115815,45.710783388939532],[3.188700233882972,45.710808265874533],[3.190064923462697,45.711077920363543],[3.190163986303586,45.710730164727067],[3.190233237373543,45.710310420256533],[3.191193844969515,45.710442067125079],[3.191666435137325,45.709579497025253],[3.192130207415532,45.709142871008979],[3.19247574983621,45.708713648962373],[3.193216025086429,45.708327873774401],[3.193443055613846,45.708194212057293],[3.194013202421699,45.707678152685666],[3.194468035307742,45.706902048332516],[3.194435657002902,45.706831866107173],[3.193803706533807,45.706579016882635],[3.192818112411594,45.706267337498893],[3.192925448863021,45.705719656966451],[3.193059999023714,45.704868465220379],[3.193510969433899,45.704828070297509],[3.19377813538583,45.704782586830326],[3.194358534116445,45.704634807801419],[3.194256858982995,45.704227962452485],[3.194147796540003,45.703912979541748],[3.194559898740221,45.703786200501646],[3.194508165237377,45.703693539525418],[3.194695624568301,45.703642788488743],[3.195334961796817,45.703448077196249],[3.194969720616774,45.703012873429131],[3.194703505692173,45.702595507216841],[3.194553474259699,45.702324719425718],[3.195689414535654,45.702284932120321],[3.196464153083459,45.702949044858883],[3.197036533828318,45.703444214537051],[3.19721208190902,45.703658223663567],[3.197460556364879,45.704139549772854],[3.197598531291459,45.70498756788767],[3.197643267605867,45.705278347164175],[3.197574248396183,45.705385626293072],[3.197605598700549,45.705526947995509],[3.197293451104477,45.706293810457403],[3.197151047313199,45.706727194567186],[3.1970780359187,45.707157755719628],[3.197037257864038,45.707617076117778],[3.19716969890737,45.707633053289562],[3.197430696474318,45.707656909575348],[3.197618388502538,45.707668286978077],[3.197705787249042,45.707668133697211],[3.19795256662191,45.707669501503986],[3.1981517779038,45.707667350458649],[3.19850128886851,45.707643322721331],[3.198643951167447,45.707642170877499],[3.198733926889519,45.707643813234242],[3.198822620578074,45.707646358269344],[3.198821846628503,45.707788636817867],[3.198819602928796,45.707879590115311],[3.19882514535281,45.707991240913785],[3.19883971069178,45.708110079702799],[3.198867138690968,45.708231597261381],[3.198897046743655,45.708327896758711],[3.198943715524273,45.708438574481598],[3.198990400686796,45.70855375460021],[3.199170022961567,45.708821782915933],[3.199256874472661,45.709026040312068],[3.199275086100596,45.709086340849943],[3.199280318160829,45.709111545279939],[3.19929086988254,45.709186267176776],[3.19949215771685,45.709402028345337],[3.199761822757606,45.709687906105323],[3.199965701184004,45.709908164293893],[3.200123234331142,45.710107793178828],[3.200385458250049,45.710466622270076],[3.200513392394762,45.710655497377573],[3.200730447827467,45.710963078175304],[3.200787349773407,45.711058428631198],[3.200891067591648,45.711303176763835],[3.200902733941437,45.711330170633268],[3.201072094835261,45.711599114779453],[3.201243076890604,45.711959905645074],[3.201323635340722,45.712197490837653],[3.20141074928204,45.712470183329557],[3.201690861887674,45.712441767288283],[3.202091662296994,45.712375313693535],[3.202808269865399,45.712200232208524],[3.203796822048287,45.711875173627718],[3.204275797372845,45.711747337635252],[3.204785720686435,45.711994046773114],[3.205141175677215,45.712179801608521],[3.205447664702421,45.712332326500089],[3.205634544106288,45.712466158572219],[3.205878266439937,45.712676428091079],[3.206245533065623,45.712925192124466],[3.206436302849005,45.713067120162627],[3.206588050760573,45.713085752406727],[3.206702569235336,45.713117059572781],[3.206817134973697,45.713160973383033],[3.20695625832803,45.71324086155299],[3.207141754510892,45.71334677852456],[3.207391673811854,45.713493098685866],[3.207507661406783,45.713573028746225],[3.207644317372323,45.713679935288965],[3.20795482343334,45.713871167039564],[3.208298827259817,45.714082146804841],[3.208387701327857,45.71412970845892],[3.208481693497507,45.714170957152795],[3.208646452238602,45.714230084581864],[3.209054388839573,45.714349994284312],[3.209414701407111,45.714452881708304],[3.209591034304985,45.714512886746654],[3.2104004149899,45.714732899217424],[3.211643623923525,45.715115981219604],[3.211745277738595,45.71514280498721],[3.212131178270881,45.715211417086593],[3.211938722990382,45.715306330492702],[3.211743734057436,45.715411153711941],[3.211557814912255,45.715534869847488],[3.21138479083779,45.715669367366758],[3.211266941140241,45.715777647031523],[3.211191483856563,45.715878643240615],[3.211118683156605,45.716002146657985],[3.21105757506961,45.716158045753886],[3.211020832281666,45.716298590887668],[3.211014875531438,45.716421969084998],[3.211033270754404,45.716526391417638],[3.211072278451401,45.716642481515542],[3.211134418191875,45.716756727297415],[3.211237724785601,45.716879000313924],[3.211338385159975,45.716981467431296],[3.211420987038582,45.717067759521655],[3.211516523329699,45.717174738540244],[3.211630129320768,45.717300593835013],[3.211768277581332,45.717457019556001],[3.211888326050507,45.717586464449745],[3.212023925447446,45.717748297591136],[3.212151905813508,45.717934458129051],[3.21221675155478,45.718082916840132],[3.212271320391604,45.718233195847766],[3.212342705047298,45.718410457842708],[3.212399873269259,45.718567935812594],[3.212442838709266,45.71870923171064],[3.212543243355799,45.719078243174884],[3.212587415498378,45.719198825487901],[3.212636771558745,45.719330203882045],[3.212675715349153,45.719428283784673],[3.212713380653264,45.719528167066436],[3.212752300472766,45.719619943562179],[3.212806754483697,45.71973960590018],[3.212829028191938,45.719848523097454],[3.212855186393184,45.719964636873904],[3.212860408343164,45.719985338275862],[3.212849250666684,45.720092517613473],[3.212829090518216,45.720198813457621],[3.212789567080974,45.720284434588137],[3.212725801244889,45.720417827406891],[3.212659308149863,45.720510703299205],[3.212565956173445,45.720639649388509],[3.212397086542131,45.720855184719937],[3.212127455506588,45.721279823059035],[3.211940887518618,45.721574634106055],[3.211838601842568,45.721721606185248],[3.211572223200447,45.721990452367287],[3.211400540297958,45.722144758187042],[3.211178985634291,45.722369395378429],[3.210549615979482,45.723199023158166],[3.209995004088131,45.723744853921069],[3.209453186709712,45.724277150837281],[3.209138385097489,45.724666746856094],[3.208940705143566,45.725090343609921],[3.208903610953139,45.725481224943607],[3.20891358363444,45.725738746565462],[3.209049626602476,45.726014944784716],[3.209346299842206,45.725928847751447],[3.209411860291127,45.725926024525364],[3.210599630554953,45.725867081174997],[3.211717987903165,45.725812758129152],[3.211860672647371,45.725805286169717],[3.211894086958146,45.725801621413453],[3.212027747609282,45.725787862772876],[3.212107533298288,45.725806622984273],[3.212373911093958,45.725868255323796],[3.212515303274337,45.725858983990818],[3.212617674428386,45.725732722378162],[3.212578760914348,45.725643647250173],[3.212501235283374,45.725543839015195],[3.212449568980706,45.72548180257985],[3.212423578499863,45.725409812356681],[3.212436158657679,45.725337749455996],[3.212500200743341,45.725274594466455],[3.212602813165373,45.725211366711896],[3.212821140132581,45.725148820976493],[3.2135304050701,45.725035819095048],[3.213565097529254,45.725030350441841],[3.213969807540185,45.724957543865372],[3.214424626392004,45.724876536131049],[3.214445144815817,45.724862989754257],[3.214524643571019,45.724807908619404],[3.214833661816762,45.724593904054665],[3.215414508755935,45.724192077654983],[3.215569655808895,45.724084622791963],[3.216758251192025,45.723263798365515],[3.217924947494118,45.722767180106793],[3.218185602688364,45.722683830861222],[3.21824081699703,45.722666614676889],[3.218843022521801,45.722475443882232],[3.218926484379806,45.722449167623104],[3.219451644809566,45.722282456394112],[3.219501783769606,45.722282358780802],[3.219718938119946,45.722253120075045],[3.220204509288089,45.722154019236669],[3.22024176691616,45.722147643024499],[3.220782487996034,45.722016014295612],[3.221568342207285,45.721780345090842],[3.221677492106043,45.721748613360454],[3.222378699339327,45.721565333337132],[3.222405671540893,45.721558976697573],[3.222685540211057,45.721461171281632],[3.222785598998281,45.721406944182903],[3.22293584288573,45.721364324132395],[3.223114442213556,45.721339657566183],[3.223327672365501,45.721295111335223],[3.22342269698966,45.721267908344579],[3.223526713371565,45.721238886464896],[3.223621748723626,45.721214384755115],[3.223963241458551,45.721096643121626],[3.224176261950414,45.721000767765204],[3.224921670393217,45.720626480093344],[3.225732698810297,45.720268264923291],[3.226540088715386,45.719965881603287],[3.226609446246389,45.719950433869826],[3.226730111686225,45.719906967717684],[3.226793011759289,45.719884328937923],[3.226880341071928,45.719862541449025],[3.226983104393769,45.719842523796792],[3.227139790766392,45.719805288101092],[3.227674100362145,45.719687146528358],[3.228375384284471,45.719533545156494],[3.22900986063682,45.719390881038365],[3.229212786698556,45.719344543608983],[3.22926930218179,45.719332722308508],[3.229397752143848,45.719307247265988],[3.229626422092843,45.719268961111354],[3.229729213238766,45.719256144816882],[3.229837157735597,45.719246019392159],[3.230010691101767,45.719242063486114],[3.23040143996436,45.719227758168891],[3.230929707834985,45.719205065452705],[3.230938706631082,45.719205047017745],[3.230979802619542,45.719195057427136],[3.231059491180318,45.719191292155742],[3.231352606046741,45.719193392443515],[3.231684340003672,45.719208019466684],[3.231778199687468,45.719211428482716],[3.231860478176094,45.719212159770997],[3.231936302522502,45.719206600847173],[3.232030320877049,45.719247829916561],[3.232103687531847,45.719269290645911],[3.232498777180079,45.719370231872446],[3.233463947736346,45.719607767517886],[3.234404700999276,45.719845345695653],[3.234862871667454,45.719965057769386],[3.235232248589641,45.720063341537383],[3.235698124731513,45.720180332675106],[3.236033995291398,45.720258873085008],[3.236081611220273,45.720270479752152],[3.236575673289877,45.72036399548945],[3.236688895841952,45.720385369594212],[3.237285852051165,45.720489472025889],[3.237525126963916,45.720525888232558],[3.237729660743215,45.720555173276686],[3.237921335125308,45.720583584600654],[3.2380615440837,45.720602198898675],[3.238152874150537,45.720614612860309],[3.238282771508212,45.720626945233541],[3.238510345462081,45.720632767405988],[3.239120978055961,45.720627871840392],[3.239176253885687,45.720626854086703],[3.239182681760419,45.72062684044873],[3.239266283086317,45.720635667944677],[3.239673931366823,45.720662717197612],[3.24052390054269,45.720707732405117],[3.240853086615205,45.720725039380596],[3.241045974203489,45.720736333482762],[3.241173281704048,45.720744165611968],[3.241346905403739,45.720760002863734],[3.2416247593911,45.720798128757885],[3.24202739379845,45.720853995953604],[3.242095592607513,45.720868257364522],[3.242364503828779,45.72091900751218],[3.242880516322976,45.721030458276395],[3.243301342023197,45.721129505289447],[3.243829043794005,45.721267040724847],[3.244055589678339,45.721330485342683],[3.244347856452781,45.721428906215664],[3.244499855019872,45.721496113464362],[3.244745889779285,45.721605439460568],[3.244814161961382,45.721635907906368],[3.244886298989255,45.721668168897239],[3.244980295283241,45.721701282832605],[3.245116704530382,45.721731603006234],[3.245354660429088,45.721758100088806],[3.245907524869505,45.721769502336514],[3.245994953758935,45.72177111257308],[3.246073399470304,45.721776344314165],[3.246137731632655,45.721787910252772],[3.2462213678936,45.721803936448417],[3.246240639895595,45.721801192881927],[3.246657190964423,45.721803884210232],[3.24774249709469,45.721859135778743],[3.2486914746411,45.721902070856167],[3.248879180943764,45.721903457598003],[3.24892933166345,45.721906048342781],[3.249003884543924,45.721903182222775],[3.249298945425604,45.722048409649382],[3.249574642425995,45.722175669358464],[3.2498322973642,45.722293062980754],[3.250241680511804,45.72241552226707],[3.250603375171404,45.722511071359051],[3.250869718693135,45.722559105493069],[3.251021487157921,45.722573175515549],[3.251337774125593,45.722577873754446],[3.251538318508067,45.722574724995667],[3.251715660241963,45.722558120323114],[3.251903237603646,45.722530686607065],[3.25213448063181,45.722493249524739],[3.252379807604185,45.722443173562603],[3.252513359601897,45.722409556326603],[3.252596813581581,45.722385056106333],[3.252651996307546,45.722363320660769],[3.252712292645066,45.722335270287289],[3.252807218159903,45.722289132407667],[3.252872669138106,45.722263771862103],[3.252936834444577,45.722238414163066],[3.252959926032925,45.722227556457263],[3.253009957776577,45.722204031411756],[3.253065127798848,45.722179594318561],[3.253119016283717,45.722156060566846],[3.253171668577138,45.722143335459187],[3.253319377562665,45.722113287436862],[3.253631441876786,45.722038745501933],[3.253824051505056,45.721987884492727],[3.253988410558867,45.721944290735323],[3.25413990917792,45.721899825239333],[3.254195090813327,45.721878089039123],[3.254261793153799,45.721845520934274],[3.254541731244968,45.721774650893337],[3.254591811646861,45.721761930928253],[3.254916545636299,45.721647735203987],[3.255155139251672,45.721532833051526],[3.255344866888423,45.721415339614069],[3.255447381566536,45.721343068071171],[3.255515293233182,45.721294287641115],[3.255580687697689,45.72125721926227],[3.255652522500902,45.721222837713746],[3.255735944153801,45.721192031799397],[3.255879729956143,45.721148481947402],[3.256010722201804,45.721118468333991],[3.256168732439706,45.721092895632147],[3.256382031004957,45.721068997963691],[3.256641668899183,45.72105760128261],[3.257122515006295,45.721064609994762],[3.257168850468126,45.721076210687301],[3.257201023579798,45.721083341217543],[3.257225516694117,45.721097693192569],[3.257235839066404,45.721105774060049],[3.257246224265192,45.721127362151726],[3.257250269495614,45.721167875026218],[3.257246634916682,45.721492060168138],[3.257249767559264,45.721889169667762],[3.257266874439065,45.722250227636223],[3.25727683750412,45.722733768734493],[3.257279409485729,45.72328666454959],[3.257248357794312,45.723797314018114],[3.257193439199503,45.724152232930479],[3.257181420121204,45.724332358631649],[3.25718882830668,45.724543056724414],[3.257211367244293,45.72468978540801],[3.257241193112676,45.724744647334738],[3.25729817313772,45.724832765468278],[3.257186684008176,45.724911362614634],[3.25723460156342,45.724985994082964],[3.25726055382967,45.725037262878445],[3.257280081944456,45.725089446820228],[3.257309024615266,45.72523075792769],[3.257390966398472,45.725709632352213],[3.257459884883978,45.726152516814778],[3.25748001728977,45.726334370128463],[3.257482045063163,45.726493752501113],[3.257465963852921,45.726629763451022],[3.257430747712755,45.726798235789211],[3.257374955624996,45.726965854599563],[3.257342063219479,45.727081192604523],[3.257321939955697,45.727177591134101],[3.257307047519388,45.72729288804608],[3.257296607129109,45.727536044603866],[3.257295740796439,45.727902546667593],[3.257294694301062,45.728230328010227],[3.257270839277895,45.728630200740447],[3.257254095315744,45.728900386447656],[3.257222206733004,45.729231840143619],[3.25718053823793,45.729672275642706],[3.257172463224902,45.729871302732647],[3.257179964250583,45.730101811507744],[3.257198342265251,45.730459264812666],[3.257231534634,45.730960763012682],[3.25726540178879,45.731330787874704],[3.257276731557884,45.731554984486742],[3.25728787288153,45.731738659398154],[3.25727606193874,45.731963809309647],[3.257249972576527,45.732160176060596],[3.257208339779797,45.732332264984798],[3.25735861195153,45.73229500192592],[3.257605137674247,45.732217897157923],[3.258080160083277,45.732058324317826],[3.258351081009057,45.731973958139704],[3.25871948869729,45.731838940115622],[3.2590327050693,45.731725659497563],[3.259303614466926,45.731639490068034],[3.259560408500123,45.731559655924414],[3.259822345096627,45.731479809344464],[3.260012401796103,45.731427142693711],[3.260202487793598,45.731380779097861],[3.260315542796836,45.731359806825772],[3.260399087393203,45.731352409976715],[3.260492931277029,45.731347690747434],[3.26058554024248,45.731353780197352],[3.260684637775104,45.731372461457006],[3.260801821849983,45.731409110635163],[3.26086230657592,45.731419776618239],[3.260912496227867,45.731428665408608],[3.260958790175275,45.731429458765476],[3.261033278758472,45.731410376010281],[3.261114136882649,45.731378671567775],[3.261260427239748,45.731316198745027],[3.261415735039845,45.73125730679326],[3.261772596474982,45.731130409968422],[3.262196263147163,45.730991650284196],[3.262528793253427,45.73088641944603],[3.26278815931241,45.730808372931321],[3.263045030123059,45.730746540496014],[3.263322503294845,45.730690962804843],[3.26369122522068,45.730626166142244],[3.263849276258846,45.730604184587584],[3.263972696403352,45.730600293735058],[3.264138647036563,45.73061701443693],[3.264487363148534,45.730671126983331],[3.2646109040462,45.730692448926746],[3.264751164855789,45.730714631968198],[3.26499953726853,45.730758172601554],[3.265153933671298,45.730778520934827],[3.265318642590681,45.730804247743208],[3.265462718172185,45.730817416003326],[3.265633782872082,45.730827819021968],[3.265845971941656,45.730833622364706],[3.266085132755689,45.73083305821514],[3.266385956091162,45.730820641493544],[3.26671890283052,45.730803645523288],[3.267041549842336,45.730783971487433],[3.267360356611768,45.730767907602647],[3.2675981790265,45.730756537510594],[3.267859080472872,45.730731604708126],[3.26806725483519,45.730704995688917],[3.268262597136249,45.730683819769538],[3.268506821804629,45.730667029573667],[3.268747197657918,45.730652049006807],[3.268973442653635,45.730639803114713],[3.26914315153507,45.730635796167853],[3.269280658238999,45.730620159478995],[3.269515767572729,45.730579976067752],[3.269664793577788,45.730553505466965],[3.269866502227681,45.730519704648216],[3.269933311253676,45.730508738815132],[3.270137639568155,45.730484836653773],[3.270248174575504,45.730475566847346],[3.270259746795951,45.730475539109648],[3.270324032507435,45.730474484507972],[3.270385786238156,45.730481540371976],[3.270585710487679,45.730345986917641],[3.27075872462744,45.730229408070578],[3.270988136457533,45.730076673731524],[3.271176582804905,45.729960957641758],[3.271256050029626,45.72990943842558],[3.271338013569882,45.729842604777097],[3.271524955954488,45.729682767601304],[3.271728559302661,45.729512084054953],[3.27195527435994,45.729335040949415],[3.272101263494987,45.729214923248804],[3.272272887593567,45.729078534595132],[3.27248675922327,45.728905123401042],[3.272695450942339,45.728724520390323],[3.272826087719308,45.728620647739682],[3.272943915328151,45.72852671136198],[3.273083529218525,45.728418314218004],[3.273215463641507,45.7283171394484],[3.273349986884816,45.728219560216395],[3.273426909251194,45.728174349080561],[3.273588454720916,45.728081206487758],[3.273739789466936,45.728003396822707],[3.273941209767708,45.727913758870883],[3.274227381116191,45.727802302637429],[3.274459684415451,45.727717991589991],[3.274648352481572,45.727649995228354],[3.274820350280929,45.727591044108792],[3.275078406759923,45.727514773436177],[3.27538013703789,45.727430291075237],[3.27562157624657,45.727373870573892],[3.275825733326425,45.727318441262838],[3.275969550687236,45.727281169140483],[3.276054242400777,45.72724764358864],[3.276132518869723,45.727216835162366],[3.276219759348564,45.7271788007818],[3.276400623558066,45.727093711245487],[3.276562264436107,45.727021275467507],[3.27671747629116,45.72694885523665],[3.276830412295153,45.726907155342737],[3.276901018627493,45.726885370137602],[3.276933134532719,45.726879888301319],[3.276943415769688,45.72687896255453],[3.276997393385689,45.72687432748878],[3.277084772591785,45.726864207358247],[3.277204217976093,45.726838699952893],[3.277438010724042,45.726796702230608],[3.277843939678073,45.726724563693459],[3.278134239455112,45.726669818361827],[3.278386021690043,45.726625973304664],[3.278541456816646,45.726598574623218],[3.278658329533227,45.726573072030675],[3.278817567028926,45.726534857661242],[3.278862507856705,45.72652304011045],[3.278911255838682,45.726501307707125],[3.27897281544704,45.726470538658106],[3.279354816468985,45.726498408533182],[3.28102138377483,45.726297959411269],[3.281243535894906,45.726243375906606],[3.28207924264905,45.725989150174968],[3.282270361130418,45.725900423570074],[3.282744314316455,45.725556148295816],[3.28448965719686,45.724931318242227],[3.284606597790974,45.724920217179566],[3.284562813050876,45.724656483397972],[3.284518695186298,45.724327914986489],[3.28446393600524,45.723930035497595],[3.284400090151815,45.723515069561323],[3.284350725153485,45.72316580302428],[3.284322254797048,45.722879518247204],[3.284310780140745,45.72264812064293],[3.284306746159317,45.722363575227114],[3.284302152133463,45.721970071655335],[3.284296647501288,45.72164951026781],[3.284311772529942,45.721340603260266],[3.2843283403626,45.721062309355183],[3.284335160410884,45.720888497142973],[3.284327964082355,45.720739033576265],[3.284318117957372,45.72057426832535],[3.284315005234351,45.720468918582021],[3.284334866067067,45.720331093175361],[3.284351083068122,45.720234699600525],[3.284384053977442,45.72014636818988],[3.284424659416361,45.720042709139641],[3.284479354878068,45.719929109104299],[3.284558359814453,45.719792935375935],[3.284655172052504,45.719619796446963],[3.284702204330094,45.719516121069148],[3.28472876506937,45.719431407717295],[3.284746340835604,45.71934941853214],[3.28474837879894,45.719245856781107],[3.284742485647339,45.719099991931529],[3.284695943771989,45.71879934509613],[3.284650317191392,45.718426656565612],[3.284573590946547,45.717755983653198],[3.284557303213425,45.717588533240267],[3.284547855354205,45.71750120935701],[3.284498258578946,45.717106018522344],[3.284461204345148,45.716899899355731],[3.284415031634749,45.716670390395215],[3.284353026238289,45.716361678063791],[3.28431087282604,45.716163676151687],[3.28429493347082,45.716063761742177],[3.284288084983518,45.715981834243635],[3.284280764466205,45.715808057753854],[3.284283579551755,45.715605439961067],[3.284297894253856,45.71538928578827],[3.284322024926111,45.715082157171643],[3.284340413213371,45.714908315845328],[3.284343547426409,45.714767831199538],[3.284348254050654,45.714683173086684],[3.284344157046074,45.7146363578426],[3.284344027437764,45.714611144396152],[3.284330742646328,45.714527432160722],[3.284309726809062,45.714440137457117],[3.28427963437869,45.714337557280167],[3.284249717897303,45.714269195343931],[3.284215963727334,45.714204445044516],[3.284161545745343,45.71412083650182],[3.284087768018201,45.714021968367369],[3.283959744189049,45.713872809314054],[3.283812375186804,45.713711091944432],[3.283626292440103,45.713519755577956],[3.283477639949641,45.713358041008988],[3.283334116090931,45.713193611880783],[3.283206216076632,45.713067864464506],[3.283087378917522,45.712954701028835],[3.282994337605959,45.712858582050018],[3.28291675813944,45.712769628121087],[3.282857192771407,45.712684230901765],[3.28280007866666,45.71257541471698],[3.282761043000555,45.712482762004171],[3.282744075269177,45.712432377033416],[3.282736220298341,45.712404481494502],[3.282721666897169,45.712323473746615],[3.282717267699406,45.712217226760757],[3.282721654438039,45.712069535120243],[3.282726156210873,45.711944355484349],[3.282730502790315,45.711537322348192],[3.282722281121609,45.711186151230642],[3.28269330996929,45.710799012501226],[3.282675325911076,45.710549621433337],[3.282660740879216,45.710462310327465],[3.282640996152772,45.710371410193041],[3.282612102355722,45.710250816775151],[3.282563813766569,45.71010775968692],[3.282519528562603,45.7099935082747],[3.282468844514955,45.709884675832541],[3.282378099698815,45.709733620641813],[3.282309476874127,45.709635638971733],[3.282239610325272,45.709545764799245],[3.282224094665096,45.709527793821778],[3.282168472469457,45.709458595241848],[3.282125731081854,45.709394767342062],[3.282102251077225,45.70932728925181],[3.282090389415343,45.70926968748504],[3.282085133389222,45.709247188352798],[3.282045251935596,45.70898794661592],[3.282016966064088,45.70873407880493],[3.281954794777022,45.708388445641788],[3.281921423564417,45.708145396437956],[3.281902709199696,45.708004066097679],[3.281887818640464,45.707856422752407],[3.281884463495102,45.707702447116567],[3.281879937803862,45.707570986694265],[3.281878143251063,45.70747103664025],[3.281872635139938,45.707399011106865],[3.281852911152551,45.707311712772999],[3.281799362208033,45.707144355286282],[3.281714472230074,45.706879823058522],[3.281670081331568,45.70674395982131],[3.281637267041534,45.706609868622188],[3.28162139027391,45.706520759657487],[3.281610649944978,45.70643073736548],[3.281583959688913,45.706237198427431],[3.281550348521373,45.705946423719737],[3.281535867291856,45.705878923051657],[3.281518852298031,45.705818632641389],[3.281500707896893,45.705788961752319],[3.281424531325116,45.705720714664487],[3.281294050431121,45.705588668202793],[3.281166094836598,45.705447610380503],[3.281058730809517,45.70531190401212],[3.280969428897943,45.705189659882741],[3.280885208792618,45.705055696633785],[3.280780265818874,45.704890267764831],[3.280693357435263,45.704732898305281],[3.280565040029832,45.704519801428184],[3.280441941983323,45.704321999771523],[3.280313558063444,45.704095395418086],[3.280183803367014,45.703851685002185],[3.28006968618509,45.703650258662513],[3.279940001950612,45.703420055169211],[3.27986736267028,45.70328786340324],[3.279832234961774,45.703203304477917],[3.279808942545729,45.70317184512713],[3.279763624745418,45.703105321302118],[3.279642172878442,45.702977753017365],[3.279545307948302,45.702883441783975],[3.279360720668082,45.7027236121193],[3.279164449943915,45.70254039833479],[3.279063712975053,45.70244249432227],[3.278992607419043,45.702358924722148],[3.278847817585725,45.702189990789357],[3.278798691692258,45.70213248091757],[3.278622946335671,45.70194111100821],[3.278452401646494,45.70176143436143],[3.278240602569185,45.701555745093216],[3.278061082532482,45.70137969198867],[3.277918913581187,45.701219755328644],[3.277843897180326,45.701124488283483],[3.277769088991028,45.701070643253182],[3.277713431151273,45.700991537239318],[3.277683597788933,45.700936680818195],[3.277666606588858,45.700879991765866],[3.277663995689706,45.700871893782008],[3.277650746897856,45.700792683236976],[3.277628118308261,45.70063695408443],[3.277613372164399,45.700515424159832],[3.277577879220753,45.700357025219525],[3.2775411646193,45.70021123614945],[3.277500612990923,45.700069058481212],[3.277436798974295,45.699900823843635],[3.277392379033995,45.699755954192391],[3.277375365923846,45.699694762702997],[3.277376177017425,45.699600209183707],[3.277378322847026,45.699515557777154],[3.27739472193183,45.699454284043426],[3.277435316249142,45.699348826698369],[3.277568781362957,45.699055838560412],[3.2776983040003,45.698745750660422],[3.277858458550578,45.698394164518],[3.278004520778943,45.698051617826074],[3.278205204079236,45.697582867424387],[3.278244587422784,45.697492721124533],[3.278263699927981,45.697460256267995],[3.278276437056967,45.697437712549146],[3.27830709217861,45.69740071672674],[3.278353194827282,45.697369085681657],[3.278407066514235,45.697349141800537],[3.278482792762972,45.697330944865961],[3.278550831440552,45.697317269337169],[3.278645851199926,45.697302626560301],[3.278728011531058,45.69728621453126],[3.278770322268184,45.697267199562745],[3.278883118988568,45.697210189546958],[3.278964906842752,45.697119938037709],[3.279039061480763,45.69704501371173],[3.279117002852609,45.696956572598225],[3.279213896670936,45.696804149638716],[3.279266068907702,45.696702264913675],[3.279288681071684,45.696599552944583],[3.279299428055132,45.696437438004622],[3.279308358158689,45.696169970174644],[3.279298490445377,45.695997100450136],[3.27928669364474,45.695951204672802],[3.279271100950036,45.695917024679289],[3.279229740154919,45.695869401184034],[3.279178167607293,45.69583531033301],[3.279147250457019,45.69582007859082],[3.279134296014429,45.695799399400819],[3.279136738814977,45.695774179615015],[3.279151931620067,45.695729117451933],[3.279160799378366,45.695703881748379],[3.27917319500243,45.695613801987164],[3.279189640130931,45.69530759447337],[3.279201467674618,45.695104954809317],[3.27923422635244,45.694721264696703],[3.279274817054553,45.694361868413914],[3.279298819702575,45.693771087211857],[3.279296443957526,45.693554975409128],[3.279288084383587,45.693426226007318],[3.279308202558386,45.693338828573324],[3.279370509915692,45.693209003491738],[3.279434333819175,45.693125099623032],[3.279592801165916,45.692953613343704],[3.279946385215841,45.692489883358476],[3.280146927687261,45.692254356938882],[3.280403415801527,45.691902527695724],[3.280557834760842,45.69169413003096],[3.280723990203738,45.691519921544945],[3.280911960346182,45.691340255485365],[3.281382644138745,45.690914950059913],[3.281493842606482,45.690799409541192],[3.281612520751422,45.69063882570385],[3.281780014184212,45.690476318687168],[3.281787677565149,45.690467294618458],[3.281850420739775,45.690424814636401],[3.281968114998516,45.690323665243255],[3.282053655041801,45.690216292794091],[3.28219386532116,45.689995321591276],[3.283476593151784,45.689324838210524],[3.283445074267645,45.689191644951308],[3.283388802362133,45.688991877671],[3.283367959087039,45.688936099701472],[3.28332883311012,45.688822736332206],[3.283271632081912,45.688692309083628],[3.283271456930564,45.688658090895942],[3.283287970729789,45.688621129275994],[3.283294325731009,45.688607605943552],[3.283330001273969,45.68854898436917],[3.283347573915072,45.688467896057894],[3.28335580233416,45.68831839399089],[3.283370173542346,45.6881139465739],[3.28339143904269,45.688001331813638],[3.283421541345854,45.687858078154683],[3.283478190884122,45.687630111620834],[3.283527384882737,45.687451690781664],[3.283549519378817,45.687258029697041],[3.283566731402288,45.687106704035756],[3.283602140013229,45.686745518374977],[3.283617780839636,45.686538366280907],[3.283604457740606,45.686445649342119],[3.283582265832295,45.686377267958711],[3.283545904541472,45.686301718313466],[3.283468278394856,45.68619655632051],[3.283362115575832,45.68603833714208],[3.283232495782494,45.685815341560051],[3.28313643278597,45.685621977674977],[3.283076629159964,45.6854843529891],[3.283012824219843,45.685317922646306],[3.282964666844066,45.685196477467606],[3.282917918712614,45.68509934195972],[3.28285711218439,45.685016649570791],[3.28278732643645,45.684936681159314],[3.282673671104272,45.684819902701761],[3.282558593594095,45.684676113001423],[3.282511887983774,45.684587081634263],[3.282494781951032,45.684507881418668],[3.282499442866572,45.684414218781953],[3.282506746767957,45.684334957356121],[3.282562318623459,45.684147516090569],[3.282706785641743,45.683757241535716],[3.282857651147937,45.683362448287525],[3.282978418393506,45.683111808823149],[3.283035695773894,45.68300720811321],[3.283061048953487,45.682940508165835],[3.28307109165041,45.682894557951045],[3.283073430765656,45.68284952758291],[3.283058962932366,45.682783828180597],[3.283101150551415,45.68274320012889],[3.283391415620023,45.682476825819222],[3.283602470672201,45.6822970972188],[3.283709950091643,45.682212180548028],[3.283832854556576,45.682129025890951],[3.283804406938187,45.682093077970997],[3.283909307062426,45.682006366628016],[3.283984710191219,45.681929634937681],[3.284071457938698,45.681810551570301],[3.284211643492382,45.681590478474632],[3.284336342613392,45.681356936948703],[3.284504219054249,45.681026033355494],[3.284656742583296,45.680707775168351],[3.284754705932779,45.680522026696657],[3.285327347033187,45.679962274089817],[3.285848731465785,45.679429663336258],[3.285972497088141,45.679266360571845],[3.2860805022776,45.67903646146295],[3.286144830132673,45.67880667321095],[3.286155260295416,45.678587827731242],[3.286159574383959,45.678179894971542],[3.286187918673893,45.677947496644713],[3.286335732928951,45.677715695178506],[3.286521812708248,45.677431567797143],[3.286639463693947,45.677080978033452],[3.286782347041047,45.676642075940336],[3.286626666871717,45.676346211142011],[3.286629727819196,45.67619312013862],[3.286691588287767,45.675984049147694],[3.28676757812678,45.675774942154085],[3.286918990352115,45.675495404839602],[3.286951417035156,45.675308020430812],[3.286918403219285,45.67513431006924],[3.286869980135669,45.674961539436239],[3.286739563421107,45.674830400057758],[3.286581032717415,45.674727247235623],[3.286455820491063,45.674608701143569],[3.286464248155301,45.674499720496613],[3.286533023914787,45.674386083901496],[3.286644155114385,45.674266036058349],[3.28671192556127,45.67420643127388],[3.286825965602407,45.67415211156947],[3.286945512142795,45.674168916380673],[3.287125560745049,45.674210780555519],[3.287897770053383,45.674499667519399],[3.288358512671927,45.674669581922281],[3.288673627438959,45.674501283727054],[3.289298421475153,45.674108868298404],[3.29047810635154,45.673226053960789],[3.290548463968499,45.67317094263403],[3.290636586531336,45.67307436291042],[3.290861978523126,45.672700978466018],[3.291312828938025,45.67221264851824],[3.291863857438538,45.671724057214846],[3.2924047767973,45.671268807561873],[3.292672245841669,45.671083512530856],[3.292910171500427,45.670898293698691],[3.293016249069261,45.670798063456921],[3.293529671265995,45.670489659687931],[3.294113600598411,45.67015675625985],[3.294550258594877,45.669907080066935],[3.294736562853636,45.669919199530028],[3.294950712654657,45.670095134837105],[3.295268600601373,45.670455398163618],[3.295546960286487,45.670628462534772],[3.295840036920286,45.670670916593274],[3.296251347435048,45.670725665811929],[3.296487476864731,45.670687223907471],[3.296807889481807,45.670557609987988],[3.297484388003096,45.670245156306549],[3.297936662325477,45.67003594772487],[3.298277426659711,45.670347515653667],[3.298882518015914,45.670133396002889],[3.300202230867829,45.669773292238375],[3.300602944499208,45.669532693205092],[3.300851209875378,45.669365439727805],[3.301507189684912,45.669065623477266],[3.301520170750525,45.669090802434518],[3.30154473082501,45.669119552347759],[3.301567962401947,45.669140201406378],[3.301614337300156,45.669165290932582],[3.301706969442907,45.669193858492172],[3.301893508572566,45.669249188987237],[3.302000313379432,45.669285822722792],[3.302141899795132,45.669341273337352],[3.302279633349165,45.669396734115757],[3.302440535268389,45.669461137410991],[3.302575720337348,45.669520206631717],[3.302844836509594,45.66964375089966],[3.302963325401132,45.669702864551795],[3.303153878466235,45.669786997843765],[3.303247920150343,45.669838072591944],[3.303330451809417,45.669898183159411],[3.303434961492268,45.669984348660499],[3.303511012346017,45.670033670680269],[3.304266581490144,45.66986053896418],[3.304651562233796,45.669798264961067],[3.305085378685829,45.669741260302871],[3.305530607417712,45.669890435187249],[3.305670377542843,45.669848633405117],[3.30592721613791,45.669840732133892],[3.306180525204982,45.669891371713952],[3.306580684535767,45.670019053215576],[3.30718510586076,45.669459102569682],[3.307692373901239,45.669677437411885],[3.308250470935628,45.669566051556536],[3.308962985999103,45.669276842905795],[3.309274058716705,45.669091388679689],[3.309601050411545,45.668996839318432],[3.309848848531566,45.66898084953398],[3.310255948914929,45.668971624397592],[3.310406987812699,45.669108082701754],[3.310476773299397,45.669184431996371],[3.310528405951926,45.669230214639633],[3.310595527012266,45.669289461897911],[3.310649673038019,45.669325332164796],[3.310690980383457,45.66936213831351],[3.310768371777259,45.669420456648105],[3.310805785680605,45.669450069578005],[3.31087801449956,45.669503899634627],[3.310942476456328,45.669546945207948],[3.310995318338768,45.669579216950929],[3.311055795765703,45.669598860720541],[3.311135528909071,45.669616650284745],[3.31128452278322,45.669617139075605],[3.311376978337966,45.669613281543356],[3.311461752894072,45.669613947627155],[3.311546567992815,45.669621817455834],[3.311653227826141,45.669631427755768],[3.311716254036351,45.669647462158352],[3.311790773839095,45.669651758336634],[3.311891052421462,45.669668589997954],[3.31203897015374,45.669706000866398],[3.312197132730388,45.669737980202676],[3.312463174066407,45.669767859099139],[3.312574941394107,45.669772051416714],[3.312770199170215,45.669776912288178],[3.312856207494657,45.669768568995231],[3.312917786942715,45.669755791060346],[3.312954942606998,45.669739478999624],[3.313006094150205,45.669699715286555],[3.313066827037879,45.669764381777668],[3.313133966742739,45.669826328953711],[3.313211376643005,45.669887347039847],[3.313296487981048,45.669947443160453],[3.3135144123733,45.670099019594858],[3.313581496876882,45.670151061269479],[3.313671736417517,45.67020934185139],[3.313736186058227,45.670249684400055],[3.313796782587586,45.67029003764754],[3.31388057503783,45.670343833575004],[3.313951472540801,45.670388660483553],[3.314024959400593,45.670437082089521],[3.314097156873519,45.670484606753661],[3.314171953947293,45.670537527062343],[3.314777686590698,45.670220664168752],[3.314848533448914,45.670256485752354],[3.31501477968673,45.67035417433658],[3.315196700854626,45.67049774381838],[3.315378633226119,45.670643113959962],[3.315512873901594,45.670758901240937],[3.315666386501398,45.670875534843141],[3.315818492037613,45.670970560415121],[3.315857137592064,45.670990262833215],[3.31597567409745,45.67105476565731],[3.316108385785672,45.671127332988121],[3.316207846850383,45.671225207251602],[3.316302350642669,45.671354612516062],[3.316361096698867,45.671520137765228],[3.316390234219778,45.671674039787696],[3.316455119946175,45.671790020770402],[3.316538178603803,45.671939268794169],[3.316587821584053,45.672085008728118],[3.316610187586217,45.672177696381517],[3.316884914562832,45.672151710050372],[3.316950287196769,45.672128113354823],[3.316955058913053,45.672064165099883],[3.316982816498764,45.671976739404109],[3.317059475499968,45.671905384883331],[3.317190003279214,45.67182037126129],[3.317252832321806,45.671801284005056],[3.317323409231923,45.671789378809478],[3.317437636282515,45.671773748593274],[3.317530053689229,45.671762682201575],[3.317655861212816,45.671750621077578],[3.317812448596956,45.671730368550421],[3.317847061126388,45.671718564501582],[3.317898293721518,45.671693206175519],[3.318944681992311,45.671616407682052],[3.320282005461923,45.671208292459418],[3.321358304531338,45.671197122267685],[3.322244262746102,45.670702923035208],[3.322430832180487,45.670538499782793],[3.322645884088598,45.669751755598931],[3.322974280022982,45.668580176589316],[3.323138888944827,45.667955664480857],[3.323402357036493,45.667105745698159],[3.323397141690097,45.666872533647563],[3.323505488200162,45.666731745964412],[3.323637020265876,45.666602597926946],[3.323877312661187,45.666403799248343],[3.324224968260081,45.666116442953097],[3.324530618475904,45.665894041944568],[3.324754235169589,45.665699791893068],[3.324926579104333,45.665522798657676],[3.325032186627148,45.665354102202237],[3.325191454020833,45.665356343892306],[3.325440531504936,45.665343017525302],[3.32569984077732,45.665322457092977],[3.325959377825785,45.665340616493033],[3.326796006162201,45.66543274336901],[3.327470984516442,45.664685176558258],[3.327885338129182,45.664171591844578],[3.328099855598448,45.663962053277778],[3.328579283140501,45.664028192251678],[3.329160597009919,45.66438218840063],[3.329407261356617,45.66439587501543],[3.330122624238439,45.664183065482611],[3.330935654897262,45.663981670803018],[3.331293622376009,45.663923887389778],[3.331970520823714,45.663938102874297],[3.332253611258233,45.663815701779754],[3.332689980406454,45.66376848846955],[3.333694753096327,45.663420627726723],[3.334552691513164,45.663216372324293],[3.335435018542447,45.663011137237341],[3.33598826545373,45.662967164887895],[3.337042251283646,45.662903682443861],[3.337528732467511,45.662862603797194],[3.337700385107215,45.662790950406311],[3.337814324117216,45.662732076767817],[3.338085540545876,45.662561070082496],[3.338135762642512,45.662583431565075],[3.338183421836132,45.662606701212873],[3.338195012835123,45.662612069348704],[3.338228540129383,45.6626344809264],[3.338259504506083,45.662657800683462],[3.338287933472782,45.662686530993604],[3.338346081222558,45.66274488820838],[3.338462388099259,45.662863403497376],[3.338570984584016,45.662981041359522],[3.338643353122638,45.66305466401365],[3.33867574535506,45.6631013921278],[3.338724948378634,45.663166979978833],[3.338753482528371,45.663212819185041],[3.338772971968576,45.663249680684451],[3.33878994255022,45.663294654176759],[3.338820367222174,45.66343954168098],[3.338820405796303,45.663445845001412],[3.338845754095951,45.663810467565483],[3.338840671812671,45.66423911655999],[3.338815344513813,45.664507539079302],[3.338772346171635,45.66461662784701],[3.338726740553646,45.66471942100376],[3.339148834431648,45.664438097937165],[3.33963769989868,45.664155671434408],[3.339747781362329,45.664095906978282],[3.339931035133674,45.663612690791446],[3.340480658313533,45.66339671353213],[3.340948313516893,45.663217901908197],[3.341133728776627,45.663087669687336],[3.341600873686494,45.662826912206562],[3.342629477502956,45.662398755558598],[3.342754890360232,45.662327235119903],[3.343108430486193,45.661973166012622],[3.344016362382407,45.661349957694547],[3.344168587947877,45.661254040502719],[3.344402136906083,45.661225411244068],[3.344603726619408,45.661220292072571],[3.344764457738304,45.661253118264099],[3.344944603378782,45.661310198017205],[3.34513134435758,45.661395172493819],[3.345283255403532,45.661455039712493],[3.345431083855507,45.661477999115441],[3.345643049138193,45.661489055098521],[3.345849855223927,45.661496524563475],[3.346019166452157,45.661463586764761],[3.346102475879249,45.661437216504687],[3.346210077924283,45.661393662168109],[3.346336728642876,45.661315830481556],[3.346428773496582,45.661248911011256],[3.346522389732913,45.66122791167826],[3.346650791750765,45.661224815013192],[3.34683863874625,45.661280967543178],[3.347681156917357,45.66170160030714],[3.348404917279369,45.662023540261892],[3.349719086124384,45.662696636249542],[3.350594591743303,45.663249517203042],[3.350864481574888,45.662874972673535],[3.351435490365318,45.662394130677555],[3.351646179844803,45.661799148600011],[3.35173135761087,45.661662908377842],[3.35174585269925,45.661518784472875],[3.351741937052166,45.661104570653087],[3.351762217869664,45.660860474136122],[3.35179557483026,45.660653256916021],[3.351856359288113,45.660316283237449],[3.3519610963666,45.660025097222686],[3.351990656855135,45.659826896734501],[3.352061220011963,45.659412450143677],[3.352115934400669,45.659333035833207],[3.352179505903433,45.659232882496049],[3.352230338881435,45.659148977812983],[3.352259427277353,45.65907864850108],[3.352278036255764,45.658975934280868],[3.352312909194022,45.65880563232917],[3.35233469424484,45.658596650197211],[3.352341860392008,45.658511981597997],[3.352363587914787,45.658293994732681],[3.352393575847712,45.658163329663033],[3.352413239140854,45.658024592478952],[3.352431526521908,45.657871451740114],[3.352463956179961,45.657720968206803],[3.352483699390509,45.657594837640801],[3.35252227980813,45.657402011754428],[3.352548529256629,45.657289368177658],[3.352554749077877,45.657257831513306],[3.352580969723279,45.657140685564379],[3.352598499786715,45.657070392363266],[3.352607064106421,45.657003729200561],[3.352611776137397,45.65693707810108],[3.352613879841665,45.656864131731957],[3.352613415368418,45.65679119340561],[3.352609144516734,45.656725470928379],[3.352595701608907,45.656630961457587],[3.35258230461655,45.656543655771102],[3.352561105730229,45.656441066163985],[3.35254522094973,45.656366375139427],[3.352512482733719,45.656266523126952],[3.352470647230149,45.656149590253598],[3.352421084568715,45.656029079587476],[3.352383101634397,45.655912134626959],[3.352347664067107,45.655791579726149],[3.352327904659635,45.655713298836986],[3.35228803082601,45.655500907718668],[3.352264041368876,45.655363207649728],[3.352245382984701,45.655256107593665],[3.352214543935752,45.655050892122809],[3.35219835647498,45.654928475986821],[3.352157566168024,45.654773719126624],[3.352119607555217,45.654660375981692],[3.352102668873993,45.654621707842324],[3.352089656752182,45.654594733804309],[3.352058576560868,45.65455340840564],[3.352027519313808,45.65451568489064],[3.351984005276777,45.654538333200094],[3.351955218543742,45.65445377704026],[3.351917323513645,45.65435033903335],[3.351870509098465,45.654257734779847],[3.351832843211315,45.654190315666241],[3.351809427541109,45.654142662815396],[3.351792466352435,45.654100392739053],[3.351784487627874,45.654057194105697],[3.351776537517432,45.654018497836901],[3.351775001802069,45.653978881036863],[3.351779846145814,45.653932940867925],[3.351789786512572,45.6538806813411],[3.351799784067497,45.653837426543397],[3.351814917672992,45.653794155696886],[3.351819985086967,45.653783333972846],[3.35189345664483,45.653625518476922],[3.351865897317868,45.653531953558314],[3.35181807679334,45.653280866052228],[3.351749300896389,45.652965008664097],[3.351678215140717,45.652689680543737],[3.351628056934515,45.652474619911104],[3.351599506226545,45.652426983063144],[3.351574961874932,45.652403646948002],[3.351546577025504,45.652382123800365],[3.351549082112021,45.652372210580673],[3.351568073177538,45.652329828218456],[3.351589609308778,45.652283835942775],[3.351604679763014,45.652230659928684],[3.351610865248877,45.652193720492811],[3.35161582392318,45.65216578979507],[3.351634580435786,45.652086488035351],[3.351651129183927,45.652063924082832],[3.351654935368007,45.652056708269399],[3.351679182234897,45.652033219778325],[3.351721341822204,45.651999769928373],[3.351731693693335,45.652012344459784],[3.351775623416738,45.652055430770055],[3.351809178418647,45.652082340648569],[3.351855624720743,45.652117314648258],[3.35190844519557,45.652145064780726],[3.351962543979106,45.652171910401883],[3.352015301595266,45.652189755283054],[3.352087318941532,45.652207539913739],[3.352168335648114,45.652227097331789],[3.352269901830216,45.652247490890375],[3.352394625588838,45.65227501580636],[3.352595224806686,45.652321213302741],[3.352725102031675,45.652351423187362],[3.353085321369559,45.652259344552384],[3.353165959483044,45.652219470048443],[3.353246574504211,45.65217599359579],[3.353343800672865,45.652119858084639],[3.353383402859491,45.65208821661659],[3.353408875516618,45.652055718995399],[3.353436726439497,45.651993497706542],[3.35346703604172,45.651914159367166],[3.353489768186392,45.651854655607636],[3.353521654778679,45.651821237332875],[3.35356262110813,45.651802198389362],[3.353635692404415,45.651783959087737],[3.353813962842396,45.651751881839232],[3.353994737692611,45.651709891034947],[3.354125483618897,45.65167526123107],[3.354454955995098,45.651594981281988],[3.354621513977481,45.651538626372165],[3.354768564124823,45.651443611580255],[3.354894908832249,45.651323448120273],[3.355053821813587,45.651076212613312],[3.35520010760041,45.650862334879911],[3.355289296504504,45.650754895062299],[3.355434695374834,45.65060315368757],[3.35554596475848,45.650535265551817],[3.355683236527425,45.650517722647358],[3.355827037839626,45.650517268264558],[3.356094340600751,45.650554243768696],[3.356312732255965,45.650572463133756],[3.356428217444709,45.650561291703241],[3.3565512960781,45.650532986780959],[3.356708768355536,45.65046224969106],[3.356837836949429,45.650367289154048],[3.356996365936607,45.650261429168133],[3.357096181840981,45.650209784645824],[3.357302569711898,45.650158702363363],[3.357481942343949,45.650099601064689],[3.357576633415212,45.650049773368565],[3.357744240640308,45.649958291345968],[3.35796928052307,45.649813497519538],[3.35809213544851,45.64975097296545],[3.358225366309021,45.64970462409876],[3.358375270427256,45.649655520529599],[3.358555988334676,45.649606318630958],[3.358795655293636,45.649539819267908],[3.358968505521952,45.649465428033366],[3.359155285624528,45.649361275896908],[3.359414803793062,45.64918845395821],[3.359570885290623,45.649102408944358],[3.35976295659622,45.64902255215052],[3.359966664420806,45.648955264695537],[3.360213033371279,45.648932864930494],[3.360513425686704,45.648925599993348],[3.360880475249688,45.648901911773372],[3.361076712708098,45.648870665888069],[3.361335490953517,45.648782488025212],[3.361569662676072,45.648661970918788],[3.361760069222529,45.648524484631885],[3.361944921420775,45.648323081020756],[3.36210391795976,45.648094745540241],[3.362199531975655,45.647990881515518],[3.362388892355304,45.647890317654834],[3.362492521120711,45.647834153601245],[3.362579370854348,45.647764536127035],[3.36264144939158,45.647637366959515],[3.362698179862868,45.647477797314636],[3.362749986875066,45.647350661179289],[3.36277363713107,45.647237123118124],[3.362771486202163,45.647104757886353],[3.362775848946574,45.646986779521086],[3.362779252234147,45.646918331247065],[3.362787501899806,45.64680574330314],[3.362860885749841,45.64664071697208],[3.362921967671893,45.646557674920579],[3.362978997215045,45.64644402921251],[3.362998783282352,45.646328702587397],[3.363018492537231,45.646201669826475],[3.36306012727696,45.646089874701183],[3.363169616125532,45.645949044983382],[3.363351981466626,45.645762054938409],[3.363605938282054,45.645528908360923],[3.363779615672823,45.645387870712639],[3.363932780684476,45.645251401562369],[3.364007851237246,45.64514850290135],[3.364062362748463,45.645042969205626],[3.364077945384648,45.644874527032698],[3.364100041666523,45.644720471645655],[3.364194143224605,45.64458329265959],[3.364361053569148,45.644390047538813],[3.364580349311872,45.644158811917521],[3.364808665318445,45.643932949581675],[3.364896380459956,45.64380119364823],[3.364925266720176,45.643703847012503],[3.364945368157284,45.643637145534164],[3.364946606639797,45.643435431595471],[3.364962126798577,45.643257984609193],[3.364995833227183,45.643112896324432],[3.365108456185815,45.642864896168817],[3.365262443385433,45.642659985248159],[3.36543076460565,45.642487445250808],[3.365559758058872,45.64238617148213],[3.365665732737518,45.642298479699377],[3.365676989223062,45.642253418600859],[3.365618287331517,45.642112232239626],[3.365531004693229,45.641919810693167],[3.365648591615076,45.641841086126675],[3.365814282202191,45.641659549194856],[3.365977350694042,45.641469916127704],[3.366168779087837,45.641298200389876],[3.366369382947175,45.641155270162649],[3.366561136802188,45.641033079679467],[3.366777089618834,45.64088199432463],[3.367014387036412,45.64065879971524],[3.367225829324132,45.640408674235069],[3.367402520227122,45.640145154427117],[3.367553882162781,45.63993394550355],[3.367710539104013,45.639747032325523],[3.367918590253649,45.639567154884716],[3.368120347320136,45.63940620794336],[3.368214687293031,45.639307745913769],[3.368265316049154,45.639199521421808],[3.368294128128314,45.639092268780828],[3.368383188838615,45.638972212109657],[3.368492763903799,45.638848486251547],[3.368640866437473,45.638727335589557],[3.368836583783793,45.638624038533983],[3.369040056361863,45.638528820126332],[3.369254763021382,45.638385838498429],[3.369497312529088,45.638183332690204],[3.369705400084197,45.638010655738611],[3.369878863995653,45.637843495122326],[3.369948736792075,45.637734306144289],[3.369976237151133,45.637623455422649],[3.369957430212929,45.637498349054987],[3.369857586030937,45.637348295255784],[3.369642970477926,45.637119375170734],[3.369385762938115,45.636855475340951],[3.369305271806333,45.636719765403882],[3.369269827698244,45.636601917445546],[3.369275567442822,45.63650014320006],[3.369328662722397,45.636377502303667],[3.369465210348969,45.636257288960032],[3.369491697627119,45.636186963764757],[3.369475627652809,45.636087062083838],[3.369360348078057,45.63593165559913],[3.369205475682838,45.635806095058321],[3.36908030067592,45.635706551152872],[3.369030606192757,45.635568939073409],[3.369031229904708,45.635469883095141],[3.369102006963063,45.635303960808614],[3.369235811203648,45.635157642525755],[3.369342659560101,45.635011412539626],[3.369387931709208,45.634870787491749],[3.369430132035685,45.634654531327463],[3.369471859270299,45.634559842886375],[3.369550671644486,45.634444321399911],[3.369699671055421,45.634267336007134],[3.369836350947951,45.634167833057454],[3.369984756784579,45.634094405613546],[3.37012678054281,45.634026401901735],[3.370197033167981,45.633974842915897],[3.370241331705329,45.633881046222449],[3.370264683993035,45.633726085084525],[3.370231530016034,45.6335668073771],[3.370165166582989,45.633431952122123],[3.37016854787315,45.633361702766834],[3.37022342722212,45.633314696774775],[3.370326942521142,45.633246819467921],[3.370489434037476,45.633168842557282],[3.370522522925573,45.633126410595061],[3.370561752356358,45.633042535858081],[3.370576504199982,45.632945234349613],[3.370576420340674,45.632740823357814],[3.370560940236246,45.632537363551087],[3.370575246194763,45.632373427245177],[3.370595053590365,45.63226440272242],[3.370659759783812,45.632151628381841],[3.370710407352279,45.632047905211515],[3.370759289093316,45.631872148627714],[3.370774919984203,45.631714511369886],[3.370775462184859,45.631603749303856],[3.37081474440165,45.631527978722275],[3.370860353574393,45.631438679928436],[3.370871055046273,45.631311675566899],[3.37085499605493,45.631213575067598],[3.370901430202196,45.63105583629725],[3.370952184849903,45.630968321491444],[3.371022052890153,45.630860032385428],[3.371151622881414,45.630658795899571],[3.371230076224515,45.63049104601189],[3.371234781697412,45.630427095700732],[3.371199421981054,45.630321854998776],[3.371173257839915,45.63024810111051],[3.37116226009451,45.63013917809235],[3.37117896165025,45.62995002011855],[3.371167686433757,45.629799675481493],[3.371155785399084,45.629747486312723],[3.371116835284058,45.629680978500915],[3.371087002142529,45.629634251394549],[3.371070069937551,45.62959738713532],[3.371060850538306,45.629562298424872],[3.371058819213177,45.629450644372369],[3.371057938658498,45.62931917574911],[3.371065855251483,45.629159762936553],[3.371057231820046,45.629022016416094],[3.371015371718827,45.628904190247418],[3.37096870968564,45.628835906835334],[3.370958002038411,45.62877020637017],[3.370972770137666,45.628675606257836],[3.370979819512416,45.628578330118401],[3.371116068255112,45.628608497570958],[3.371238259733719,45.628647716128057],[3.371333583786663,45.628699630062478],[3.371446960627944,45.628764091194164],[3.371575424914411,45.628781676927112],[3.371725598934784,45.628782981991876],[3.371925742309592,45.628771514874273],[3.372100337866343,45.628778141669549],[3.372331604331799,45.628814296890418],[3.372507701477037,45.628853335724429],[3.372618404105088,45.628901595714638],[3.372714970920865,45.628947200941653],[3.372776933483877,45.629000124630039],[3.372828604393093,45.6290494804189],[3.372912246294981,45.629081620944802],[3.37300219637896,45.629097531682412],[3.373102571732296,45.629136820527329],[3.373159510274752,45.629205969483266],[3.373225329957137,45.629259780629525],[3.373339878296494,45.629307126673297],[3.373432486811628,45.629336535600679],[3.373522680308803,45.62938846471841],[3.373555331216309,45.62947210192381],[3.373559673390741,45.629545027205594],[3.373567950948536,45.629630546286101],[3.373608284589902,45.62971145650733],[3.373679554980528,45.629812074783757],[3.373824681694577,45.630016004087793],[3.373937704530197,45.63021733841159],[3.373990861684026,45.630296404916109],[3.374048946160922,45.630344838355796],[3.374171222610198,45.63039575984407],[3.374271655896656,45.630443151880506],[3.374440326535974,45.630521833982478],[3.374737783942106,45.630664922395113],[3.375299951296772,45.63085305264773],[3.375677031600654,45.631002176491926],[3.375930568929986,45.631103085325421],[3.376183031591386,45.63123461385517],[3.37634042507187,45.631352952400043],[3.376519907967543,45.63151083840971],[3.376699636811936,45.63170474293176],[3.376901707284734,45.631975114047229],[3.377132562655629,45.632325532017539],[3.377392629164944,45.632629926576051],[3.377666534980528,45.632892851549542],[3.377916842153859,45.633082915373258],[3.378146270199469,45.633222621325146],[3.378260941615325,45.633286170836698],[3.378372904750827,45.633329018052734],[3.378506491373134,45.633342976741922],[3.378765735767082,45.633337602173846],[3.379112125269221,45.633312122717129],[3.379280256643649,45.63330975529405],[3.379394719858039,45.633342687674229],[3.379464444315058,45.633402785501474],[3.379498630687964,45.633521535012179],[3.379590391611281,45.633800377706848],[3.379646614908896,45.633950570032958],[3.379721807944273,45.634059275762986],[3.379789015930345,45.634126585813178],[3.380009324709473,45.63405830540988],[3.380377142880391,45.633975118310865],[3.380626904001063,45.633896831758399],[3.380881594306361,45.63378881177313],[3.381136122535914,45.633657378997071],[3.381567611232894,45.633501032616408],[3.382085231331299,45.633364203015809],[3.382874404911918,45.633146303917385],[3.383601657281863,45.632884486273042],[3.383591436100517,45.632335221685992],[3.38362176035128,45.632265780538091],[3.383831551810633,45.632163309819077],[3.384084872062993,45.632229982450383],[3.384354953602337,45.632307403166998],[3.384595327439611,45.632357910029071],[3.384613761204029,45.632239882731774],[3.384532945700984,45.632061861676462],[3.384431919557814,45.631930735126005],[3.385093489740901,45.631640316413161],[3.385309149144229,45.631644080773256],[3.385558015388556,45.63143971757669],[3.38586550472832,45.631544021230368],[3.386335300322944,45.631731512694408],[3.386595983301543,45.631749527890015],[3.386954176095048,45.631210703871552],[3.387355025207391,45.630715855968305],[3.38810423221902,45.630114448467801],[3.388510847374565,45.629712327112742],[3.389300437219823,45.629564619619472],[3.38985676471135,45.6294645403663],[3.389856635065707,45.62926373133616],[3.390206123569503,45.62895365177036],[3.390360203108854,45.628598324028708],[3.390553957683501,45.628409449219717],[3.390736153798372,45.628219713715261],[3.390772674338066,45.628120532916057],[3.390726770324273,45.627981116209497],[3.390646138222208,45.627831014147091],[3.390494665219413,45.62764513822173],[3.39037843863171,45.627179087205491],[3.390929079364478,45.627186180716656],[3.391415913012225,45.627244821451271],[3.392010062644054,45.627233748526564],[3.391958496804972,45.626838612643823],[3.391863236311524,45.626253625349761],[3.39177621862375,45.626108048807687],[3.391789628890035,45.6260080476466],[3.39158555178905,45.6258241573302],[3.391325992588741,45.625598136529455],[3.391146448513873,45.625434871408551],[3.390967928322061,45.625234682333321],[3.390806474032899,45.625088463157333],[3.390647746013068,45.624964746556344],[3.390563655699256,45.624869586424047],[3.390466383226899,45.624724944987555],[3.390367662968919,45.624556895738145],[3.390244414122195,45.624368220186312],[3.390034657044652,45.624105103656213],[3.389928904686091,45.624031629914171],[3.389877425991371,45.624011096993641],[3.389814201029745,45.623962689533961],[3.389794672450075,45.623923135597401],[3.389799311591196,45.623852881271162],[3.389767929127385,45.623770144847498],[3.38970857348765,45.623724425400482],[3.38965823282039,45.623683177160139],[3.389601152725048,45.623596027217836],[3.389495060082507,45.623473927772046],[3.389380155614516,45.623376171960793],[3.389273179147185,45.623310806264563],[3.389112259823136,45.623239323570154],[3.388945935885561,45.623129138241907],[3.388841280549431,45.623028644993788],[3.388658610724856,45.622783442178601],[3.388489465209211,45.622453546302509],[3.388361828475527,45.622186541260554],[3.388278108286195,45.621959906622124],[3.388179723953514,45.621654979867365],[3.38809494910772,45.621460766393746],[3.388021090452483,45.62135926570749],[3.387914106874013,45.621292097794907],[3.387798291998079,45.621246571980208],[3.3876081239094,45.621212108065095],[3.387448684985725,45.621167632638439],[3.387292743616975,45.62107271750385],[3.386928066825662,45.620856953927813],[3.386492330721895,45.620572095539458],[3.386110582919925,45.620299657110493],[3.385838546855103,45.620117790754726],[3.385670905425427,45.62000040127127],[3.385492723232355,45.619843426097702],[3.385388337149091,45.619779848875005],[3.385206876464893,45.61970482906294],[3.385048714513855,45.619658544912525],[3.384839311506426,45.619625042655834],[3.384648123892073,45.619627497338712],[3.384492710276095,45.619607317219383],[3.384301060552404,45.619543136646428],[3.384130857683249,45.619425753640044],[3.383963284363344,45.619317366304934],[3.383786760394873,45.619213511700607],[3.383612959361448,45.619132159782872],[3.383427784427255,45.61907606006821],[3.383164371518769,45.619025629429558],[3.382881748312776,45.618980666482017],[3.382587383967482,45.618907827568272],[3.382498631423119,45.618877512648666],[3.382391870614371,45.618840955431281],[3.382246489606024,45.618786519521343],[3.38213571807096,45.61872656295705],[3.382035249628228,45.618671974242282],[3.381918143240199,45.618623745338347],[3.381724026555041,45.618573076120732],[3.381402830337256,45.618516533956793],[3.381289648770673,45.618479096973502],[3.381208534845202,45.618439750262901],[3.381125052841497,45.618429227180123],[3.381046883225282,45.618444800242003],[3.380955603021375,45.618419895608795],[3.380887216131792,45.61836519725707],[3.380718773813929,45.618128938568333],[3.380433480222634,45.617694066604031],[3.380263251989588,45.6173839731699],[3.380047171450313,45.61712356128789],[3.379827391601919,45.61688477323564],[3.379525084764564,45.616586830864904],[3.379456707715577,45.616533032121893],[3.379416837548191,45.61651965923285],[3.37935526480555,45.616522568308298],[3.379337208229011,45.61650912184512],[3.37915930782316,45.616389055902971],[3.378933808668745,45.616251140209471],[3.378735361232701,45.616128441333558],[3.378547136726836,45.615999404295046],[3.378493011177057,45.615965367789244],[3.378453024802633,45.615934885658305],[3.378428491456671,45.615912455944191],[3.378414241668385,45.615892693107675],[3.378398647264355,45.615863929899803],[3.378386914579093,45.615836954681697],[3.378377748174059,45.615809970832537],[3.378356510967574,45.615706485995922],[3.378334825040955,45.61553726695908],[3.378312261860576,45.615427483152196],[3.378291252369325,45.61535731563923],[3.378267744301608,45.615297061903021],[3.37815717335621,45.615076813749312],[3.378057113922256,45.61489254973808],[3.377932258475904,45.614647135680407],[3.377825582444705,45.614433177563605],[3.377732051250917,45.614265100161894],[3.377818258263643,45.61411172758983],[3.378914393665836,45.611535344631484],[3.379782278797296,45.61086425566458],[3.380742203700908,45.610146923606074],[3.380863284315395,45.609469346232984],[3.381114698732889,45.608714785786148],[3.381314391211202,45.608089170002607],[3.381348225519011,45.607971991797648],[3.381897742327123,45.606912954129307],[3.382221470864065,45.606230184885668],[3.383210319358622,45.60433129258719],[3.38363803365285,45.603663473360662],[3.383192086853891,45.603549730791777],[3.383180391794355,45.603528158908873],[3.383157039052211,45.603490417942297],[3.383118074315899,45.603421213051078],[3.383089521813713,45.603373584408573],[3.383067514278485,45.60334484372644],[3.383044273705965,45.603323311145154],[3.383073635998197,45.603302499929839],[3.383102904907862,45.603268181700301],[3.38314474699711,45.603196900619785],[3.383176338706104,45.603127455416285],[3.383188880741292,45.603085990232849],[3.383193819108969,45.603058058273902],[3.383190400547311,45.602934703024268],[3.38315874150383,45.602623241924618],[3.383145683453733,45.602404467759889],[3.383117269028006,45.602191148829561],[3.383078548745952,45.601971561576633],[3.38305326049313,45.601839275929869],[3.383024316838346,45.601734917859126],[3.38299940215279,45.601656660221096],[3.382957829742384,45.601581160753661],[3.382895589527921,45.601485020396908],[3.382824363708578,45.60138801009969],[3.382742962806403,45.60130364121391],[3.38262539521371,45.601183375772926],[3.382496214643678,45.601053244332107],[3.382323121705231,45.600880038578488],[3.382091950729325,45.600655702040577],[3.381902109714002,45.600471746686928],[3.381774333116894,45.600358718942516],[3.381636152253185,45.600225015132651],[3.381417963182451,45.600022244908011],[3.381257958420666,45.599885913178916],[3.381103135024812,45.599756767575251],[3.380934084415352,45.599610560675217],[3.380700544384609,45.599413244001099],[3.380442275303766,45.599163782200996],[3.380230502321944,45.598960087535339],[3.380045736338744,45.598766206600516],[3.379855822194731,45.598569641292769],[3.379651793192848,45.598372222826612],[3.379323779734374,45.598051855375935],[3.379140358100231,45.597866072847467],[3.3789606011562,45.597653263053957],[3.37849632542243,45.597101026469026],[3.378341049144995,45.596903441624796],[3.37818188289438,45.596699566240964],[3.378016163143014,45.596475001454806],[3.377855673669237,45.59626482666188],[3.377652691428999,45.596030481170843],[3.377479463748484,45.595832955450959],[3.377274011274059,45.595612124897031],[3.377107132178949,45.595404671966357],[3.376494881448137,45.594778182969797],[3.3763943152254,45.594701978147597],[3.376329883386815,45.594658069877944],[3.376141896240592,45.594552441225076],[3.376103270339935,45.594530958701483],[3.376022225677552,45.594496110679181],[3.37599519859755,45.594482693725396],[3.375883291335414,45.594436242438711],[3.375759809992821,45.594385327273876],[3.375599059174926,45.594323730594127],[3.375434473003566,45.59426394746265],[3.375309758593659,45.594220239819592],[3.37523264811911,45.594197984923362],[3.375158170007836,45.594185626551678],[3.375100396634835,45.59417771485704],[3.375037511019259,45.594172521640395],[3.374972072329909,45.594169137874317],[3.374918140811328,45.594160312790926],[3.374877029554083,45.5941505444654],[3.374825626803655,45.594136307987256],[3.374779342434756,45.594120253456659],[3.374830471169901,45.594093968953445],[3.374688693890689,45.593992686320043],[3.374389852770526,45.593805479689109],[3.374128343377738,45.593637958813495],[3.373873187923724,45.593461411347874],[3.373664335638794,45.593303619713851],[3.373469508325106,45.593133174312861],[3.37327589811964,45.592952819186912],[3.373079717910721,45.592771571773447],[3.372902856688407,45.592601966302034],[3.372786738653147,45.592500596233535],[3.3726707239497,45.592414533979749],[3.372433692305333,45.59226133590451],[3.372232852512962,45.592149439948649],[3.371844007221285,45.591926505027935],[3.371457778479632,45.591710764029379],[3.371170720767006,45.591555927564521],[3.371061304220811,45.591496856495304],[3.370851552217474,45.591393992368673],[3.370632696597098,45.591272247638351],[3.370512912331098,45.591197001449686],[3.370424030251282,45.59113966308999],[3.37035323657571,45.59110207580067],[3.370309491086516,45.591081508655435],[3.370238781754844,45.591056527827845],[3.370074373361963,45.591021049473532],[3.369793108018969,45.590964343490612],[3.369280604796765,45.590851665656352],[3.368671714430523,45.590709585446767],[3.368328686152758,45.590622461722305],[3.367889348176235,45.590517642309081],[3.367428184682823,45.590409290547179],[3.36677820293721,45.590258329500386],[3.366376153744818,45.590166889878198],[3.366087100190177,45.590094891764892],[3.36598690155326,45.590070904749822],[3.365911160395211,45.590060345367647],[3.365841867614886,45.590055167875647],[3.365770081061459,45.590060804285251],[3.362696323239517,45.589557481992287],[3.362322707406488,45.589497453231026],[3.362246638113214,45.589240159306861],[3.3621907191472,45.588926069838706],[3.362133959444427,45.588679519499308],[3.362020993595462,45.588467368543363],[3.361918218055239,45.588244378858782],[3.361739754448224,45.587821724734873],[3.361594136613496,45.58751872934733],[3.361473169179433,45.587258877868187],[3.361310685862415,45.586729013974853],[3.361263601880099,45.586588689484564],[3.36119090421,45.586453850158982],[3.361033956152467,45.586182407494213],[3.360868857812806,45.585840752908162],[3.360705254840104,45.585531510778573],[3.360596569829765,45.585384179720464],[3.36018141429703,45.585242332988727],[3.35978018058205,45.585071624662305],[3.359397987188275,45.584870237564488],[3.358985071078685,45.584677051627452],[3.358256009816133,45.584380415515341],[3.357886999504565,45.584233010441551],[3.357010078851503,45.584074610996851],[3.356685005617257,45.583978390154115],[3.356464956927348,45.583861124352168],[3.356292485047291,45.583763518064792],[3.356112325204751,45.583666836347099],[3.356022280211238,45.583623898180775],[3.355900187160945,45.583582862346006],[3.355779422905309,45.583549026055472],[3.35566767595209,45.583521464511144],[3.355534134283529,45.583494872250235],[3.355322344011472,45.583464925164726],[3.355077229207818,45.583437784365707],[3.354879632101843,45.58342129890552],[3.354814218858463,45.583419704348898],[3.354762963725073,45.583426169453944],[3.351676002290325,45.58218239101766],[3.350503892651922,45.582180647655214],[3.350404883605071,45.582138633443805],[3.350284091716678,45.582099388455866],[3.350066975522743,45.582037030647925],[3.349878151144039,45.581987191182371],[3.349690592420414,45.581934646011554],[3.34950815778192,45.581881184118544],[3.349391168747393,45.581834722480181],[3.349221388075918,45.581754206271192],[3.349096575069971,45.581687057482938],[3.349060527636359,45.581664657273627],[3.349025756909592,45.581641352605708],[3.348974230712077,45.581604592660156],[3.348935584692094,45.581576797568893],[3.348845435345576,45.581515844327775],[3.348712702759066,45.581412700308512],[3.348496211191281,45.581244980870942],[3.348366072858719,45.581146330831466],[3.348201136722227,45.581019873386659],[3.347951177749657,45.580831545405324],[3.347795231062266,45.580706860527016],[3.347684330071235,45.580608150209713],[3.347590144790809,45.580516591990154],[3.347396549992769,45.58031818322727],[3.347159064850007,45.580073084471927],[3.3469951746585,45.579907901240404],[3.346879046078339,45.579792997562713],[3.346818445525563,45.579740055923665],[3.346792669953985,45.579719424284804],[3.345963202168194,45.580367626551286],[3.345229256334549,45.580913774741603],[3.344788946846834,45.581251906789653],[3.344286697269482,45.581735204734272],[3.343961692610756,45.582057672215434],[3.343508398356789,45.582579537751805],[3.342995547859239,45.583218646098487],[3.341933808234982,45.583857621475346],[3.341812491174235,45.583940834854801],[3.341637490435672,45.58405302670743],[3.341511065071763,45.584139857217203],[3.341383334728281,45.584223089608628],[3.341328407458348,45.584258375230746],[3.341290095991365,45.584284605555943],[3.341187979925761,45.584362357078426],[3.341131902949924,45.584419257717123],[3.341079750647147,45.584488753205321],[3.34102503892434,45.584559156915404],[3.340967784381966,45.584633170246427],[3.34089771104947,45.584708122892529],[3.340828803703451,45.584764161789188],[3.340736934403956,45.58484008087634],[3.340550574893294,45.584982921918176],[3.340393577564996,45.585104062152354],[3.340148522823437,45.585295706332936],[3.340038786014309,45.585386086641577],[3.339981440954294,45.585445691993549],[3.339929253118864,45.58550978414943],[3.339877087242829,45.58557747815243],[3.33980586125579,45.58567404522713],[3.33960474703679,45.585921385473938],[3.339560142702248,45.585967444869191],[3.339498866473629,45.586013554578805],[3.33945412966038,45.586038002705521],[3.339408066259298,45.5860552509427],[3.339353020174552,45.586071625783042],[3.339287675888432,45.586081728275715],[3.33923512852551,45.586087289706363],[3.339181249123631,45.586084750770183],[3.33914015566307,45.586075869859336],[3.339097724692679,45.58605798812237],[3.339066813757079,45.586036469698911],[3.339042315084252,45.586014931935281],[3.339016445885976,45.585978990547559],[3.33898673488854,45.585943961219137],[3.338968687052852,45.585928707385399],[3.338950694277102,45.585922458226861],[3.338926333314855,45.585923432133313],[3.33888407315154,45.585933464817963],[3.337862523434925,45.586028387958308],[3.337847315131163,45.586058149631988],[3.337797645262506,45.586115029354247],[3.337486749998144,45.586448241509864],[3.337183310306061,45.586742709624197],[3.336885232554231,45.587075881686374],[3.33667905779983,45.587337639592917],[3.336607938790475,45.587453114489215],[3.336520121819034,45.587775750729968],[3.336510512310519,45.587882937134701],[3.336409076832773,45.588075043798263],[3.336321447713352,45.588217582437927],[3.336171658048756,45.588472867398835],[3.335998759982254,45.588724619266614],[3.335802655056978,45.588956629505994],[3.335673835159792,45.589074977545557],[3.33547336787031,45.58922235468485],[3.33511536114134,45.589405319899981],[3.335015601590441,45.589451541824531],[3.334872284852498,45.589505997724316],[3.334783942619914,45.589531474301957],[3.334643081801125,45.589567912907413],[3.334512443013013,45.58959801754073],[3.334366386548553,45.589623665438225],[3.334201097394757,45.58965027078365],[3.333985811001503,45.589680626310802],[3.333767964726456,45.589711889506852],[3.333279741632155,45.589783575157178],[3.333136265413289,45.589811915261613],[3.333291154981941,45.589975344531581],[3.333425335218561,45.590107318033724],[3.333544087620455,45.590233033743445],[3.333617750863038,45.59032556516285],[3.333677295462119,45.590416337455963],[3.333761517751643,45.590558364108048],[3.333929996168938,45.590847820040409],[3.334042919046672,45.591069904405771],[3.334159733961373,45.591299180979192],[3.33424147511674,45.591454721934596],[3.334316744109913,45.591600376741532],[3.334368470830081,45.591670460778239],[3.334407149172826,45.59170366371626],[3.334487022262008,45.591761957706773],[3.334635046319654,45.591848864401491],[3.334801141233789,45.591954627291486],[3.334960845605441,45.59206401091096],[3.335147615659997,45.592194925292794],[3.335273914071211,45.592294502682066],[3.335371995833362,45.59239416407361],[3.335499713939389,45.59251624910177],[3.335648095979974,45.592661684929084],[3.335854430610641,45.592845668376555],[3.336069662998897,45.593016117592846],[3.336242379292865,45.59315517654354],[3.336394558199305,45.593291595205962],[3.33651715014849,45.593413694434666],[3.33666304310736,45.593570842703876],[3.336842558754924,45.593772914349806],[3.336887811883147,45.593832210826008],[3.336908558320358,45.593869068569688],[3.336922968252889,45.59391855208203],[3.336928432625626,45.593973465300969],[3.336946909432803,45.594058956030416],[3.336964169343596,45.594155256224305],[3.336993938204265,45.594199290803751],[3.337035491744087,45.59428291140653],[3.337066598122463,45.594335946810652],[3.337105416837665,45.594391660547053],[3.337175199803262,45.594476997459303],[3.337230753367628,45.594542566321543],[3.337291421213378,45.594605418365148],[3.33734949029998,45.595084302313303],[3.337448923703752,45.595404576768019],[3.337513901543379,45.595753770073564],[3.337570805745962,45.596040854103414],[3.337669891089366,45.59630349838816],[3.337741223365461,45.596432053619786],[3.337804268531051,45.597516048682401],[3.337535179624262,45.598405635629092],[3.337284047350543,45.59887464139846],[3.33711733973543,45.59888324551963],[3.337036685542204,45.598909601293649],[3.336866693205307,45.599010964892237],[3.336626695800389,45.599202586307399],[3.336313001591769,45.599510590208745],[3.335917485099582,45.599864762373876],[3.335265792093209,45.600495245551855],[3.335320546414107,45.601488317979516],[3.335239822220673,45.601503866838961],[3.335155287675921,45.601525730392773],[3.335105383420494,45.601546590238868],[3.335041439000483,45.601579198194841],[3.334977527157311,45.601617208931295],[3.334890638900689,45.601674198235237],[3.334788487260087,45.601752844555236],[3.334713056914279,45.601795391849727],[3.334628603262591,45.601830762050611],[3.334535158929661,45.601864357954504],[3.334405877138857,45.601911567607388],[3.334215144794571,45.601979670871707],[3.333898934392141,45.602087767700418],[3.333777391845463,45.602142157541849],[3.333736466268713,45.602162990137174],[3.333708428519479,45.602193689828042],[3.333697040334067,45.602219837694904],[3.333692109625805,45.602253170290545],[3.333699985472407,45.602282862953942],[3.333539166396307,45.602205898138429],[3.333392800025665,45.602185620856332],[3.333183792008978,45.602201548363908],[3.332820850510602,45.6022188315102],[3.331648769903766,45.602506846627115],[3.331012838264876,45.602782467307605],[3.330788938437439,45.602883079820081],[3.330242552216371,45.602471362317942],[3.329957739002774,45.602252479632348],[3.329711048490875,45.602403584028494],[3.329470636973459,45.602532157354993],[3.329272349220855,45.602625487940415],[3.329139073641985,45.602649290593384],[3.328895468891321,45.602672515230388],[3.328668482048181,45.602685785447733],[3.328432536597896,45.602702683304621],[3.327276694365789,45.603139185468244],[3.326652369610275,45.603430055914799],[3.32644835440708,45.603641361729522],[3.326273435296355,45.603783245409737],[3.325907786989741,45.603996819892579],[3.32510244958828,45.604269295784519],[3.323787014200967,45.604847599296896],[3.323378940382317,45.605048680840227],[3.3236473854998,45.605981712285534],[3.324011603158131,45.607055843650599],[3.324327100690097,45.607913997880559],[3.324618521553198,45.608821747519393],[3.324883785247883,45.609643125403153],[3.325140988904923,45.610401492025538],[3.325315571449597,45.610853931811931],[3.325518463704152,45.610883061007243],[3.327906028533401,45.611068831789559],[3.328216144125271,45.611654144047243],[3.328183824896555,45.611829833140945],[3.327978017903419,45.612176219996897],[3.327826495738556,45.612372967600493],[3.327211607637021,45.612323429821046],[3.326579430644185,45.612170382956407],[3.325938552348905,45.612718836496754],[3.325651460404817,45.61299161465184],[3.325758765340304,45.613129078415206],[3.326298601081352,45.613287800684844],[3.326820099692699,45.613382639113162],[3.327416864011418,45.613837450676549],[3.327912129126354,45.614268241843249],[3.327278477194652,45.614521322479938],[3.326661749443762,45.614816673265793],[3.325826607229433,45.615283745780218],[3.325345521122155,45.615518363864332],[3.324460261961034,45.615976566243368],[3.323558491199826,45.616466326142131],[3.322550222772104,45.616959986072921],[3.32243937861669,45.617096277213911],[3.322335038820667,45.617247857882752],[3.322282371123181,45.617458722574263],[3.32227703933632,45.617645138543189],[3.322297523107668,45.617857594682619],[3.322295810452161,45.618004378887065],[3.321424359576727,45.618863234253382],[3.321292063716001,45.61884200040101],[3.321096864661929,45.618816443477954],[3.320592407549271,45.618790867263151],[3.320469224828007,45.618792118642389],[3.320290801711227,45.618782721300029],[3.319938838920582,45.618720688532242],[3.319752332364992,45.618644677323637],[3.319612862750727,45.618936831168675],[3.319471571988828,45.619581080233758],[3.319352126843126,45.619785829725082],[3.319282742563793,45.61999313851905],[3.319286881249084,45.620265974199228],[3.319294620647459,45.620495576313736],[3.319422368100865,45.620617679936188],[3.319778062571674,45.620879611789228],[3.321106824111112,45.62186366187364],[3.321804787834663,45.622279493946202],[3.321796123118127,45.622997206764296],[3.321724758428779,45.623746615944604],[3.321358032667823,45.624021411819548],[3.321044692483984,45.624650846084805],[3.320941539749561,45.62478891482673],[3.320868226873122,45.624982728593608],[3.320556157263743,45.625168217785152],[3.320281339431894,45.625359903505363],[3.319862154577272,45.625665460341416],[3.319599516283974,45.62574454889355],[3.31942651589702,45.625789163932971],[3.319317559214163,45.625811985316858],[3.319229068925069,45.62582304221003],[3.319094377251322,45.625834230043829],[3.318885239634219,45.625843827714789],[3.31885828884205,45.625843904078565],[3.318538719089092,45.625843008098101],[3.317736514025858,45.625828166622064],[3.317342446983884,45.62581667171002],[3.31707928387367,45.625804806669485],[3.316880279075984,45.625790959404057],[3.316431603589891,45.625880469587401],[3.316261105291401,45.625914266874872],[3.316118815315716,45.625943482235883],[3.315947012717756,45.625973680762812],[3.315740548544906,45.626002175305793],[3.3154892070349,45.626037999181882],[3.315313574170493,45.626071809425369],[3.315176529496605,45.626120819607387],[3.315094685234733,45.62617237654208],[3.315006551916008,45.626246463192551],[3.314922662632106,45.626389875386941],[3.314906193606062,45.626427741920402],[3.314870617066036,45.626490875546075],[3.3148451847331,45.626532369096068],[3.314610243128841,45.626744640549731],[3.31451645325937,45.626726892966133],[3.314433027681819,45.626726225598333],[3.314367727985743,45.626753422630891],[3.314285846279431,45.626798675672099],[3.31423853437284,45.626829424341864],[3.314165661746531,45.626879154573984],[3.314097886839439,45.626922567123103],[3.314040271816745,45.626947041056383],[3.313957034718875,45.626979690823433],[3.313840424062228,45.627011533115159],[3.313745585162723,45.627035210209819],[3.313658370109311,45.627045358673357],[3.313608327733712,45.627047299107367],[3.313569769693167,45.627037501191829],[3.313543999789218,45.627019563253668],[3.313508028958408,45.627013360056438],[3.313425881265911,45.627011787894148],[3.313361726622025,45.627014668007213],[3.313278392277926,45.627030208291657],[3.313119530721474,45.627080177177618],[3.312996644811066,45.627137249684566],[3.312832903313359,45.627232256079282],[3.312747138932433,45.62727211586909],[3.312648342190512,45.627276892811928],[3.312568694896817,45.627263606747583],[3.312424821580879,45.627240593587644],[3.312237414170497,45.627235710771437],[3.312101484974179,45.627255898525419],[3.311997767571659,45.627298508989377],[3.31193766553977,45.62733739652726],[3.311834160730892,45.627417826697204],[3.311706068181856,45.627462305402112],[3.311573927694452,45.627471676181827],[3.311480178068027,45.627461129848989],[3.31138369970551,45.627421775410475],[3.311311398761125,45.627345434054362],[3.311251765117616,45.627239341556162],[3.311203935221287,45.627178240726963],[3.311103475874267,45.627115484403596],[3.310927518539288,45.627092558019825],[3.310679837389302,45.627095943500422],[3.310452771354507,45.627113679357045],[3.310311572023725,45.627109566344231],[3.310216499513127,45.627091818715279],[3.310149525759645,45.627049680431412],[3.310069768518974,45.627016582196752],[3.309934845408112,45.626987237792108],[3.309768043929323,45.626994900930363],[3.309600004294246,45.627010671607643],[3.309449735995973,45.626991274189308],[3.309298043645524,45.626946666857634],[3.30907938385276,45.626860820874569],[3.308817059250554,45.626769691376751],[3.308482865611869,45.626678758293465],[3.308157736930037,45.62660220718557],[3.307959889754647,45.626565828809049],[3.307768644859878,45.626562750033116],[3.30753899330686,45.626576885137865],[3.307415763002059,45.62657271939073],[3.307294884728001,45.626529826164891],[3.30718549221572,45.626475195134255],[3.307046616993521,45.62642694784671],[3.306811562996523,45.62639246993573],[3.306354563567506,45.62637300371712],[3.305925818789968,45.626357060785963],[3.305624203728723,45.626354278343229],[3.305420741400056,45.626462889078205],[3.305186635671308,45.626600398114178],[3.304688045115393,45.626952938808174],[3.304471917955456,45.627093099136694],[3.304329781967905,45.627152015206754],[3.304198988651547,45.627173080006592],[3.304036036029244,45.627180724242137],[3.303873073484026,45.627186567295524],[3.303672872466783,45.627188908654915],[3.30352152955483,45.627207326654968],[3.303385730391591,45.627251816656397],[3.303241149247566,45.627333250100563],[3.303066164871827,45.62748770463763],[3.302796836858389,45.627757675040534],[3.302713931410342,45.627852449145898],[3.302634620157648,45.627900388229527],[3.302505127517466,45.627925049503965],[3.302406323813714,45.627928916982654],[3.30230218496032,45.627895878761436],[3.302160728859179,45.627844930913476],[3.302104228984291,45.62783967967512],[3.302041312028901,45.627834445630725],[3.30196813755653,45.627831040047013],[3.30191423399332,45.627831184665531],[3.301853928057559,45.627834047889678],[3.301764181970354,45.627851397806964],[3.301685976791498,45.627866915743262],[3.301584714136525,45.627890599793268],[3.30144244074522,45.627925199442558],[3.301292456854856,45.627958018581204],[3.301065487044875,45.627994645438299],[3.300950081785215,45.62801386431655],[3.300864146271147,45.628023999433857],[3.300791010732415,45.628027796871237],[3.300663966535168,45.628030837807451],[3.300481735136722,45.62803402595992],[3.300412396116891,45.628027907664567],[3.3003687255661,45.628021720822126],[3.30032373743301,45.628009234074234],[3.300278729797699,45.627993145415026],[3.300233688029287,45.627970753424485],[3.300206643467916,45.627953716328157],[3.300180823795559,45.627925870122127],[3.300071719125338,45.627686631715143],[3.30003168455639,45.627640813650096],[3.299947906762912,45.62757530146574],[3.299879715313524,45.627543966169057],[3.299716614861139,45.627524589951122],[3.29960748595044,45.627517676635591],[3.299532936134357,45.627497163892102],[3.299460894786263,45.627465838589323],[3.299432416428075,45.627420890049649],[3.29934065704324,45.627303170449927],[3.299240060134838,45.627212488864032],[3.299151077381823,45.627133482639309],[3.29906623187295,45.62710759403889],[3.298941635024154,45.627088114376654],[3.298824864946934,45.62709202643665],[3.298715843812706,45.627104922669979],[3.298573405651158,45.627108902596476],[3.298469387052215,45.627097472191267],[3.298335840572165,45.627084318997326],[3.298156159571321,45.62708389468613],[3.298004660117905,45.627073490119706],[3.297900559390667,45.627046751141727],[3.297700169920208,45.627013963415152],[3.297344450773481,45.626974381948173],[3.297101787026729,45.626956112621372],[3.296834825723975,45.62695411561144],[3.29643302572838,45.626937164951705],[3.296156955604608,45.626911777688022],[3.29589134046663,45.626921481217217],[3.295617010518364,45.626981634231392],[3.295287724133891,45.627085154116564],[3.294877606048153,45.627193387288806],[3.294569948206487,45.627261729440221],[3.293948002985113,45.627358807145548],[3.293237443099737,45.62744530650528],[3.293086119837912,45.627468212840327],[3.292862868322711,45.627480500338734],[3.292758916821531,45.627481671285729],[3.292580575051304,45.627492040417494],[3.292445835920117,45.627495992569195],[3.292336788748945,45.627504380255274],[3.292249550038218,45.62751091023334],[3.292126423265578,45.627526538164396],[3.291977651910053,45.627546734925474],[3.291821179970038,45.627566951457538],[3.291613433006498,45.627599006962399],[3.291424960698693,45.627635514603369],[3.291277704190151,45.627699830326783],[3.291166610183541,45.627807275629841],[3.291063320349027,45.627934511331055],[3.290927977535952,45.628068133202341],[3.290772226836446,45.628226120760822],[3.290620169662467,45.628354382528769],[3.290475798224201,45.628479922796359],[3.290286548307328,45.628613683017186],[3.29009736820469,45.628760950028934],[3.289911999730208,45.628901003015564],[3.289721402348322,45.629023059437117],[3.289543577439172,45.629133376358219],[3.289448931534654,45.629196653832835],[3.289380010897736,45.62927067091703],[3.289334211060113,45.629348230466],[3.289319152901449,45.629414004655452],[3.289323214888848,45.629454516083882],[3.289333727089615,45.629501314332401],[3.289354445836279,45.629536380021399],[3.289350764773902,45.629568806982199],[3.289318894614629,45.629610311271719],[3.289285670415143,45.629638311742234],[3.2886639242619,45.629287818124851],[3.288598149192642,45.629226753764165],[3.288262549209092,45.628615283408166],[3.287924068032855,45.627694952838795],[3.287794697353517,45.627497176866889],[3.287654695664368,45.627229190036019],[3.287307899995767,45.626929313674793],[3.286755265087874,45.626781242529816],[3.286492763396492,45.626648639205136],[3.286088313710729,45.626117481080712],[3.285687926185267,45.625625932600535]]]]}}
]
}
