{
"type": "FeatureCollection",
"name": "data_communes",
"crs": { "type": "name", "properties": { "name": "urn:ogc:def:crs:OGC:1.3:CRS84" } },
"features": [
{"type":"Feature","properties":{"nom":"La Roche-Noire","nom_m":"LA ROCHE-NOIRE","insee_com":"63306"},"geometry":{"type":"MultiPolygon","coordinates":[[[[3.212131178270881,45.715211417086593],[3.211938722990382,45.715306330492702],[3.211743734057436,45.715411153711941],[3.211557814912255,45.715534869847488],[3.21138479083779,45.715669367366758],[3.211266941140241,45.715777647031523],[3.211191483856563,45.715878643240615],[3.211118683156605,45.716002146657985],[3.21105757506961,45.716158045753886],[3.211020832281666,45.716298590887668],[3.211014875531438,45.716421969084998],[3.211033270754404,45.716526391417638],[3.211072278451401,45.716642481515542],[3.211134418191875,45.716756727297415],[3.211237724785601,45.716879000313924],[3.211338385159975,45.716981467431296],[3.211420987038582,45.717067759521655],[3.211516523329699,45.717174738540244],[3.211630129320768,45.717300593835013],[3.211768277581332,45.717457019556001],[3.211888326050507,45.717586464449745],[3.212023925447446,45.717748297591136],[3.212151905813508,45.717934458129051],[3.21221675155478,45.718082916840132],[3.212271320391604,45.718233195847766],[3.212342705047298,45.718410457842708],[3.212399873269259,45.718567935812594],[3.212442838709266,45.71870923171064],[3.212543243355799,45.719078243174884],[3.212587415498378,45.719198825487901],[3.212636771558745,45.719330203882045],[3.212675715349153,45.719428283784673],[3.212713380653264,45.719528167066436],[3.212752300472766,45.719619943562179],[3.212806754483697,45.71973960590018],[3.212829028191938,45.719848523097454],[3.212855186393184,45.719964636873904],[3.212860408343164,45.719985338275862],[3.212849250666684,45.720092517613473],[3.212829090518216,45.720198813457621],[3.212789567080974,45.720284434588137],[3.212725801244889,45.720417827406891],[3.212659308149863,45.720510703299205],[3.212565956173445,45.720639649388509],[3.212397086542131,45.720855184719937],[3.212127455506588,45.721279823059035],[3.211940887518618,45.721574634106055],[3.211838601842568,45.721721606185248],[3.211572223200447,45.721990452367287],[3.211400540297958,45.722144758187042],[3.211178985634291,45.722369395378429],[3.210549615979482,45.723199023158166],[3.209995004088131,45.723744853921069],[3.209453186709712,45.724277150837281],[3.209138385097489,45.724666746856094],[3.208940705143566,45.725090343609921],[3.208903610953139,45.725481224943607],[3.20891358363444,45.725738746565462],[3.209049626602476,45.726014944784716],[3.209346299842206,45.725928847751447],[3.209411860291127,45.725926024525364],[3.210599630554953,45.725867081174997],[3.211717987903165,45.725812758129152],[3.211860672647371,45.725805286169717],[3.211894086958146,45.725801621413453],[3.212027747609282,45.725787862772876],[3.212107533298288,45.725806622984273],[3.212373911093958,45.725868255323796],[3.212515303274337,45.725858983990818],[3.212617674428386,45.725732722378162],[3.212578760914348,45.725643647250173],[3.212501235283374,45.725543839015195],[3.212449568980706,45.72548180257985],[3.212423578499863,45.725409812356681],[3.212436158657679,45.725337749455996],[3.212500200743341,45.725274594466455],[3.212602813165373,45.725211366711896],[3.212821140132581,45.725148820976493],[3.2135304050701,45.725035819095048],[3.213565097529254,45.725030350441841],[3.213969807540185,45.724957543865372],[3.214424626392004,45.724876536131049],[3.214445144815817,45.724862989754257],[3.214524643571019,45.724807908619404],[3.214833661816762,45.724593904054665],[3.215414508755935,45.724192077654983],[3.215569655808895,45.724084622791963],[3.216758251192025,45.723263798365515],[3.217924947494118,45.722767180106793],[3.218185602688364,45.722683830861222],[3.21824081699703,45.722666614676889],[3.218843022521801,45.722475443882232],[3.218926484379806,45.722449167623104],[3.219451644809566,45.722282456394112],[3.219501783769606,45.722282358780802],[3.219718938119946,45.722253120075045],[3.220204509288089,45.722154019236669],[3.22024176691616,45.722147643024499],[3.220782487996034,45.722016014295612],[3.221568342207285,45.721780345090842],[3.221677492106043,45.721748613360454],[3.222378699339327,45.721565333337132],[3.222405671540893,45.721558976697573],[3.222685540211057,45.721461171281632],[3.222785598998281,45.721406944182903],[3.22293584288573,45.721364324132395],[3.223114442213556,45.721339657566183],[3.223327672365501,45.721295111335223],[3.22342269698966,45.721267908344579],[3.223526713371565,45.721238886464896],[3.223621748723626,45.721214384755115],[3.223963241458551,45.721096643121626],[3.224176261950414,45.721000767765204],[3.224921670393217,45.720626480093344],[3.225732698810297,45.720268264923291],[3.226540088715386,45.719965881603287],[3.226609446246389,45.719950433869826],[3.226730111686225,45.719906967717684],[3.226793011759289,45.719884328937923],[3.226880341071928,45.719862541449025],[3.226983104393769,45.719842523796792],[3.227139790766392,45.719805288101092],[3.227674100362145,45.719687146528358],[3.228375384284471,45.719533545156494],[3.22900986063682,45.719390881038365],[3.229212786698556,45.719344543608983],[3.22926930218179,45.719332722308508],[3.229397752143848,45.719307247265988],[3.229626422092843,45.719268961111354],[3.229729213238766,45.719256144816882],[3.229837157735597,45.719246019392159],[3.230010691101767,45.719242063486114],[3.23040143996436,45.719227758168891],[3.230929707834985,45.719205065452705],[3.230938706631082,45.719205047017745],[3.230979802619542,45.719195057427136],[3.231059491180318,45.719191292155742],[3.231352606046741,45.719193392443515],[3.231684340003672,45.719208019466684],[3.231778199687468,45.719211428482716],[3.231860478176094,45.719212159770997],[3.231936302522502,45.719206600847173],[3.232030320877049,45.719247829916561],[3.232103687531847,45.719269290645911],[3.232498777180079,45.719370231872446],[3.233463947736346,45.719607767517886],[3.234404700999276,45.719845345695653],[3.234862871667454,45.719965057769386],[3.235232248589641,45.720063341537383],[3.235698124731513,45.720180332675106],[3.236033995291398,45.720258873085008],[3.236081611220273,45.720270479752152],[3.236575673289877,45.72036399548945],[3.236688895841952,45.720385369594212],[3.236693296716817,45.71991170238141],[3.236702899792768,45.719151668314829],[3.236660287986093,45.718206242909787],[3.23671041614084,45.717603709640038],[3.236033896536589,45.717825748353661],[3.235892940574336,45.717027308556801],[3.236055963567193,45.716972037380728],[3.235964560359573,45.716338283644689],[3.23574627474183,45.715793043336262],[3.235660651826285,45.715307858194613],[3.235484420903678,45.714675181962107],[3.235026725046394,45.714657226931315],[3.235030745745946,45.71439337496269],[3.235068990697141,45.714015989886704],[3.235125991939623,45.713515198552514],[3.234774629154142,45.713108008991924],[3.234499899793943,45.712887060365205],[3.234164530578328,45.712612207678028],[3.234118313743255,45.712625811032858],[3.233774137665491,45.712699465075332],[3.23286098277738,45.712881453269418],[3.23267472166868,45.712910653593916],[3.232539800519676,45.712921737906171],[3.232317472356658,45.712933002245876],[3.231920341470493,45.712947327422981],[3.231757084754563,45.712944961749344],[3.231715948285566,45.712944145834086],[3.2316246511804,45.712936229074323],[3.231517872812653,45.712914836692882],[3.231530089814292,45.712762628816769],[3.231572085566213,45.712661687683884],[3.23169582172629,45.712435410454873],[3.231737832016702,45.712338071190693],[3.231888571024892,45.712114439700606],[3.231933098625957,45.712004488328454],[3.231957418800492,45.711980125056989],[3.231990710135121,45.71194943988727],[3.232410542116936,45.711527145765103],[3.232511476492836,45.711381958740148],[3.232521138633331,45.71123425848527],[3.232479556874177,45.711127185978022],[3.232278481974312,45.710994328055243],[3.232374546679273,45.710913986453711],[3.23245908081572,45.710842673449299],[3.23251669437642,45.710788525225546],[3.232588386046356,45.710719940085909],[3.232622942683793,45.71068474967003],[3.232654856634726,45.710632455393572],[3.232667486611176,45.710579300427973],[3.232664491750466,45.710478451760558],[3.232667984183504,45.710391997537705],[3.232676720209116,45.710329845712863],[3.23269051801153,45.710248773153616],[3.232697877749058,45.71016501241602],[3.232691095044475,45.710080380386984],[3.232693355110806,45.710006535565583],[3.232709833313044,45.709951571672796],[3.232800470069956,45.709803704189042],[3.232862946800076,45.709683809997124],[3.232940767451128,45.709544973776531],[3.233017366877397,45.709421448351996],[3.23306071477117,45.709337613184744],[3.233100339401215,45.709285302839795],[3.233150318547158,45.709250080365408],[3.233204240867309,45.709235560972374],[3.233264608694915,45.709225530662081],[3.233318572737484,45.709220916514255],[3.233357063670078,45.7092046280125],[3.233381381986617,45.709180264438459],[3.23338898747016,45.709155034978878],[3.233417047691655,45.709103648958482],[3.233452709497883,45.709026132985841],[3.233516454034945,45.708902633848595],[3.233573779391859,45.708780948958406],[3.233627324662,45.708677281668237],[3.233687311422277,45.708577202955787],[3.233723014358674,45.708509592199675],[3.233757591723332,45.708479804331709],[3.233851520882021,45.708503922699244],[3.233975088055411,45.708545989257793],[3.234110234507694,45.708590733098752],[3.234268535582431,45.708639931100294],[3.234404956352722,45.708681970471311],[3.234397168259724,45.708663976875123],[3.234336183321267,45.708528129750391],[3.234263524295547,45.708367093150024],[3.234216613360259,45.708215908386492],[3.234138425226776,45.707963033258999],[3.234094043616652,45.707801937809791],[3.234096492237716,45.707773117056377],[3.23410282716783,45.707751492147437],[3.234124585398915,45.707729835199906],[3.234160496883632,45.707711750801927],[3.234519904370683,45.707600243282251],[3.234772839366211,45.707537582896023],[3.234887083200204,45.707503126252114],[3.234738348663095,45.70728461715855],[3.235273235767528,45.707032265227518],[3.235406197697835,45.706866297497648],[3.235492985602786,45.706722938341599],[3.235771638646038,45.705759732398619],[3.235863295195978,45.705251664521029],[3.235915853599896,45.704918373396062],[3.236097778731609,45.704482155509204],[3.236305801527955,45.703837869555294],[3.235785036807466,45.703776826539503],[3.235796307948805,45.703707465272466],[3.235808676180472,45.703593977728154],[3.235830194131646,45.703516490612614],[3.235864448613162,45.703411962155428],[3.235433495775478,45.703616373888529],[3.235085666914817,45.703421693807357],[3.234415267008791,45.703532049494164],[3.234359378794841,45.703384485478864],[3.233908415771833,45.703416939516522],[3.233916823539214,45.703581711613396],[3.233472406147611,45.703642965974758],[3.233123750364068,45.703555439792659],[3.232380017736288,45.703648825737837],[3.232007598517164,45.703717129749215],[3.230228617458518,45.703651440423684],[3.229792676975713,45.703898163725277],[3.229104055543135,45.703957197055459],[3.228816560726099,45.704051432020627],[3.228548465572614,45.704175343053841],[3.22793954955759,45.704552980763978],[3.226815909128819,45.705091038867202],[3.226619717615881,45.705200392740267],[3.226401396533896,45.705241353550321],[3.226319194149702,45.705254125505164],[3.226192001711584,45.705265186727338],[3.226125214509578,45.705276126622259],[3.225811900432259,45.70534519201189],[3.225508885701908,45.705418738366873],[3.225395855850999,45.705436073773967],[3.225097882044794,45.705485295732956],[3.224912945268712,45.705518983058496],[3.224830767744525,45.705538057300942],[3.224789706402021,45.705554348013685],[3.224764082378075,45.705574209881597],[3.224747447603777,45.705592252839267],[3.224481756523782,45.705679229328503],[3.223865668379506,45.705248220018341],[3.223387778038792,45.705301396652665],[3.222490998934429,45.705378811721566],[3.222264673343843,45.70534774118768],[3.222033257722048,45.705329287074804],[3.221368203230296,45.704860540089882],[3.220890022621687,45.704840767094872],[3.219806978619486,45.704616861939037],[3.218532214024956,45.70433388605796],[3.217964050366324,45.704307971688131],[3.217684429256871,45.704122110954231],[3.21705753366326,45.703866680802314],[3.21617754419566,45.703632444198242],[3.215369595116261,45.703414271886565],[3.215212036861629,45.703547845213166],[3.214696329299865,45.704452019073635],[3.213718673329826,45.706216133903865],[3.213680783869107,45.70638909960865],[3.214337290205549,45.706985777599876],[3.216091202241824,45.708179178274484],[3.216967948591968,45.709206752917368],[3.216266509638956,45.709952805561137],[3.215882029318678,45.711886892980736],[3.216571732307289,45.716015214319548],[3.215615724088683,45.715455141604288],[3.215016923000726,45.71518253663303],[3.214666896311319,45.715084149942101],[3.213784801033153,45.715013787233794],[3.213309200014219,45.715018290219298],[3.212407280380694,45.715140658971713],[3.212131178270881,45.715211417086593]]]]}},
{"type":"Feature","properties":{"nom":"Mirefleurs","nom_m":"MIREFLEURS","insee_com":"63227"},"geometry":{"type":"MultiPolygon","coordinates":[[[[3.247848319503929,45.686087844995235],[3.247122612378154,45.685556349911792],[3.246676696329455,45.68553391445954],[3.246122908947951,45.685522518820591],[3.245675568913783,45.685468565418667],[3.245400339236768,45.685403429611078],[3.244856018625519,45.684627492391023],[3.244640253288264,45.684353312161655],[3.244528222658326,45.684004165875038],[3.244071506615843,45.682694945722666],[3.243727236297044,45.682118478093173],[3.243586425426478,45.681941386468928],[3.243099472352639,45.681343613693173],[3.24284194788165,45.68091643725738],[3.242817381467789,45.680880470687249],[3.242801831342259,45.680849887607721],[3.242581862047266,45.680490166259332],[3.242582310012589,45.680299261817076],[3.242575062012078,45.68011107541453],[3.242584482670045,45.679915649215481],[3.241881465628396,45.679548861346255],[3.240734687036709,45.679049746132343],[3.240394050494726,45.679000946750968],[3.240268925036002,45.679177709341644],[3.239994076589118,45.679191802562421],[3.239400309057961,45.679129131381856],[3.236913147539951,45.679098370221105],[3.236415337873433,45.678943631706076],[3.235892522021818,45.678949230189389],[3.235171819155687,45.678941732233582],[3.234475581233523,45.678947686061271],[3.234047681397001,45.678918859838809],[3.233681146556467,45.678819666668765],[3.232764818542321,45.678725211665402],[3.231576689677085,45.678758277064716],[3.231536053504698,45.678256789008287],[3.230032134870136,45.678032046865617],[3.229470771126969,45.677723424142208],[3.229089085990079,45.677373911426358],[3.22804745295974,45.676789807765097],[3.226770460502899,45.676130527689054],[3.224662784043628,45.675248671826317],[3.223276496790279,45.674861517404658],[3.221965311491439,45.67461917640577],[3.221803196559733,45.67519400647511],[3.221763008213709,45.675422809315293],[3.221760482451949,45.675433620132644],[3.221751367812946,45.675723594912242],[3.221749231628626,45.675831657567329],[3.221742094359505,45.675973948577976],[3.221740005041267,45.67609371747497],[3.22172510994797,45.676223416939301],[3.221702467826816,45.676343226292687],[3.221647830845201,45.676492814679619],[3.22155733057359,45.676668587714346],[3.221469200687601,45.6767948292242],[3.22134264880381,45.676949961760521],[3.221237789851022,45.677069032064487],[3.22092172804369,45.67737671851016],[3.220660504722943,45.677585243068791],[3.220587474075227,45.677633111927278],[3.220499021186153,45.677679209954043],[3.220390022049576,45.677727149086678],[3.220300277097426,45.677771448510661],[3.220214421571379,45.677824745131154],[3.220052979537311,45.677929517140832],[3.219942838060453,45.678013477558714],[3.219855775914746,45.678086586979411],[3.219777677062387,45.678152474947609],[3.219682881916212,45.678219295911688],[3.219568817653905,45.67828615435721],[3.219426513465489,45.67835847062365],[3.219281607607123,45.678422687389933],[3.219117393243257,45.678477036170989],[3.218837589639241,45.678537912738847],[3.218533274922582,45.678572722037202],[3.218029931949882,45.678629527608251],[3.217308216231419,45.678689453871627],[3.216495337897692,45.678761257084517],[3.215627359743034,45.678869179397843],[3.214428252641934,45.679056068202556],[3.213529643550116,45.679218061865264],[3.212530770200654,45.679364929284901],[3.211160690959317,45.679526892079657],[3.20965545197865,45.679618851849071],[3.208445814415106,45.679748065347944],[3.207825714908606,45.679849165136375],[3.207103017810399,45.679997275499687],[3.206417514205205,45.680130004796261],[3.205782091492535,45.680258136007609],[3.205385458857168,45.680345306603193],[3.20497483062492,45.680469421230136],[3.20465416910332,45.680605077277924],[3.204417021570109,45.680744182843441],[3.204244045704429,45.680866962814456],[3.204156905192149,45.680925652422239],[3.204088961283653,45.680964496473827],[3.204013249597913,45.68098714578813],[3.20394905994047,45.680998968349094],[3.203783359191478,45.68100467114359],[3.203627932346715,45.681009454636673],[3.203412235828327,45.681044062827283],[3.20334679440203,45.681064892173914],[3.203290411681357,45.681103714873082],[3.202955574551419,45.681579775705906],[3.202864943892613,45.68173842464833],[3.202845845402486,45.6817852843593],[3.202833193357519,45.681838435868769],[3.202778658312303,45.682031238250168],[3.202708917743266,45.68228169913408],[3.202639140277413,45.682522254688223],[3.202622960152,45.682664560732732],[3.202502798689756,45.683179855352634],[3.202361179984206,45.683800545389587],[3.202407952433212,45.684997208701404],[3.20240982997462,45.685159293011992],[3.202379100717501,45.685539353795377],[3.202327873967993,45.685935660163494],[3.202238922441953,45.686556255563161],[3.20214901961743,45.687268702326463],[3.202140637767848,45.687436207999426],[3.202155129796002,45.688589706258888],[3.20216866564249,45.688777883831015],[3.202277779796116,45.690157234718335],[3.20228443009631,45.690570546534374],[3.202269455886294,45.69069213923057],[3.202246874326781,45.690841660694431],[3.202215179970799,45.690958780959903],[3.202201394976224,45.691054257377381],[3.202201799679006,45.691165016617589],[3.202217468465532,45.691233425549854],[3.202249831057482,45.691299103052842],[3.202805047553924,45.692388595527966],[3.202883919624841,45.692522626194105],[3.202935663313574,45.692617084214099],[3.203018367687915,45.692744804473499],[3.203166957716786,45.692968758074464],[3.203534011946289,45.693548009717155],[3.2038674426005,45.694066988361897],[3.204277306303117,45.694403928969798],[3.204538886936451,45.694601561757906],[3.204636771247426,45.694662617203363],[3.204633515737012,45.694824710927577],[3.204640157083495,45.694883230576444],[3.204658449854533,45.694965141747574],[3.204681879277816,45.695046143097798],[3.20471686696369,45.695125322469359],[3.204767334561121,45.695220682482514],[3.204824213942107,45.695312428867581],[3.204914566624023,45.695421223626596],[3.205052587884659,45.695563249630894],[3.205204778220449,45.695714254545322],[3.205376274484941,45.695873328462618],[3.205471826028008,45.69599742160225],[3.205566287021072,45.696173744954095],[3.205624959005804,45.696401461359692],[3.205719806178902,45.696681340005298],[3.205819657088788,45.696924289430143],[3.205862783231328,45.697117815576199],[3.205897544379373,45.697480648748162],[3.205928978489166,45.697639977694415],[3.205966600022994,45.697735360671032],[3.206023624797865,45.697864926709549],[3.2060960872176,45.697998966927578],[3.206522610841877,45.698656442849703],[3.206935417628876,45.699766887973141],[3.206821630141153,45.699923781823252],[3.206722412194472,45.700540798336846],[3.206461553546559,45.700890666017884],[3.206336857867629,45.701224975565317],[3.206038493296009,45.701512777245625],[3.206281038918596,45.70210935730497],[3.206587929213693,45.702383444091723],[3.206654158127887,45.70256702229657],[3.207044851258865,45.702911192249118],[3.20728604411793,45.703142174399922],[3.207723860697675,45.703370092325365],[3.208350158213155,45.703479696262015],[3.209093361986338,45.703576473039639],[3.209706819550617,45.703687894247025],[3.210815268055946,45.70384881461672],[3.211266330652012,45.703838064561111],[3.211328631830481,45.703998234728019],[3.21242441663391,45.704540069758764],[3.21254442646932,45.705000893715543],[3.212734758580635,45.705366133033358],[3.212907709462665,45.705555809566548],[3.213217291577877,45.705847883154355],[3.213718673329826,45.706216133903865],[3.214696329299865,45.704452019073635],[3.215212036861629,45.703547845213166],[3.215369595116261,45.703414271886565],[3.21617754419566,45.703632444198242],[3.21705753366326,45.703866680802314],[3.217684429256871,45.704122110954231],[3.217964050366324,45.704307971688131],[3.218532214024956,45.70433388605796],[3.219806978619486,45.704616861939037],[3.220890022621687,45.704840767094872],[3.221368203230296,45.704860540089882],[3.222033257722048,45.705329287074804],[3.222264673343843,45.70534774118768],[3.222490998934429,45.705378811721566],[3.223387778038792,45.705301396652665],[3.223865668379506,45.705248220018341],[3.224481756523782,45.705679229328503],[3.224747447603777,45.705592252839267],[3.224764082378075,45.705574209881597],[3.224789706402021,45.705554348013685],[3.224830767744525,45.705538057300942],[3.224912945268712,45.705518983058496],[3.225097882044794,45.705485295732956],[3.225395855850999,45.705436073773967],[3.225508885701908,45.705418738366873],[3.225811900432259,45.70534519201189],[3.226125214509578,45.705276126622259],[3.226192001711584,45.705265186727338],[3.226319194149702,45.705254125505164],[3.226401396533896,45.705241353550321],[3.226619717615881,45.705200392740267],[3.226815909128819,45.705091038867202],[3.22793954955759,45.704552980763978],[3.228548465572614,45.704175343053841],[3.228816560726099,45.704051432020627],[3.229104055543135,45.703957197055459],[3.229792676975713,45.703898163725277],[3.230228617458518,45.703651440423684],[3.232007598517164,45.703717129749215],[3.232380017736288,45.703648825737837],[3.233123750364068,45.703555439792659],[3.233472406147611,45.703642965974758],[3.233916823539214,45.703581711613396],[3.233908415771833,45.703416939516522],[3.234359378794841,45.703384485478864],[3.234415267008791,45.703532049494164],[3.235085666914817,45.703421693807357],[3.235433495775478,45.703616373888529],[3.235864448613162,45.703411962155428],[3.235903751507453,45.703285811375331],[3.235982575683022,45.703084837213417],[3.236076871189825,45.702895536950898],[3.236151107011275,45.702824242754232],[3.236206261309405,45.702798913462615],[3.236373289899712,45.702788657865455],[3.236477395605373,45.70279024043726],[3.236730579952855,45.702791509850549],[3.236866837821977,45.702798427454155],[3.236978704665868,45.70281169961202],[3.237012138142144,45.702816131748662],[3.237151020466831,45.702835650340894],[3.237269390498215,45.70286691831339],[3.237400666388279,45.702910765827184],[3.237633567164555,45.702976911178844],[3.237718515726386,45.703006448171408],[3.23786010847836,45.70305837779398],[3.23800034660281,45.703094101290183],[3.23819707804377,45.703117098367393],[3.238449149519371,45.703157987811643],[3.238564946751595,45.703188359381279],[3.238814541767657,45.703250864999731],[3.23904221549112,45.703296307266584],[3.239349733948691,45.703379400082881],[3.239546669703498,45.703449219829132],[3.239898295788108,45.70362676879099],[3.240250935591944,45.703741280231874],[3.240395118619494,45.703796803117335],[3.240436044922252,45.703750790840807],[3.240520561637244,45.703680372307034],[3.240632000325433,45.703594587905648],[3.24066271536316,45.703564806161921],[3.240692027666035,45.703508012718707],[3.240702179800939,45.703478274879956],[3.240734132894253,45.703437684597695],[3.240841707402308,45.703350107263923],[3.240927406207356,45.703256273169785],[3.241061658656605,45.703097499913731],[3.24111156435599,45.703047866225745],[3.241253287227171,45.702834146895903],[3.241445027933487,45.702596907509488],[3.241635666684043,45.702401993167889],[3.241789204048514,45.70224587916227],[3.241826300155557,45.702206178025406],[3.241901982082076,45.702173597972532],[3.242100801447681,45.70208672402552],[3.242291972431417,45.70201427400383],[3.242496033787911,45.701950800815219],[3.242684763849038,45.701908071532849],[3.242787535520604,45.701898845270541],[3.242869772597156,45.701895966598329],[3.242931463248805,45.701896734118129],[3.242981552054482,45.701889422214087],[3.243122798678531,45.701862102890694],[3.243312848730804,45.701827474113223],[3.243547850597339,45.701786444448125],[3.243857072494734,45.701673214545373],[3.244268865127301,45.701505732134407],[3.244705164270662,45.701358906263067],[3.244510322163306,45.701181032254283],[3.244092631378495,45.700884776216171],[3.244301820725742,45.700237771443064],[3.24464442716909,45.69953914883336],[3.245042801337332,45.698957467567048],[3.245034907470401,45.698916062218728],[3.245038635068894,45.698887238451441],[3.245052523571484,45.698831377905535],[3.245148237417204,45.698680787988209],[3.245357147239915,45.698265207693773],[3.24545172202379,45.698147938108463],[3.245544018018522,45.698096409134891],[3.245642823041785,45.698063776173861],[3.245671054169342,45.698054709735011],[3.245678728486323,45.698046588598956],[3.245682487677208,45.698024968657563],[3.245626562985788,45.69787470884706],[3.245529005778289,45.69760927709401],[3.245529823311912,45.697503918057969],[3.245536132618537,45.697477790119038],[3.245559059472222,45.697431815202478],[3.245574415957005,45.697417373907072],[3.245607770918535,45.697404694359776],[3.245669456600767,45.697405460380452],[3.245736310419064,45.697412518522455],[3.245777439547091,45.6974142298006],[3.245800522180479,45.697403373579689],[3.245812007488782,45.697385338738655],[3.245805502310629,45.697367343142048],[3.245731919439978,45.697291862525176],[3.245564365678712,45.697179666623555],[3.245424029822657,45.697119639578325],[3.245372528853748,45.697097239503023],[3.245589990501936,45.696583486851459],[3.246038460297338,45.695715337339003],[3.246074292014083,45.695681940991761],[3.246144598222794,45.695598942421334],[3.246234038840437,45.695484384871421],[3.246383456525146,45.695276045240206],[3.246530122588826,45.695027189416585],[3.246568350984225,45.694955066631863],[3.24658344970335,45.694882994453359],[3.246601038072561,45.694792907040124],[3.246623573631986,45.694659585314582],[3.246623465271165,45.694635272343213],[3.246624348904255,45.694545221488958],[3.24662004852207,45.694445276600668],[3.246631235952272,45.694360606130047],[3.246643732392612,45.69428133572849],[3.246661328500337,45.694193049270588],[3.246684100514318,45.694112855881379],[3.246717115982537,45.694024535656723],[3.246746388910629,45.693961437315075],[3.246791016958656,45.693883897508627],[3.246835685049165,45.693815362488522],[3.246848462260563,45.693799125692344],[3.246870189930434,45.693772963904138],[3.246907304837384,45.693739564481419],[3.246961075812803,45.693695322671346],[3.247028952989377,45.693644746486115],[3.247114795165532,45.693588727926446],[3.247239113101222,45.693516416077308],[3.247537735837529,45.693343766997046],[3.247692818654293,45.693255178249338],[3.247820989896111,45.69318285728589],[3.247854273224611,45.6931548689127],[3.247874715230316,45.69312870975854],[3.247887415335725,45.693095363720133],[3.247892405821059,45.693062034642331],[3.247896091197253,45.693024205990064],[3.247884345278658,45.692983709820318],[3.247861030961534,45.692942338609129],[3.247800288370024,45.692864129659753],[3.247742648682352,45.69204391083867],[3.247585619382773,45.691696667226935],[3.247018236368536,45.690380497188642],[3.246791945945169,45.689770461604823],[3.246807809750184,45.689582224678453],[3.246886538651867,45.689373138770115],[3.247033181351013,45.68883522549249],[3.246529811609323,45.688612106350426],[3.246467482023539,45.688464562557677],[3.246934758650672,45.68750992175827],[3.247093739047964,45.68714667623339],[3.247628954351998,45.686449423337912],[3.247848319503929,45.686087844995235]]]]}},
{"type":"Feature","properties":{"nom":"Corent","nom_m":"CORENT","insee_com":"63120"},"geometry":{"type":"MultiPolygon","coordinates":[[[[3.207663593105726,45.669166091664579],[3.207431430483815,45.669249364220867],[3.206969668552592,45.669415002698926],[3.206750250208242,45.669472136329738],[3.2066090649293,45.669498509515122],[3.206523047808493,45.669508572624594],[3.206350969838863,45.669516992406379],[3.206103069237587,45.669513844383246],[3.205866671243453,45.669495366525517],[3.205527475509044,45.669464469003742],[3.204855173897198,45.66931261121114],[3.203962954801308,45.669081905119917],[3.203826644794725,45.669037127588872],[3.203650396742221,45.668959104133151],[3.203489512037499,45.668867545355518],[3.203341421977933,45.668762455959921],[3.203186814787968,45.668631264035241],[3.203086277234001,45.668534192882703],[3.20299216185596,45.668437110066819],[3.202888950668054,45.668311228008783],[3.202819278433126,45.66822490684681],[3.202722539278714,45.668112520273702],[3.202629679947565,45.668007330526322],[3.201956467740673,45.667246728674776],[3.20162486487094,45.666827696422416],[3.201177262867358,45.666294508795524],[3.200981206861772,45.666063434006183],[3.200880504671944,45.665918635469822],[3.200837864502376,45.6658475731466],[3.200611440574852,45.665386928027004],[3.200408085362467,45.664911833656419],[3.200354944216908,45.664777755850494],[3.20030697301465,45.664652673682255],[3.200283422781794,45.664532950980103],[3.200274022437911,45.664419506510804],[3.200274980974969,45.664329456245845],[3.200295122078427,45.664216859725961],[3.200333226508354,45.664099728821789],[3.200363745782624,45.664015929367601],[3.200384023473219,45.663941152985217],[3.200498484594005,45.663276390921091],[3.20050704058947,45.663156611112917],[3.200528344362767,45.663010694526506],[3.200551163843222,45.662928709708979],[3.200590710936126,45.662855699947769],[3.2006725168761,45.662749296913901],[3.200753132956796,45.662669010021354],[3.200819717000463,45.662614862174166],[3.201060445859448,45.662419927766095],[3.201619560185583,45.661844418392128],[3.201845969483148,45.661598180272755],[3.201939345406524,45.661496258010324],[3.202018699908197,45.661423176359321],[3.202118588256788,45.661346455857505],[3.202333827133658,45.661207394574021],[3.202433816716426,45.661158588658793],[3.202644095267226,45.661068161911537],[3.203322428506723,45.660793191619227],[3.203744339638213,45.660633043123056],[3.203918763094611,45.66057149439299],[3.204041888619327,45.660528948547558],[3.204163759657848,45.660494509210587],[3.204353605652736,45.66043653378506],[3.204495993213758,45.660393952485471],[3.204666539251947,45.66032610623877],[3.204730604903214,45.660287268907197],[3.204803616387399,45.660236708958884],[3.20493927558993,45.660111294675566],[3.205015812411845,45.659972480602661],[3.205082045512589,45.659825580875761],[3.204997244583088,45.659466441613787],[3.204865347731578,45.659219948661494],[3.204684637897527,45.658969041873796],[3.204425504125404,45.658693063615495],[3.204178132674731,45.658471993046533],[3.203814999402584,45.658198903387266],[3.20371070351001,45.658122550870623],[3.203593858031836,45.658125463649796],[3.203479567556083,45.65812476974979],[3.203403747920666,45.658109598484359],[3.203309881147328,45.658075549564423],[3.203187720815302,45.65802984531657],[3.203064260051097,45.657979640855835],[3.202931840365689,45.657937556773099],[3.202767370637363,45.657909938015997],[3.202614497691979,45.657893103975049],[3.202442369627976,45.657878105316279],[3.201886132349854,45.657820572429628],[3.201692161580502,45.657802009843927],[3.201472564288117,45.657798801026381],[3.201342884743588,45.65780353540331],[3.201279969503581,45.657805448853068],[3.201196253157053,45.657737161595648],[3.201157657691514,45.657717419877443],[3.201065090158694,45.657686968710543],[3.200860817814518,45.657660318722357],[3.200700195757464,45.65763088911612],[3.200400619123236,45.65752696640272],[3.200059763416088,45.657370888108488],[3.199909217174015,45.657286509885836],[3.199749607948613,45.657181436384697],[3.199597671477763,45.657067344208492],[3.199455930574556,45.656931622129505],[3.199333432338769,45.656790462901952],[3.199212280371476,45.656666410377035],[3.199123431936044,45.656598130672201],[3.199034625796964,45.656541557128023],[3.198884141588429,45.656473386167356],[3.198567736210609,45.656328966504972],[3.198322098824686,45.656224042674118],[3.198116313928224,45.656131654986609],[3.198001792584524,45.656065220541414],[3.197683795938985,45.655833454171834],[3.197587413381767,45.655812011706367],[3.197493634370019,45.655800469925786],[3.197380610373183,45.655793464228708],[3.197262482197501,45.655795472209093],[3.197181204103917,45.655688456871445],[3.197086995917596,45.655556250533657],[3.196979896298498,45.655409658914913],[3.196883143359282,45.655283760256921],[3.196775996808356,45.655123661259388],[3.196654687925303,45.654952781081427],[3.196588683375564,45.654807017805524],[3.196554975281793,45.654716127690605],[3.196280058423041,45.654679687388217],[3.196109242054597,45.654669179210231],[3.195866506468947,45.654655193963329],[3.195612138258279,45.654619616769352],[3.195427130978437,45.654590222030478],[3.195316560283576,45.654549892074087],[3.195252272411694,45.654525690485578],[3.195191779587484,45.65448527355678],[3.195096573343434,45.654432309963312],[3.194947405944494,45.654370434883255],[3.194776394407903,45.654304094972566],[3.194582169385281,45.654208979412132],[3.194485667515134,45.654152415605516],[3.194365936314958,45.654062573885824],[3.194274488904009,45.653982588573491],[3.194179072842278,45.653869292100431],[3.194039886745161,45.653723653540951],[3.193950475405088,45.653491482561364],[3.194032355850516,45.653040198708034],[3.193838227946857,45.65297119576929],[3.193397209958078,45.652799061118969],[3.193154677989305,45.65284089973462],[3.192971391851369,45.652934864405687],[3.192799676836486,45.653033311387581],[3.192558267708109,45.653029222082957],[3.192106209510732,45.653004780721467],[3.191609030766147,45.652928186238903],[3.191531812913714,45.652876990003953],[3.191462277428917,45.652819477261708],[3.19140944344666,45.652764637539001],[3.191204239396066,45.652461522937394],[3.191110057184136,45.652331112593785],[3.191049349210753,45.652226759426917],[3.190891886163112,45.651990199103608],[3.190695585727876,45.65166095446186],[3.190521307165105,45.651387502258075],[3.190410365608613,45.65123640856568],[3.190076467693351,45.650843461109936],[3.189756889245945,45.650506318576035],[3.189441178835676,45.650172770579914],[3.188948968033497,45.649662122680638],[3.188787727800826,45.649442675031963],[3.188705099435415,45.649308641417676],[3.188535943109157,45.649026172798393],[3.188418288840965,45.648785940506571],[3.188276235295717,45.648543947936183],[3.188197546892355,45.648435120928731],[3.188111179873959,45.648333510570282],[3.18798876930977,45.648204045331994],[3.187938529294586,45.648154602588271],[3.187843188158028,45.648056608944678],[3.187807107856834,45.648017948325439],[3.187763315102116,45.647976599105704],[3.18774151032695,45.647982938857012],[3.187709416105759,45.647983892856018],[3.187676001374178,45.647974043239103],[3.187645163588552,45.647966890769275],[3.187578367729945,45.647957096755519],[3.187437145887622,45.647959132928669],[3.187165018944015,45.647976694852716],[3.187035379424233,45.647986815621991],[3.186874899119673,45.647988883082249],[3.186800418249237,45.64798450426693],[3.186732344700366,45.647976512839342],[3.186673258405595,45.64796850646934],[3.186596197661563,45.647960529860718],[3.186478058515072,45.647954422215271],[3.186313729641839,45.647957395734231],[3.186159699116524,45.647968456340863],[3.186028799739366,45.647985781905696],[3.185899193239684,45.64800580663529],[3.185765783297773,45.648040245234753],[3.185590065068645,45.648092763106774],[3.185283506730672,45.648180614983254],[3.185092368798739,45.648229555517503],[3.184949937453882,45.648254102656828],[3.184681735036931,45.648294164226833],[3.184554674120422,45.648307879843749],[3.184446862627457,45.648318862330619],[3.184300543108618,45.648332609210328],[3.184051664180874,45.6483924482907],[3.183984970156676,45.6484132684323],[3.183917019094674,45.648442194943335],[3.18386319088803,45.648471098349972],[3.183699144095956,45.648559613563819],[3.183417120531136,45.648691544031145],[3.183274776655699,45.648743103424948],[3.183174706234474,45.648765778381723],[3.182959098724942,45.648793143484802],[3.182728051393577,45.648810627911601],[3.182545804396342,45.648831634685358],[3.182394403754587,45.648862496518589],[3.182073715997883,45.648951263019164],[3.182091829944901,45.648993556468653],[3.18216541294272,45.649115002766344],[3.182286553088765,45.650422309464993],[3.182368773295565,45.651216403279236],[3.182460772256774,45.651860100387751],[3.182654056653051,45.65284671768844],[3.182694538113675,45.653051962421046],[3.182724198077682,45.653090635114395],[3.182751287090515,45.653128411488801],[3.182777187237854,45.653195005283706],[3.182830625524888,45.653435347828349],[3.182908576712974,45.653710769423689],[3.18292676721987,45.653775574743456],[3.182928301115145,45.653851212935166],[3.182908015445866,45.653929588027694],[3.18287367675067,45.654029597566556],[3.18285208014483,45.654099870419998],[3.18281268239437,45.654223300750274],[3.182777475417261,45.654449379483296],[3.182771405922909,45.654555646492412],[3.18278081629191,45.65468349999982],[3.182827835770913,45.654923852998074],[3.18289097813561,45.65538029606099],[3.182904023990826,45.655442408297304],[3.182865790519053,45.655529817389166],[3.182779220074444,45.655755979551451],[3.182667178297293,45.656046117373478],[3.182539821319083,45.656365095422629],[3.182492832471345,45.6565236568632],[3.182191069692719,45.658084685298611],[3.183017667406079,45.659134210485036],[3.184155112135554,45.660583037105596],[3.184405002434231,45.660810450847137],[3.185360972256424,45.661351873749489],[3.185862805139906,45.661647306157278],[3.18706310672762,45.662277459190406],[3.187193114053975,45.661986386479015],[3.188401008693004,45.662576891338773],[3.189094312348471,45.662899003485833],[3.189518696114887,45.663069382272923],[3.189692299994446,45.663136626370957],[3.189588023563915,45.663813066382872],[3.189234247708192,45.664388171012369],[3.188771269604071,45.664954452791008],[3.188404815789138,45.665582704728159],[3.187926345792816,45.666509203133394],[3.187514841673792,45.666355906040309],[3.187222164298972,45.666779621109256],[3.187132870164513,45.666959866600315],[3.187057584477676,45.667104969824102],[3.187001374882728,45.667194211228427],[3.186959177275292,45.667249210898468],[3.18688240273957,45.667333983953675],[3.186740455988972,45.668658833562027],[3.186775568428258,45.668787544770467],[3.186950446955134,45.668847587152456],[3.187091971640802,45.668919390987924],[3.187317255490043,45.669072099073404],[3.187415063472629,45.669129567436521],[3.187525648379723,45.669167203759002],[3.18768650231768,45.669636088824973],[3.187586466115919,45.66967947879521],[3.187527499898195,45.669713795445077],[3.187462178712247,45.669767933325701],[3.187270183340786,45.669964558597009],[3.18713707443478,45.670103454632795],[3.18705514337611,45.670183733958503],[3.18699750632427,45.670231555408179],[3.186939790112596,45.670255964332618],[3.186870517216933,45.670281292888276],[3.186643325742836,45.670325793406619],[3.186293012340935,45.670424526321867],[3.186087691150275,45.670479795369495],[3.186020998514714,45.670508721081418],[3.185963287633335,45.670534930467298],[3.185942791451308,45.670551173048693],[3.185960854924421,45.670575456338376],[3.1859712391456,45.670607856676291],[3.185979559751003,45.670790641527169],[3.1859912284442,45.670823039742857],[3.18600929807862,45.670849123986685],[3.186038891213419,45.670864383365924],[3.186083921643859,45.670886821118827],[3.186150790324709,45.670910123248134],[3.186220200646382,45.670925316764396],[3.186813798575846,45.670981964841232],[3.187606520315355,45.671049084118707],[3.18785447256852,45.671065780064069],[3.187935421993353,45.671074649877852],[3.187993254821956,45.671084458705984],[3.188066546681377,45.671107748978756],[3.188310912545397,45.671202792169638],[3.188538569370008,45.671294260860769],[3.188770055683007,45.671378518789147],[3.188915371826109,45.671429602834777],[3.188960385439912,45.671446636554798],[3.189158403823402,45.67150933817269],[3.189304980471375,45.67155321571385],[3.1894991093197,45.671605117441935],[3.189659806073044,45.67164626930748],[3.189817903307341,45.671678420466883],[3.189996539421275,45.671706934816491],[3.190089081019066,45.671724788388246],[3.190149502350266,45.671739994657948],[3.190203516973547,45.671759714143953],[3.190252393864381,45.67177944228267],[3.190360249895563,45.671768454214984],[3.190818618926687,45.671716350891487],[3.19085842418688,45.67171268150345],[3.191433632725416,45.671647770823455],[3.191465734372736,45.671645014799736],[3.1920050303261,45.671595470503085],[3.192083359196376,45.671589033545544],[3.192356841283829,45.671558850777309],[3.192513448716522,45.671531568629653],[3.192666152542194,45.671489885167119],[3.192877833472548,45.671417483995015],[3.192934279534897,45.671397576628301],[3.193161291253555,45.671301736026798],[3.193316455903579,45.671229430940329],[3.193435653013088,45.671156286931684],[3.193536870985485,45.671084074178374],[3.193614956449993,45.67100829915843],[3.193760845064701,45.670854965674152],[3.193887532837649,45.670720575260134],[3.194100004268629,45.670508595115564],[3.194240850530693,45.67038318476267],[3.194376590143013,45.670266787905724],[3.194513635737076,45.670156692030815],[3.194640465721699,45.670063722875241],[3.194785270551816,45.669968921519775],[3.194971109033559,45.669855138748765],[3.19515436843778,45.669738658682206],[3.195196629651829,45.669703466498397],[3.195217106927879,45.669682719832508],[3.195229884179323,45.669663787482186],[3.195240079932989,45.669641257662164],[3.195271938830469,45.669570064048514],[3.195306280650994,45.669474553003006],[3.195340679545805,45.669395250593453],[3.19535079258886,45.669349308275677],[3.195424145642071,45.669389702883336],[3.195464057023081,45.669416648199068],[3.195646920612568,45.669552304052857],[3.195809164724142,45.669668184773876],[3.195989384685955,45.669782233012356],[3.196194012158874,45.669897138936172],[3.196417957622433,45.670026418577237],[3.196601966061333,45.670121549031741],[3.196632839734193,45.67013500242372],[3.196715137604057,45.670161873290986],[3.196781984276621,45.670177965264266],[3.196851377385441,45.670187749345828],[3.196914329271846,45.670192141730865],[3.197104434129689,45.670195411143453],[3.197244408684001,45.670187962207528],[3.197293203257271,45.670184274799958],[3.197317587703151,45.670178829166979],[3.19733297488827,45.670171598321055],[3.197406192403412,45.670173270986744],[3.19752691042504,45.670168556907129],[3.197767055568001,45.670157329654486],[3.198094578787675,45.670156754071414],[3.198436246591569,45.670160655045727],[3.198655863662006,45.670155765465324],[3.198804809336497,45.670142895849956],[3.19900124876123,45.670121837757605],[3.199282384107114,45.670079918316922],[3.199342718619961,45.670070806685921],[3.19942745676063,45.6700616518144],[3.199486536031063,45.670060646702893],[3.19952507784194,45.670063279889135],[3.199572629952212,45.670071300012665],[3.19964070979129,45.670072980329259],[3.199685657391736,45.670071099675724],[3.199823114484495,45.670078059773338],[3.200383368363493,45.67014730229586],[3.200725140750325,45.670180011693972],[3.200942326163765,45.670212942402529],[3.201218607636346,45.670249369073332],[3.201453752382994,45.670275963307404],[3.201650384795763,45.670308028926556],[3.201799484460626,45.670337477920299],[3.202079692662772,45.670393706139691],[3.202312348594849,45.670441914715262],[3.202520568155724,45.670481161892205],[3.202672244168758,45.670512406072284],[3.202714682550377,45.670526737475733],[3.202733968534027,45.670532105679051],[3.202776416841911,45.670549138499851],[3.202808480999056,45.670536473961498],[3.202844428076293,45.67053190679605],[3.202875250694922,45.670530950794316],[3.202995992144262,45.670532534213947],[3.203188703712418,45.670545694009085],[3.203364708067846,45.670556182184249],[3.203590847689391,45.670578285790036],[3.203811876354138,45.670607602080224],[3.204004654745101,45.670638770082576],[3.204151121305042,45.670650211013658],[3.204433679513868,45.670646096551231],[3.204664851063134,45.670639373310586],[3.204763754402017,45.670640094030624],[3.204844692583606,45.670645349770382],[3.205027189685135,45.670674733750168],[3.205309914934598,45.670715641096088],[3.205542464700229,45.670734127156265],[3.205733873078157,45.670741882060021],[3.20599711510645,45.670724291664591],[3.206311649757208,45.670684094552733],[3.206610740715651,45.670635820517077],[3.206927765831084,45.670574905930785],[3.207292289914834,45.670507599636103],[3.207551548807083,45.670455794457865],[3.20771971208178,45.670430270827048],[3.20786992727218,45.670413784934354],[3.207883893475411,45.670370535816417],[3.207906755823743,45.67030205666007],[3.207700491602896,45.669415458296108],[3.207663593105726,45.669166091664579]]]]}},
{"type":"Feature","properties":{"nom":"Orcet","nom_m":"ORCET","insee_com":"63262"},"geometry":{"type":"MultiPolygon","coordinates":[[[[3.194553474259699,45.702324719425718],[3.194104037626304,45.702429951046305],[3.193675398202238,45.702602681734668],[3.193680134382552,45.702120012016444],[3.193036605627894,45.702215667419416],[3.192891528179405,45.702257338282209],[3.192199676299564,45.702131551562715],[3.191977983221425,45.702315628989801],[3.191751113715273,45.702489809420875],[3.191044352730656,45.702512621485205],[3.191216572829815,45.702143129338324],[3.190924347142591,45.701999546737014],[3.190715858891514,45.701914353413528],[3.190460106272548,45.701912084483439],[3.190129954675725,45.701950462475324],[3.190106753149215,45.701182385464229],[3.190049112683893,45.700863709994074],[3.189968912865264,45.700711662778993],[3.189767860561687,45.700544510794948],[3.189501389314688,45.700412587508595],[3.189126841290565,45.700243024546921],[3.188756058701693,45.700046439407025],[3.188508795074291,45.699892869906158],[3.188228117367296,45.699738455196936],[3.187667615728053,45.69967995784598],[3.187193347249339,45.699660035464603],[3.187087482695198,45.699516133247322],[3.18696055226648,45.699222784937341],[3.186759808682633,45.698762068155766],[3.186165265796267,45.697367296263891],[3.186120390230017,45.697015279789255],[3.185969497109792,45.696853441178632],[3.185629567794745,45.696650491519208],[3.185049135275507,45.696385802428964],[3.184851707365765,45.695755785316635],[3.184445050852436,45.694806437588454],[3.184294774468543,45.694826494198381],[3.184059734329687,45.69486019641004],[3.183777173587667,45.694901179544715],[3.183666740055898,45.694923871787957],[3.183598689883898,45.694940191460439],[3.183551193393473,45.694954676637586],[3.183587020493416,45.694908693419677],[3.1836023356781,45.694877151411383],[3.183607397909195,45.694853730493868],[3.183608482697268,45.694793396079831],[3.183596616142637,45.694702466202997],[3.183583252541924,45.694547604170481],[3.18355047411105,45.69435045086675],[3.183492547074982,45.693931818661085],[3.183459575278786,45.69367613398893],[3.183426645575632,45.693433056064137],[3.183396629245517,45.693293529414838],[3.183338150483069,45.693095517411081],[3.183244805993374,45.692845333835741],[3.183231864241563,45.692817439781805],[3.18161400919775,45.693173050074755],[3.180711167115991,45.69331857962711],[3.180655511814479,45.693195302144794],[3.180501702188196,45.692919099119827],[3.180415194733672,45.692791368508864],[3.180309249450292,45.692613241667225],[3.180277003072435,45.69257547281066],[3.180237097048809,45.692553024477313],[3.180150922039503,45.69252704816958],[3.179762652461473,45.692459231282065],[3.17970610414634,45.692455719538692],[3.178798053397532,45.692577829410304],[3.178435875597167,45.692631532287145],[3.178352381450436,45.692639768864431],[3.178324118851713,45.692641614571933],[3.177428862222846,45.692748384873347],[3.17655544599094,45.692855113836082],[3.175459849705436,45.692999102191763],[3.174204971951926,45.693161336000372],[3.174149677038754,45.693147914173792],[3.17415320028315,45.69304255176074],[3.173441266209314,45.69301843626409],[3.172697122242607,45.692966450550394],[3.172419037543323,45.692793982955571],[3.171357728978356,45.692810009806998],[3.170013754124432,45.692832756936767],[3.168958948515991,45.692874865494886],[3.168936744524847,45.692756935023525],[3.16727273776022,45.692752213752463],[3.167092193392689,45.692961394555859],[3.166718237548037,45.693375271903903],[3.166344270695666,45.693787347057857],[3.166066400333936,45.694109230709024],[3.165667925633899,45.694493424652855],[3.16534900113576,45.694839680037312],[3.165252842853209,45.694911860047021],[3.165184838341178,45.694945277772703],[3.165120677945216,45.694975087876927],[3.165091117984305,45.694973330216982],[3.165065418343592,45.694973367867867],[3.165038441777992,45.694976108843605],[3.165014035174049,45.694978846049281],[3.164989631252628,45.694982483732552],[3.164965232697072,45.694987922376264],[3.164949823645678,45.694991546881766],[3.164873945286976,45.694970046251029],[3.164724747985926,45.694923439147878],[3.164516321389571,45.694836396435925],[3.164300161524437,45.694741260235411],[3.164031249046835,45.694622787773426],[3.163616779191393,45.694383860904694],[3.163419867880574,45.694278789717359],[3.163298892405208,45.694215030550879],[3.163177935796509,45.694157574634801],[3.163107172577901,45.694127060543458],[3.163019696976152,45.694093869128295],[3.16293866749603,45.69406787221763],[3.162903941735404,45.694057116587885],[3.162740621942664,45.694013228743593],[3.162712331643991,45.69400606570666],[3.162559323567049,45.693972968549076],[3.162390898818207,45.693940793890469],[3.162131714558301,45.694069936725761],[3.16163495137825,45.694687483805232],[3.161269574808328,45.694535825089311],[3.159915221494234,45.694095616422459],[3.159542603331079,45.694103348532792],[3.159945991131288,45.694516100009032],[3.160309435747451,45.694889285482695],[3.16051572218624,45.695126720295171],[3.159708277454897,45.696299400868796],[3.159779020775558,45.696322713234878],[3.159988785209685,45.696428673039051],[3.160087877334766,45.696478959561276],[3.160140664676291,45.696514003538162],[3.160178034465887,45.696549969894477],[3.1602773121713,45.696664190549953],[3.160354838822115,45.696810859600042],[3.160384702383834,45.696917074542412],[3.160353537026355,45.697248498049831],[3.160367037220933,45.697472700062619],[3.160311072020951,45.697671787292187],[3.16029079824868,45.697770869688611],[3.160204551779167,45.698163604620085],[3.16014471968799,45.698359095324939],[3.160079720860522,45.698545588470886],[3.159948348312519,45.698887960051557],[3.159842683564326,45.699232996483396],[3.159725436099007,45.699572646319019],[3.159623522628486,45.699882558248518],[3.159583022872541,45.700098732488847],[3.159552569946806,45.700233848661618],[3.159506716349665,45.700376190523357],[3.159448509650689,45.700691443357726],[3.15933148898264,45.700665494748591],[3.159012602035475,45.700603811563383],[3.158686036121214,45.700552944134749],[3.158441730782665,45.700506462567645],[3.158062309264838,45.70039713598144],[3.157466832595675,45.700232280040943],[3.157382325630742,45.700341357018395],[3.156741927705498,45.70110316107759],[3.156327588351046,45.700916435326107],[3.155813908482286,45.701504264263782],[3.155823847840553,45.701839231692269],[3.156338570834141,45.702983938356496],[3.156651730905823,45.703742614147416],[3.156784965025743,45.704045893049553],[3.156721095646033,45.704183756427867],[3.156505159752364,45.704175952124629],[3.156364040139599,45.70426529624423],[3.156429982431046,45.704405680735817],[3.156286291703953,45.704495028327322],[3.156264890881689,45.704653543752961],[3.156166471332842,45.704845483954699],[3.155515486002457,45.704608655521646],[3.155386165767899,45.704781727442843],[3.155017445742561,45.705289209524175],[3.154908685975037,45.705462252618773],[3.154861321657663,45.705529854255182],[3.15481133889039,45.705580350211079],[3.154756167253384,45.705613744012474],[3.154702298406142,45.705653439409268],[3.154668973043607,45.70568590269049],[3.15462282048968,45.705727388433793],[3.154546010931986,45.705836452746155],[3.154714542878631,45.705895653672172],[3.154908802627093,45.70596292337212],[3.155109473895914,45.70602478099056],[3.155221385699171,45.706058845428572],[3.155420739537712,45.70610899797385],[3.15543887712285,45.706160300735434],[3.155033221739083,45.706791200603071],[3.15506047966573,45.70688661476072],[3.155450877187347,45.707229162642804],[3.155778044973674,45.707480847374107],[3.15618508859929,45.707798156082212],[3.156438935579641,45.708026527823833],[3.156474997436205,45.708052591898493],[3.15650205213003,45.708075066519626],[3.156644963721675,45.708161314777151],[3.156709373548764,45.708212553022605],[3.157062309920589,45.708482207976139],[3.157246460477289,45.708606218474188],[3.15768449135884,45.708966701978675],[3.15811346382299,45.709303783829419],[3.158386492040273,45.70949250286575],[3.158789639660643,45.709785494562503],[3.158976477772907,45.709947318949652],[3.159259952922489,45.710190950896511],[3.15951881433576,45.710367080402811],[3.159569025705867,45.710395824932036],[3.15959607760689,45.71041649784609],[3.159619255316014,45.710430872826784],[3.159660446012205,45.710451525701316],[3.159686220430474,45.71047490186649],[3.159700431984191,45.710500095385314],[3.159727639987383,45.710574797306684],[3.159745811634579,45.710636004714637],[3.159769038888157,45.71066748886048],[3.159808954874672,45.710691745439],[3.159872017567759,45.710719571124613],[3.160029403109928,45.710917455065655],[3.160436909042798,45.711377024966922],[3.160665216010674,45.711651348520057],[3.160973336469416,45.711966079610129],[3.161260873286432,45.712273635418306],[3.16148659623,45.712540757129766],[3.161732953516138,45.712830360987269],[3.161802583567006,45.712905001546446],[3.161936649901592,45.713036280242257],[3.162319553063741,45.713423839759137],[3.162442032003808,45.713547930644772],[3.162525787609046,45.713617147477947],[3.162572197527416,45.713663005433787],[3.16267661284256,45.713763709433799],[3.163188342608419,45.714243830294365],[3.163715621149885,45.714762647262098],[3.163907666954081,45.714936162354647],[3.164075194259186,45.715077295246239],[3.164500415429806,45.715420661928405],[3.1647786964902,45.715629168705156],[3.165072364939883,45.715824144946495],[3.165290020460447,45.715961600676316],[3.165627503755013,45.716191630261797],[3.165733182506225,45.716281523748179],[3.165935639920386,45.716493741102873],[3.166135609053675,45.71673297641216],[3.166222031675674,45.71683100221879],[3.166409072458434,45.717045042445314],[3.166868333101743,45.717582855489361],[3.166993543846601,45.7177537628381],[3.167127862805699,45.71796067607859],[3.167134325758236,45.717972372844059],[3.16744174520001,45.71845637933297],[3.167605651157192,45.71866865099701],[3.167723003237253,45.718790042379702],[3.167907274885394,45.718934746682436],[3.168079914682473,45.719058756798212],[3.168270544656164,45.719180038333796],[3.16850366984687,45.719324668734565],[3.168703262067307,45.7194333293086],[3.168812676746212,45.719479990908752],[3.168967094193887,45.719529286423352],[3.169106041224102,45.719564197120654],[3.169324714831407,45.71960619182893],[3.169254918690676,45.719903457830931],[3.169298817951985,45.719965525614121],[3.169382726981869,45.720078861113024],[3.169413914033866,45.720607400986481],[3.169627297793061,45.720599876199138],[3.170492157373794,45.721324365281909],[3.170717714463268,45.721511325555227],[3.170976904271477,45.72134884480549],[3.171336187321235,45.721127679618938],[3.171452988935543,45.721067169302067],[3.17164045284753,45.720992143481411],[3.171752214966122,45.720964958604156],[3.171833159303178,45.720949526946363],[3.172002836959381,45.72094296476385],[3.172153323293828,45.720966147758098],[3.172700222991397,45.721133702623916],[3.173079759332573,45.721224970390743],[3.173306299981039,45.721312870236211],[3.173319175670754,45.721319153861749],[3.173642323363888,45.721466336715558],[3.174502426257483,45.721884636340548],[3.1745075999385,45.721894533707633],[3.174740422859678,45.721934695056319],[3.174890821921562,45.721929058900237],[3.174981199082406,45.722050484632383],[3.175103722681853,45.722173661344286],[3.175415706548837,45.722446024413657],[3.175677548343111,45.722716663800355],[3.175747149568477,45.722772385621901],[3.175894008944067,45.722865807415126],[3.176767080143579,45.722502445336147],[3.176724024509514,45.722305305795309],[3.176718154106979,45.722077491338638],[3.176712125512553,45.721800150251838],[3.176710756472608,45.721774038224162],[3.176738225429806,45.721519156849432],[3.176785012559424,45.72127505104357],[3.176783695306197,45.721265147733355],[3.176788400173384,45.721128266070522],[3.176777513931559,45.720940081002666],[3.176760245906316,45.720766313761928],[3.176736691099511,45.720636680322393],[3.176705492000103,45.720528670590106],[3.176652320366417,45.720383775248749],[3.176564202941305,45.720165094554275],[3.176540832799609,45.720093092063898],[3.176520033845865,45.720021085543003],[3.17668088174318,45.72006855945903],[3.17737440462272,45.720255672500215],[3.177600867164287,45.720318350154088],[3.178848971091385,45.720656761654951],[3.178692470287641,45.719966334995],[3.17851543371566,45.719284945563714],[3.178346329550155,45.718670179498709],[3.178160041735069,45.71790776024644],[3.178115963078938,45.717792567368647],[3.178051216402565,45.71724697360618],[3.177877169668117,45.716290929617124],[3.178845906723266,45.716130910798661],[3.178975617682975,45.715695768996788],[3.178938321779666,45.715690425277643],[3.178891981048538,45.715670688085908],[3.178751548463811,45.715572757630852],[3.178714174112348,45.715543100774518],[3.178656133575531,45.715482860056184],[3.178629028454624,45.715448684453165],[3.178601876846816,45.715400101102674],[3.178591511792232,45.71537490384965],[3.178595266399192,45.71534338080631],[3.178610569734504,45.715305536045037],[3.178629787567306,45.715285694846635],[3.178604017440283,45.715266825425587],[3.178570476475477,45.715229958541343],[3.178495897005647,45.715222872758133],[3.177667506436898,45.715450204087652],[3.177542605371531,45.714983947904202],[3.178221965337975,45.714783867874417],[3.178544352536635,45.714703214215028],[3.179769871990306,45.714458134484083],[3.179992099730704,45.714410954445917],[3.180380024481642,45.714325688416913],[3.18055596687375,45.714275879860608],[3.180634319285352,45.714257744557237],[3.181169900970545,45.714121811733754],[3.181597522220009,45.71399145327856],[3.182129227875412,45.713851019693742],[3.182237078552877,45.713813024862262],[3.182131134578877,45.713649307208726],[3.181983868466556,45.713428024924973],[3.181881817727964,45.71327510661839],[3.181748855749624,45.713103327813577],[3.181600425470728,45.712918066452772],[3.18142492612539,45.712709435777306],[3.18129588802091,45.712557460876212],[3.180750705306094,45.71171728040845],[3.181112265820414,45.711437548656434],[3.182370262988591,45.711322058690364],[3.182961350423184,45.711267071450436],[3.186281640513544,45.710941058965496],[3.187391727200463,45.710804145561248],[3.187959784115815,45.710783388939532],[3.188700233882972,45.710808265874533],[3.190064923462697,45.711077920363543],[3.190163986303586,45.710730164727067],[3.190233237373543,45.710310420256533],[3.191193844969515,45.710442067125079],[3.191666435137325,45.709579497025253],[3.192130207415532,45.709142871008979],[3.19247574983621,45.708713648962373],[3.193216025086429,45.708327873774401],[3.193443055613846,45.708194212057293],[3.194013202421699,45.707678152685666],[3.194468035307742,45.706902048332516],[3.194435657002902,45.706831866107173],[3.193803706533807,45.706579016882635],[3.192818112411594,45.706267337498893],[3.192925448863021,45.705719656966451],[3.193059999023714,45.704868465220379],[3.193510969433899,45.704828070297509],[3.19377813538583,45.704782586830326],[3.194358534116445,45.704634807801419],[3.194256858982995,45.704227962452485],[3.194147796540003,45.703912979541748],[3.194559898740221,45.703786200501646],[3.194508165237377,45.703693539525418],[3.194695624568301,45.703642788488743],[3.195334961796817,45.703448077196249],[3.194969720616774,45.703012873429131],[3.194703505692173,45.702595507216841],[3.194553474259699,45.702324719425718]]]]}},
{"type":"Feature","properties":{"nom":"Authezat","nom_m":"AUTHEZAT","insee_com":"63021"},"geometry":{"type":"MultiPolygon","coordinates":[[[[3.212672453388963,45.633323746476322],[3.211895709194076,45.633273883908153],[3.211201031068819,45.633202250415515],[3.210676128663557,45.633221243814582],[3.21067502661765,45.633268971502268],[3.210671511572821,45.633357225463982],[3.210657700697918,45.633438294828558],[3.210638721323559,45.633510369029516],[3.210591626898925,45.633614913241622],[3.210543152908452,45.633694246476693],[3.210490749400236,45.633752875918837],[3.210422946462964,45.633812434610761],[3.210270592289967,45.633915374458404],[3.20987509423767,45.633873789891808],[3.208890166733133,45.633760360239286],[3.205475986740049,45.63344517227479],[3.20541941557916,45.633765847611755],[3.205391768196589,45.633925283624677],[3.205319646342541,45.63420636602963],[3.205209516803242,45.634622590210036],[3.205157560327217,45.634803682095622],[3.205120696481285,45.634901001494356],[3.205005130326115,45.634889505754785],[3.20432329331196,45.634822308810357],[3.203509199207121,45.634741839694534],[3.202684799277733,45.634650577453613],[3.202558756902733,45.633879990622241],[3.201308081721572,45.633748962922361],[3.200731400862156,45.633650039221472],[3.200705677497107,45.633635677362399],[3.200645320922161,45.633627680624372],[3.200590105116051,45.633621475658877],[3.200515613144818,45.633609001625949],[3.200391000593334,45.633579507608346],[3.200258664052148,45.63354372381356],[3.200177689403691,45.633513251427324],[3.200101829545539,45.633477366990824],[3.200029794433619,45.633434271840727],[3.199965434743397,45.633383959143394],[3.199825092305381,45.633263543645832],[3.199671843606845,45.633123340242982],[3.199592017176168,45.633055045109145],[3.199514751541845,45.63298494441387],[3.199406596837467,45.63289148583452],[3.199280453522539,45.632792656105202],[3.199083554364676,45.632648927256923],[3.199011456423448,45.632587821911009],[3.198962497797569,45.632536580931585],[3.198914754893075,45.6324664276381],[3.198859188100955,45.632362069792151],[3.198713154522246,45.632084978933307],[3.198588987362387,45.631820456076923],[3.198555115690235,45.631680940970234],[3.198517729252563,45.631635082286117],[3.19848301959168,45.631619835291197],[3.198441914974627,45.631610902941944],[3.198389274896865,45.631606493326515],[3.198326360293043,45.631600300825824],[3.198287806621419,45.631586861510378],[3.198254351561073,45.631563507887968],[3.198233712289933,45.631534728786228],[3.198160463604818,45.63115125203278],[3.198088615339147,45.630800190167065],[3.198017922721811,45.630413106919818],[3.197959152394997,45.630129558202185],[3.197926679416638,45.630021557372039],[3.197921365363838,45.629971139677998],[3.197877724062014,45.629970315932823],[3.197700530865657,45.629949916225478],[3.196947993329995,45.62983237189021],[3.196276365277863,45.62972818869796],[3.195654750369882,45.629611307811004],[3.194780191557489,45.629465145614105],[3.19463250490361,45.629440187598632],[3.193648766315164,45.629268091382933],[3.193162012725157,45.62917617813843],[3.193020757391592,45.629154808903479],[3.191826221857139,45.628890308403683],[3.193050807580888,45.62709715473283],[3.192568822697636,45.626894471455365],[3.192489145398755,45.626863991360537],[3.191829784604345,45.626583266205579],[3.191282200311775,45.62633566512352],[3.19111124242404,45.626258514086992],[3.190774536028528,45.62612581398384],[3.190451898912742,45.625978681352059],[3.189915840089827,45.625720248363592],[3.189757744408448,45.625650277433294],[3.189385024397851,45.625492420408833],[3.188806700969546,45.625256565337629],[3.18828619481482,45.625038620231592],[3.18752273345941,45.624701313712869],[3.186774687594933,45.624365777421083],[3.185769576004162,45.623909095762457],[3.185680863056612,45.623860616144952],[3.185623052778389,45.623842701876626],[3.185572975700965,45.623834680128496],[3.185566459518744,45.623804974968181],[3.185541684218731,45.623687953162133],[3.185464472798883,45.623241441390306],[3.18542977751613,45.622844386041017],[3.185394094708601,45.622535579546685],[3.185374601157851,45.622462672628927],[3.185360325199794,45.622414970606222],[3.185286629127731,45.622251204276047],[3.185188620185161,45.622108188996414],[3.184983542659448,45.621798760555691],[3.184755314388832,45.621473161094308],[3.184587846433917,45.621280732829518],[3.184501600324752,45.621200731395788],[3.184302181217817,45.621047075809642],[3.184053960323602,45.6208817934438],[3.183746615425826,45.620687791680616],[3.183625702631991,45.620601542813674],[3.183587115426109,45.620574591324754],[3.18355492067035,45.62054042554238],[3.183540730292734,45.620517936647467],[3.183527763528879,45.620477436122243],[3.183471312290188,45.620481130104039],[3.183458482733206,45.620482051502954],[3.183236488746427,45.620485114654251],[3.183078663386839,45.620489873949147],[3.182738657482673,45.620507535763423],[3.182258927637337,45.620571347507031],[3.181921567310223,45.620613315569933],[3.181931966416039,45.620653820430242],[3.181935907848534,45.620681728988039],[3.181927146783265,45.620749279274428],[3.181761600745451,45.621530264390557],[3.181649113023326,45.622056327345724],[3.181592197200629,45.622310355056484],[3.181560566254275,45.622448179803655],[3.181451803786183,45.62293731683679],[3.181361779303303,45.623270640230103],[3.181244756755311,45.623589599336135],[3.18111996809982,45.62388876022613],[3.180982359405952,45.624192444011733],[3.180886802723565,45.624405111376731],[3.180729069066567,45.624834894680724],[3.180702394685591,45.624919582818343],[3.180647762318325,45.62508896113674],[3.180440287202707,45.625615175465775],[3.180267011267569,45.626003560905019],[3.180163704471332,45.62620273286592],[3.179974743196756,45.626504696701268],[3.17983549634529,45.62670302535458],[3.179735803196866,45.626830152589569],[3.179666931728036,45.626963533910377],[3.179626113875263,45.627041040527239],[3.17932795958327,45.627709673746971],[3.178972453598627,45.628505365414902],[3.178724201762154,45.629131595067754],[3.178645417397016,45.629376651325565],[3.178441129644866,45.630106366066492],[3.178392815663851,45.630248718864735],[3.178363278222153,45.630243362784981],[3.178323849755405,45.630355085073326],[3.178253907222371,45.630556903916421],[3.178058328218078,45.631203759852042],[3.177782657521181,45.632092071317963],[3.177529718161201,45.632866885515988],[3.177514523426675,45.632931744223804],[3.17752746850927,45.632965942142867],[3.177566087375517,45.633001000042569],[3.177791426832371,45.633624678739032],[3.177668917308527,45.634247105678945],[3.178109344960871,45.634296836631876],[3.178070176508171,45.634490502379045],[3.177675222998439,45.635012506000088],[3.177418098022566,45.635286658331012],[3.176014381169093,45.636670202702099],[3.176711438203449,45.637086034086934],[3.17785692690011,45.637634424996293],[3.179431581707574,45.63830548719222],[3.179529662816494,45.638466517266231],[3.179449092042222,45.638559395493289],[3.179427345443967,45.638582842718485],[3.179295742104036,45.638773054339651],[3.179066848743281,45.63904716554336],[3.179004146104305,45.639108498120905],[3.178963158357527,45.639136478268341],[3.178951707003914,45.639168013381429],[3.178927415851723,45.63919866842042],[3.178885243187649,45.639257266847771],[3.17841186188608,45.639749681898948],[3.178370896564037,45.639784865660467],[3.177997088851717,45.640106929839007],[3.17726992215223,45.640726709233796],[3.176906233476097,45.641005530668942],[3.176462920812841,45.641275470943945],[3.175998943778327,45.641507621488572],[3.175784830480072,45.641593501944683],[3.175698908230853,45.641621551062883],[3.175660418759755,45.641628814995748],[3.175611647904304,45.641632493022271],[3.175807728807597,45.641932047870235],[3.175990894136762,45.642206409049543],[3.176108168442003,45.642348501999749],[3.176186749968334,45.642433924949145],[3.176359255869101,45.642584936018736],[3.176778970761772,45.642962480689292],[3.176963140381766,45.643146790412693],[3.17705463989305,45.643256505509207],[3.177160347803403,45.643393212674837],[3.177285583997996,45.643614534429915],[3.177341181976908,45.643737813084172],[3.177377315628902,45.643796287577615],[3.177405657169552,45.643826859353929],[3.177459709277528,45.64386819639784],[3.177558763640711,45.643931074047572],[3.177684662449904,45.643957889906659],[3.177741262263426,45.64399291941114],[3.177788878441738,45.644028863558923],[3.177830113265483,45.644076524051982],[3.177872666665162,45.644134988248211],[3.177915289577632,45.644215063921777],[3.177964470526939,45.644338352419162],[3.178016178794655,45.644449030131689],[3.178058761626668,45.644516499048514],[3.178200560284843,45.644696371378771],[3.178472562427497,45.645042626646145],[3.17861816879277,45.645208084689642],[3.178692892234298,45.645289009627099],[3.178757260963791,45.645343836934707],[3.179503018313239,45.646485364036806],[3.180008659754797,45.646818636137326],[3.180475318685009,45.647006990601376],[3.181156437996068,45.647602917409138],[3.181863957162636,45.648023203155347],[3.181880958276556,45.648117726496153],[3.18192282084438,45.648354486117235],[3.181982528248317,45.648551595593446],[3.182033195438271,45.648732510948648],[3.182055439268232,45.648859443214185],[3.182073715997883,45.648951263019164],[3.182394403754587,45.648862496518589],[3.182545804396342,45.648831634685358],[3.182728051393577,45.648810627911601],[3.182959098724942,45.648793143484802],[3.183174706234474,45.648765778381723],[3.183274776655699,45.648743103424948],[3.183417120531136,45.648691544031145],[3.183699144095956,45.648559613563819],[3.18386319088803,45.648471098349972],[3.183917019094674,45.648442194943335],[3.183984970156676,45.6484132684323],[3.184051664180874,45.6483924482907],[3.184300543108618,45.648332609210328],[3.184446862627457,45.648318862330619],[3.184554674120422,45.648307879843749],[3.184681735036931,45.648294164226833],[3.184949937453882,45.648254102656828],[3.185092368798739,45.648229555517503],[3.185283506730672,45.648180614983254],[3.185590065068645,45.648092763106774],[3.185765783297773,45.648040245234753],[3.185899193239684,45.64800580663529],[3.186028799739366,45.647985781905696],[3.186159699116524,45.647968456340863],[3.186313729641839,45.647957395734231],[3.186478058515072,45.647954422215271],[3.186596197661563,45.647960529860718],[3.186673258405595,45.64796850646934],[3.186732344700366,45.647976512839342],[3.186800418249237,45.64798450426693],[3.186874899119673,45.647988883082249],[3.187035379424233,45.647986815621991],[3.187165018944015,45.647976694852716],[3.187437145887622,45.647959132928669],[3.187578367729945,45.647957096755519],[3.187645163588552,45.647966890769275],[3.187676001374178,45.647974043239103],[3.187709416105759,45.647983892856018],[3.18774151032695,45.647982938857012],[3.187763315102116,45.647976599105704],[3.187807107856834,45.648017948325439],[3.187843188158028,45.648056608944678],[3.187938529294586,45.648154602588271],[3.18798876930977,45.648204045331994],[3.188111179873959,45.648333510570282],[3.188197546892355,45.648435120928731],[3.188276235295717,45.648543947936183],[3.188418288840965,45.648785940506571],[3.188535943109157,45.649026172798393],[3.188705099435415,45.649308641417676],[3.188787727800826,45.649442675031963],[3.188948968033497,45.649662122680638],[3.189441178835676,45.650172770579914],[3.189756889245945,45.650506318576035],[3.190076467693351,45.650843461109936],[3.190410365608613,45.65123640856568],[3.190521307165105,45.651387502258075],[3.190695585727876,45.65166095446186],[3.190891886163112,45.651990199103608],[3.191049349210753,45.652226759426917],[3.191110057184136,45.652331112593785],[3.191204239396066,45.652461522937394],[3.19140944344666,45.652764637539001],[3.191462277428917,45.652819477261708],[3.191531812913714,45.652876990003953],[3.191609030766147,45.652928186238903],[3.192106209510732,45.653004780721467],[3.192558267708109,45.653029222082957],[3.192799676836486,45.653033311387581],[3.192971391851369,45.652934864405687],[3.193154677989305,45.65284089973462],[3.193397209958078,45.652799061118969],[3.193838227946857,45.65297119576929],[3.194032355850516,45.653040198708034],[3.193950475405088,45.653491482561364],[3.194039886745161,45.653723653540951],[3.194179072842278,45.653869292100431],[3.194274488904009,45.653982588573491],[3.194365936314958,45.654062573885824],[3.194485667515134,45.654152415605516],[3.194582169385281,45.654208979412132],[3.194776394407903,45.654304094972566],[3.194947405944494,45.654370434883255],[3.195096573343434,45.654432309963312],[3.195191779587484,45.65448527355678],[3.195252272411694,45.654525690485578],[3.195316560283576,45.654549892074087],[3.195427130978437,45.654590222030478],[3.195612138258279,45.654619616769352],[3.195866506468947,45.654655193963329],[3.196109242054597,45.654669179210231],[3.196280058423041,45.654679687388217],[3.196554975281793,45.654716127690605],[3.196544591044304,45.654684628850376],[3.196527594842501,45.654599112464183],[3.196524850986362,45.654549590591451],[3.196543849549352,45.654475717679929],[3.196560308749997,45.654409953561334],[3.196581795376138,45.654313564182075],[3.196599560898209,45.654254101170942],[3.196541549164505,45.654189367547097],[3.196475743909697,45.65409943392136],[3.196424075978517,45.654013077535289],[3.196351451866628,45.653810595146567],[3.196300825823511,45.65365580005372],[3.196252235155281,45.653350620453864],[3.1962438577337,45.653160632793828],[3.196243865291169,45.652800438928253],[3.196257363815292,45.652623920416517],[3.196282328832154,45.652422168348195],[3.196303783250284,45.652316774248135],[3.196334276587887,45.652225772136561],[3.196358378627464,45.652142885524889],[3.196397862867629,45.652052768201322],[3.196439908556486,45.651960845426302],[3.196485837997722,45.651877920703996],[3.196553489472788,45.65176524205458],[3.196561148595442,45.651752621899924],[3.196623734201645,45.651659762712725],[3.196682454884267,45.651563308304603],[3.196732174767023,45.651463267655842],[3.196788256716975,45.6513470071447],[3.19685209024032,45.651244240321503],[3.196921113816414,45.65115677262191],[3.197006819071723,45.651066574238783],[3.197114380213576,45.650984441889356],[3.197414027585794,45.650759696246411],[3.197566432720694,45.650651370776309],[3.197698329422127,45.650552986442555],[3.197827660975985,45.650455506946003],[3.197933967952193,45.650382380862176],[3.198078754331526,45.65029838117308],[3.198203068097736,45.650234227998553],[3.198414518586677,45.650122195481366],[3.198543944724388,45.650051729529046],[3.198668231555073,45.649980372012081],[3.198818148276239,45.649895461833829],[3.199289803484213,45.649663203439722],[3.199781922806052,45.649410195613619],[3.200095921205172,45.649253854180891],[3.200424070240119,45.649105591041533],[3.200758650140233,45.648960917415174],[3.201116335396979,45.648815301036862],[3.201311198347106,45.648734809658649],[3.201489327363427,45.648642641594378],[3.201653316453914,45.64854599615299],[3.201796775677797,45.648452989210021],[3.201936382722529,45.648359988993633],[3.202052918577111,45.648277835825184],[3.202168166903498,45.64819478436366],[3.202275708235323,45.648110846146913],[3.20249867763928,45.64799338234775],[3.20260760738536,45.64793825681808],[3.202699872736808,45.647890365062821],[3.202781873426397,45.647844292689619],[3.20287160698307,45.64780631068227],[3.202951125431857,45.647783655253498],[3.203179564583687,45.647758029655037],[3.203270713814932,45.647756064151338],[3.203409399857742,45.647763017540989],[3.203555795866927,45.647771757789002],[3.203679065423056,45.647776037266027],[3.203812609396793,45.647781198492922],[3.203939727334919,45.647784570233256],[3.204078400260271,45.64778792088503],[3.204240196430518,45.647794831357672],[3.204395573210862,45.647801753252537],[3.204585651548717,45.647818517207966],[3.204774466092,45.647840686048312],[3.204959395798721,45.647853856799884],[3.20519693161837,45.647857926533987],[3.205408726267698,45.647844933529377],[3.205611480120501,45.64781754888574],[3.205806470224914,45.647773969348279],[3.205942411388501,45.647733198957091],[3.206064212881516,45.64768795186022],[3.206232217171909,45.647638117582716],[3.206928108216609,45.647644044554923],[3.20736588509899,45.647636035189215],[3.207582847669713,45.647632033418923],[3.207786930848258,45.647617249187235],[3.207939624856616,45.647593554667196],[3.208153853618911,45.647545433101989],[3.208365456657027,45.647482007750803],[3.208583400592452,45.64739785910875],[3.208716703165384,45.647339080560876],[3.208889649307785,45.647238806015821],[3.209003584357083,45.647151247555847],[3.20911363003951,45.647053790874878],[3.209199332897146,45.646969886591222],[3.209269659742711,45.646894115185816],[3.20932204634723,45.646827381939744],[3.20951595357307,45.64649924487199],[3.209694257987903,45.646119808922499],[3.209771781367889,45.645910752097478],[3.209806052811143,45.645807132518691],[3.209822503921998,45.645744067945778],[3.209905783371309,45.645360306322637],[3.210007714615077,45.644817124116308],[3.210065113727451,45.644380282099767],[3.210078197271236,45.644106510441034],[3.21001647919314,45.643742829927767],[3.20997427812389,45.64344754979804],[3.209958944677984,45.643127906478746],[3.210011323443279,45.642721690379211],[3.210081991701452,45.642399185169282],[3.210141060945118,45.64206499528111],[3.210260328760869,45.641694673580858],[3.210299341885662,45.641488389834201],[3.210311813428934,45.641392014731615],[3.210398031106044,45.64077051958121],[3.210473785001942,45.640436298373814],[3.210541818625585,45.640097589143444],[3.210595703334719,45.639751702479913],[3.210644729987021,45.639478764094221],[3.210721185372599,45.638992359650274],[3.210762755378741,45.638784270031465],[3.210786764870821,45.638684271357157],[3.210800641976691,45.638620311011074],[3.210825931572609,45.638519409448428],[3.210857629134279,45.638415794425711],[3.210881696575445,45.638331103851719],[3.21091976081155,45.638213969626563],[3.210966810512486,45.638096818549222],[3.211008773405942,45.637992283763204],[3.211063545251472,45.637880521074237],[3.211183251058348,45.637629061553618],[3.211442926078755,45.637054965856883],[3.211664400133376,45.636562885446885],[3.21180706778843,45.636275362750084],[3.211907753694462,45.63608697213423],[3.212039049078343,45.635847196198647],[3.21213976790244,45.635667810154892],[3.212401190790798,45.635219776736413],[3.212563125706045,45.634937619644568],[3.212607695293254,45.634844785647118],[3.212640781614139,45.634769983000602],[3.212666180182178,45.634698796805026],[3.212687741773326,45.634631219789163],[3.212705414541036,45.634553744798296],[3.212719201950026,45.634467272311575],[3.212724076910313,45.634399726824682],[3.212727457347368,45.634277254660667],[3.212721984183719,45.634189017608747],[3.212706335848521,45.634125112844536],[3.21268816881773,45.634073819608673],[3.212663583988857,45.634022538496239],[3.21261188190065,45.633928985876011],[3.212583349760162,45.633852498662527],[3.212559934664816,45.633771499361082],[3.21256854986298,45.633675131347267],[3.212582427112362,45.633612071287509],[3.212621567602857,45.63344270644432],[3.212653355689488,45.633364304320231],[3.212672453388963,45.633323746476322]]]]}},
{"type":"Feature","properties":{"nom":"Saint-Sandoux","nom_m":"SAINT-SANDOUX","insee_com":"63395"},"geometry":{"type":"MultiPolygon","coordinates":[[[[3.13295396758058,45.640045776197489],[3.13292693622185,45.640015191729361],[3.132804603966935,45.639856851271205],[3.132642290083949,45.639620215861854],[3.132510844394289,45.639407856907219],[3.132447697923285,45.63930527627106],[3.132381975699177,45.639199096701795],[3.132179671513901,45.638878762840427],[3.132016012959639,45.638614213192803],[3.13193217511313,45.638446821840382],[3.131854760399651,45.638281223868759],[3.131799262713114,45.638155221391841],[3.131724431116562,45.637995923684748],[3.131612189877647,45.637759228233612],[3.131532263234158,45.637616145036866],[3.131506483292515,45.63757115106413],[3.131426574285694,45.637435271629769],[3.13133897020527,45.637302102565343],[3.131283613395713,45.6372346310037],[3.131216689010394,45.637160869527783],[3.131163925358662,45.637104200667586],[3.131099596273749,45.637042142362851],[3.130949125233729,45.636921652950285],[3.130747222359295,45.636764303337905],[3.130545329120605,45.636610555282914],[3.130538900364187,45.636606060329711],[3.130388478359949,45.636505380717402],[3.130293331122463,45.636437954761611],[3.130214896625719,45.636381315174368],[3.130149294283942,45.636322859732779],[3.130105547481287,45.63627878670124],[3.130066914086515,45.636225702926843],[3.130032112598718,45.636164510377178],[3.129976635969161,45.63604481038071],[3.129865727762286,45.635824320374404],[3.129765104051748,45.635610121779877],[3.12966573310308,45.635382414432165],[3.129633461855588,45.635305010180204],[3.129612810495763,45.635256407952774],[3.129562499548014,45.635149308558702],[3.129495485246721,45.635035024508433],[3.129440076136253,45.634943239115259],[3.129335794134577,45.634810087710157],[3.129252083602534,45.634691320295403],[3.129164543679847,45.634581562030569],[3.129186322577793,45.634563527404048],[3.12927599888369,45.634488684470192],[3.129365637094862,45.634397632840333],[3.129397652923971,45.634366079183081],[3.129328249354088,45.634327438242046],[3.129280679272826,45.634294175072277],[3.129222813342662,45.634249217443063],[3.129125051778451,45.634159281481914],[3.129037584265433,45.634080139414621],[3.128957818415077,45.634000988456435],[3.128889621656516,45.633929028047412],[3.128834273295228,45.63386245578095],[3.128781490101662,45.633794980071372],[3.12873511020052,45.633721193643318],[3.128696438062567,45.633650099828436],[3.12866159996945,45.633571797766166],[3.128639660277473,45.633520495397747],[3.128604899694936,45.633475511045731],[3.128566332389615,45.633449441142943],[3.128490481442687,45.633397299832609],[3.128390234771929,45.633341584376467],[3.12832595696899,45.633298434568808],[3.128279667754522,45.633263368557479],[3.128234645473706,45.633221097232116],[3.128190869303525,45.633162615803386],[3.128145745103744,45.633076220967688],[3.128095461876655,45.632979026208922],[3.128040044654482,45.632881837269302],[3.127998800670127,45.632808044703253],[3.12793693697924,45.632698256305822],[3.127841614316316,45.632550685665684],[3.127747554927711,45.632394108699629],[3.127647059756948,45.632229434624541],[3.127600672306839,45.632151145344501],[3.127555599613002,45.632086361776466],[3.127497660708084,45.632008085546055],[3.127411465868934,45.631921736944655],[3.127327821778285,45.631828181541891],[3.127273754703338,45.63175890563182],[3.127224809416679,45.631684221018972],[3.127192572678836,45.631619422799012],[3.127169291662059,45.631542007713307],[3.127135664100818,45.631430386021762],[3.12708012823864,45.631280068364831],[3.127050430001593,45.631202660502794],[3.127027229884888,45.631160364069515],[3.127011784493533,45.63114147139386],[3.126953729721181,45.631011867590864],[3.127015079629296,45.63089923821493],[3.127079006604708,45.630791108302972],[3.127109686505619,45.630737044783302],[3.127133936487879,45.630677585631425],[3.127154338013534,45.63061903130378],[3.127163221165429,45.630574897687069],[3.12716696001431,45.630526267476284],[3.12715401145618,45.63047675563859],[3.127126779265291,45.630355221437213],[3.127062177526408,45.630168894779494],[3.127033713832127,45.630069873979416],[3.127010497686859,45.630020373716256],[3.126983457988967,45.629982584017981],[3.126951317444497,45.629959207765957],[3.126899920681973,45.629934052256075],[3.126860071108399,45.629907082745383],[3.126852345521783,45.629896285679159],[3.126762535326553,45.6299107945676],[3.126711204601668,45.629914454294763],[3.126657286334311,45.629909112098794],[3.126526297944261,45.629876842111422],[3.126409429959607,45.629845456594282],[3.126225751813176,45.629783529547034],[3.125953481910485,45.62970729368255],[3.125780123586731,45.629667866388516],[3.125683785821046,45.629633755729934],[3.125618269755997,45.629607714921917],[3.125512960171098,45.62957901701774],[3.125335752165713,45.629539593333661],[3.125146958650435,45.629484874075402],[3.124906804655651,45.629420306222158],[3.124710317282702,45.629368296214835],[3.124572903877296,45.629331528672175],[3.12450996573103,45.62930998677264],[3.12441232973267,45.62926867261605],[3.124253023253318,45.629198611083559],[3.123972945361442,45.629071952119233],[3.123902302990218,45.629048617405132],[3.123843221825996,45.629029772330824],[3.123794436498579,45.629023522635649],[3.123739262072458,45.62902988667868],[3.123691794388508,45.629038943668021],[3.123628943324141,45.629056121866107],[3.12352505580063,45.629088653254186],[3.123057820128464,45.629063051152663],[3.12218767614715,45.628499397628111],[3.120578620130393,45.627496196372725],[3.118918443139287,45.626565965238392],[3.118418501196441,45.626238717418858],[3.117801710416289,45.625880072944774],[3.116280480758676,45.625068521038081],[3.115504188617907,45.624521828303315],[3.114125370186351,45.623656972836287],[3.112583367477144,45.622670699122153],[3.111679999471566,45.622074580850317],[3.11083195979368,45.621542334992952],[3.110460524414098,45.621258148475171],[3.110237953662965,45.620974715487527],[3.109966063582435,45.621056925205764],[3.108250236564134,45.621666412961709],[3.107466677753868,45.621939108998241],[3.105959692063137,45.622400683440659],[3.105173591133002,45.62269767886778],[3.104731083227893,45.622821457356082],[3.104500263986948,45.62291532187789],[3.104170730309021,45.623063306161562],[3.103788668174584,45.623259063391465],[3.103459157454888,45.623421453255155],[3.10326553324462,45.623506276241294],[3.102939809282841,45.623636243821387],[3.102303675327109,45.623852038700527],[3.101485358311953,45.624098610754515],[3.100070793800701,45.624631160889045],[3.093123006467722,45.627096336293341],[3.092112274020022,45.627454658810571],[3.091069376231852,45.627772476665015],[3.089273639949575,45.628431266161606],[3.086723611746677,45.62936075491946],[3.085465185415972,45.629783142456922],[3.084619979780517,45.63017819158366],[3.084198616110012,45.629927273532736],[3.083796534178946,45.62969344868781],[3.083543458386653,45.629539654667312],[3.083408575107943,45.6294605124288],[3.08330448178033,45.629372342438906],[3.083219709677193,45.629330082572039],[3.082505615554517,45.629001932968748],[3.082067750986794,45.628862678646414],[3.081532244565405,45.628654156412502],[3.080937644684269,45.628405152534803],[3.080394537796647,45.628259663991777],[3.079748497250551,45.627932348795191],[3.079579129860637,45.627963985492798],[3.079430543619386,45.629062676484153],[3.078975370281,45.630281346842871],[3.07763588745317,45.633368225816035],[3.077312439904016,45.634294142678606],[3.077199992146713,45.634658014109654],[3.077119499865418,45.634926412578807],[3.076940167290993,45.635193077641496],[3.076401422711503,45.635459086475493],[3.075907684445508,45.63578719557372],[3.076307680208128,45.6363623324306],[3.078393198984544,45.637005643679494],[3.080024241975105,45.637572699483762],[3.081235332520976,45.637985152804553],[3.082663472997381,45.638458666659638],[3.083089788890196,45.638549301382426],[3.085837897348426,45.638392356540059],[3.086320699562859,45.638482935940573],[3.08766264293217,45.63880066923597],[3.088478095319406,45.63899723663615],[3.08944116185107,45.639183775649578],[3.089671074978707,45.639265536536037],[3.089686490942998,45.63927272810529],[3.089844507728997,45.639348242529302],[3.090163067479901,45.639473154731064],[3.090295374824537,45.63952617707961],[3.090359603778869,45.639553139981452],[3.090425128255068,45.639587305657187],[3.090500937124151,45.639630467840924],[3.090572900897864,45.639677234993364],[3.090734805082144,45.639773456116657],[3.090818304862256,45.63980940803696],[3.091003236685188,45.639856984198417],[3.091122637578064,45.639866792902851],[3.091193236937094,45.63986403428656],[3.091245854029044,45.63985498683374],[3.091292048125903,45.639843243121291],[3.09134463696688,45.639817086498219],[3.091406189394828,45.639777415351134],[3.091510011682916,45.639681879967974],[3.091585638389737,45.639614282356973],[3.091626663155631,45.639581831640633],[3.091649747387597,45.639568305627165],[3.091688231516564,45.639552065622226],[3.091719029837504,45.639545737162187],[3.09175112378222,45.639546611488925],[3.091796059186598,45.639550176779451],[3.091839722842816,45.63956094694089],[3.091891102153288,45.639579815119852],[3.091963041619044,45.639611273220098],[3.092032434712311,45.639655340096233],[3.092155813801316,45.639741685372577],[3.092257383794397,45.639836152723923],[3.092337132615509,45.63993153836779],[3.092433612007682,45.640052123699967],[3.092517244164993,45.64016641614046],[3.092576401797417,45.640230301688533],[3.092623959446958,45.64026628182566],[3.09272673351311,45.64031212176873],[3.092630652098975,45.64043016394772],[3.092584567674482,45.640507643268393],[3.092546168904111,45.640575210955802],[3.09250268928462,45.640675200139796],[3.092406815582655,45.640918408890755],[3.092229045860142,45.641320169444207],[3.092139482208518,45.641499438618247],[3.0920268254826,45.641687731420177],[3.091969170468975,45.641756215138528],[3.091908929880115,45.641813895159657],[3.091834576851626,45.64187698955196],[3.091567873493311,45.642069009389793],[3.091234455725397,45.642287196653086],[3.091119040131088,45.642362030107101],[3.090858725683824,45.642538734909941],[3.091272462375718,45.642759018220517],[3.092094729647695,45.643150958548269],[3.09313442042476,45.643811056787492],[3.094473606762593,45.644671701996977],[3.095701842811427,45.645195645510242],[3.09751882275135,45.646128786526347],[3.099204431509373,45.646795471485177],[3.099648968329942,45.646972473862583],[3.099684251965288,45.647316426794582],[3.09983105882016,45.647563028817409],[3.099821458065183,45.647934936464239],[3.099651546163241,45.648405138693136],[3.099395507305104,45.648818686370547],[3.099353567893527,45.649058251667441],[3.09947349797446,45.649350802507541],[3.099674279764044,45.649622570585557],[3.099922406749483,45.649804248071312],[3.100328703050176,45.650119956048641],[3.1004813912355,45.650771769128312],[3.100636315499138,45.651238981138796],[3.101140167480843,45.651532086937991],[3.101422920867336,45.651684014126204],[3.102913593579215,45.652358923836786],[3.103531696817166,45.652626700982047],[3.104292305405859,45.652880835597642],[3.104727784725115,45.652986688334096],[3.106290823431422,45.65319323513949],[3.107141051625667,45.653301387705625],[3.107368299880735,45.653289464959151],[3.107579996396192,45.653203717032326],[3.108188153016843,45.65296450639989],[3.108816362457612,45.653131390802237],[3.110069142890177,45.653566907219364],[3.110679375861969,45.653727495440087],[3.111543788679613,45.653857212424725],[3.112170515441576,45.653916021674121],[3.112912718296601,45.653931488518083],[3.11360483140591,45.653940697639932],[3.114038848837748,45.653947462758744],[3.114228233018546,45.654253434966343],[3.114426836484237,45.654670156895968],[3.114640033235193,45.654691551623138],[3.116409090790047,45.654517744327642],[3.116676703334699,45.654769602565139],[3.117064024000564,45.654550383184386],[3.117433431872418,45.654362698059181],[3.117690331945132,45.654405653011992],[3.118194560547882,45.654819347015952],[3.118566310865823,45.655126921364392],[3.119185080807986,45.655654851652329],[3.119323684796647,45.655619586015824],[3.119438693673878,45.655361025437969],[3.119456577328747,45.655317783279571],[3.119545997128144,45.65510247292832],[3.119594521010474,45.65497725425714],[3.119617478391262,45.654905191228195],[3.11962635782876,45.654854754745202],[3.119632661365949,45.6548007190665],[3.119632527132634,45.654738585880722],[3.119607595312236,45.654490979540327],[3.11960749222764,45.654443254050996],[3.11961640661257,45.654409026227434],[3.11963557969862,45.654368484122749],[3.119649620487159,45.654329748434805],[3.119649550443016,45.654297331121754],[3.120164911427219,45.654509296286662],[3.120748389875668,45.65474820056383],[3.121482587891448,45.655205756703801],[3.122353080688979,45.655740601618199],[3.122751680248983,45.655982397754237],[3.124116041256298,45.656852569878417],[3.124133911646777,45.656804824566613],[3.124140192838204,45.656742684297555],[3.124138811841634,45.656699462624168],[3.12412180372244,45.656559005988171],[3.124171713683065,45.656483310368948],[3.124297168435536,45.656311179656235],[3.12435352666588,45.656248083604197],[3.12444710901248,45.656178643007237],[3.124842136580093,45.655400188248677],[3.124922902656844,45.655342467749193],[3.125002392633975,45.655288350541184],[3.125088276317213,45.655222519893393],[3.12518054752233,45.655142274348748],[3.125266408359818,45.655066538276245],[3.12528306646894,45.655051211529255],[3.125350988983838,45.654992604529994],[3.125459876635418,45.654879022381486],[3.125622575464882,45.654713152083843],[3.125768603230023,45.654557205489134],[3.12588901075201,45.654428301847027],[3.125959454881395,45.654349881034662],[3.125978668371938,45.654329148427969],[3.12603244434461,45.654261552015441],[3.12612202555384,45.654129080694332],[3.126189798304701,45.65400563857731],[3.126242215771463,45.653905626197712],[3.12628307679765,45.653805626756245],[3.126403045728696,45.653485820654844],[3.126535822540734,45.653152492794348],[3.126637975203607,45.652903844635176],[3.126724906454761,45.652737157472394],[3.126776101659961,45.652665061200814],[3.126844013480212,45.652603751870821],[3.126899105798907,45.652551461778906],[3.126955446916255,45.652483862041478],[3.127033518735999,45.652373915060714],[3.12713847965536,45.652231520280104],[3.127230610498359,45.652093642316423],[3.12730481270418,45.651976495659092],[3.127362355956178,45.651873775526333],[3.127418590151066,45.651760251051137],[3.127479922714449,45.651630512083685],[3.127543800126038,45.651490864889119],[3.127597471841398,45.65138004467893],[3.127663891693909,45.651229588742488],[3.1277354553523,45.651082728864282],[3.127798053760315,45.650945784430249],[3.127842745040719,45.65083857623177],[3.127877191526608,45.650743085929861],[3.127902878982884,45.650746658682898],[3.127939945226022,45.650673677457583],[3.127957812406439,45.650626832044537],[3.127966716854401,45.650590802610239],[3.127970406408964,45.650520560754721],[3.127974978289005,45.650276524710229],[3.127975681660362,45.650025289205487],[3.127969751031207,45.649681311520233],[3.127966987576297,45.649596669280406],[3.127975877286428,45.649554336485764],[3.127988620849023,45.64951289979232],[3.128007800680687,45.649478659641986],[3.128078189697741,45.64938042696874],[3.128306100432491,45.649109122159089],[3.128610855487848,45.648756685690749],[3.128886167017051,45.648443002870451],[3.129067958762865,45.648218574418699],[3.129162700520025,45.64810410446492],[3.129230551574505,45.648020281712974],[3.129265094800482,45.647968014061881],[3.129271484836407,45.647955399967493],[3.129293205891385,45.647910350891351],[3.129311075240697,45.647865306235218],[3.129321237021153,45.647818469464823],[3.129317301248702,45.647782454679401],[3.129308242546859,45.647751848673984],[3.129286317659673,45.647709551169299],[3.129257977581706,45.647669061991358],[3.129214237232547,45.647631291930765],[3.129143480788173,45.647570140298164],[3.129086849299336,45.647509872909488],[3.129068778418297,45.647468471427203],[3.129064861721528,45.647440560955999],[3.129071209769831,45.647409937269231],[3.129077601884246,45.64739822366667],[3.129089106424033,45.647376598893068],[3.129142867649804,45.647307200074977],[3.129190221966288,45.647243211479434],[3.129223489275516,45.647194547238669],[3.129249023864695,45.647133285109582],[3.12927064793049,45.647046813952493],[3.129294530638953,45.646827969257856],[3.129324828258194,45.646607316228156],[3.1293438485311,45.646505539848171],[3.12936804833053,45.646422667647549],[3.129393569781014,45.646356002609004],[3.129429290449128,45.646258709433468],[3.129473989525504,45.646157803991763],[3.129518694756528,45.646059599973476],[3.129573672703477,45.645962284597701],[3.129641415120464,45.645833437609561],[3.129691322632048,45.645764042974108],[3.129727171057534,45.645721678993297],[3.129784783503886,45.645653175920515],[3.129912837876483,45.645512552953129],[3.130044641606047,45.645328702351108],[3.130155964597079,45.645170989268728],[3.130213529363965,45.645082675419538],[3.130272345999976,45.644980852855966],[3.130304301754522,45.6449213840311],[3.130320870664473,45.644870037352455],[3.130345070406602,45.644788065433637],[3.130374348112517,45.644681774603846],[3.130392198580951,45.644629525949007],[3.130420313165247,45.644574563953768],[3.130483024866478,45.644491646901848],[3.130545727890029,45.644405127895773],[3.13061355533123,45.64431410049783],[3.13065578715849,45.644257321099964],[3.130690335191829,45.644208654948493],[3.130732507345852,45.644126662084396],[3.130793857717156,45.644011329076385],[3.130867971344117,45.643864464316138],[3.130952276154128,45.643684269806649],[3.131060846687694,45.643450918529744],[3.131109391881787,45.64335000797967],[3.131136146699584,45.643263530512179],[3.13115136659187,45.643185170818896],[3.131163961304652,45.643082501160123],[3.131171393139759,45.642968131246704],[3.131177635008707,45.642893383941903],[3.131180170567311,45.642879873752719],[3.13118526300896,45.64286185817236],[3.131205718068253,45.642825815041498],[3.131238938279659,45.642759140627859],[3.131297739889975,45.642652815150363],[3.131374415758776,45.642505046599844],[3.131465152758855,45.642332048074941],[3.131554611850718,45.642161752419057],[3.131664567643223,45.641973423077921],[3.131699098377685,45.641918453268524],[3.131715671520495,45.641869807837367],[3.131725815176669,45.641816667516501],[3.131728249896942,45.641760834769364],[3.131720401785485,45.641699611161656],[3.131710029025971,45.64165640015198],[3.131702236619917,45.641618589015948],[3.131696998866729,45.64157537199759],[3.131703323375654,45.641535743381169],[3.131716081577319,45.641502410612198],[3.13174802734917,45.641440239956665],[3.131790270820394,45.641389763505451],[3.131860715736515,45.641322144846178],[3.131924797560822,45.641277946137251],[3.132087615313253,45.641186806506376],[3.132317109210241,45.641063170928454],[3.132476089571172,45.640978338621672],[3.132578652211921,45.640921487498026],[3.132650433211471,45.640876378826228],[3.132713223690148,45.640829479744077],[3.13274907308508,45.640789816258334],[3.132777192016132,45.640738455611597],[3.132797615030103,45.640689805483682],[3.132809023881591,45.640629459719463],[3.132808803650912,45.640537610799804],[3.132812451848478,45.640452961173956],[3.132816164811906,45.640395325936296],[3.132826354649007,45.640361996074098],[3.132862166940702,45.640307024401075],[3.132922313533775,45.640228611449785],[3.132952999442902,45.640177247729994],[3.132964444767316,45.640132210105392],[3.132961760619843,45.640083587241556],[3.13295396758058,45.640045776197489]]]]}},
{"type":"Feature","properties":{"nom":"La Roche-Blanche","nom_m":"LA ROCHE-BLANCHE","insee_com":"63302"},"geometry":{"type":"MultiPolygon","coordinates":[[[[3.160500803806627,45.730297994015778],[3.16117818266117,45.729332604194745],[3.161261409152782,45.729212720178381],[3.161307508034046,45.729147819041494],[3.162572549866841,45.727341422564407],[3.162617365212583,45.72727832372334],[3.164391823482085,45.724730068840685],[3.164568458636473,45.724465067488104],[3.16462491541838,45.724427164540636],[3.164879753627775,45.724088208415274],[3.164887373614884,45.724056680170143],[3.165300821674086,45.723447344433424],[3.165403261124074,45.723309419434408],[3.165485706465719,45.723364228244989],[3.165683962342884,45.72345308541896],[3.165767591260383,45.72347367371929],[3.165870421189595,45.723466318562799],[3.166099098150343,45.723410151584012],[3.166922387919133,45.723141490479996],[3.167493680724261,45.722871397059251],[3.167999425751779,45.722609502836654],[3.168364227729586,45.72250540242451],[3.169248123616134,45.722304170430021],[3.169412514321331,45.722248993705634],[3.169599907690101,45.722148757708169],[3.169684769215455,45.722152231962539],[3.169665435292595,45.722136052267274],[3.17006818462428,45.721831980750551],[3.170185102716974,45.721808391605158],[3.170717714463268,45.721511325555227],[3.170492157373794,45.721324365281909],[3.169627297793061,45.720599876199138],[3.169413914033866,45.720607400986481],[3.169382726981869,45.720078861113024],[3.169298817951985,45.719965525614121],[3.169254918690676,45.719903457830931],[3.169324714831407,45.71960619182893],[3.169106041224102,45.719564197120654],[3.168967094193887,45.719529286423352],[3.168812676746212,45.719479990908752],[3.168703262067307,45.7194333293086],[3.16850366984687,45.719324668734565],[3.168270544656164,45.719180038333796],[3.168079914682473,45.719058756798212],[3.167907274885394,45.718934746682436],[3.167723003237253,45.718790042379702],[3.167605651157192,45.71866865099701],[3.16744174520001,45.71845637933297],[3.167134325758236,45.717972372844059],[3.167127862805699,45.71796067607859],[3.166993543846601,45.7177537628381],[3.166868333101743,45.717582855489361],[3.166409072458434,45.717045042445314],[3.166222031675674,45.71683100221879],[3.166135609053675,45.71673297641216],[3.165935639920386,45.716493741102873],[3.165733182506225,45.716281523748179],[3.165627503755013,45.716191630261797],[3.165290020460447,45.715961600676316],[3.165072364939883,45.715824144946495],[3.1647786964902,45.715629168705156],[3.164500415429806,45.715420661928405],[3.164075194259186,45.715077295246239],[3.163907666954081,45.714936162354647],[3.163715621149885,45.714762647262098],[3.163188342608419,45.714243830294365],[3.16267661284256,45.713763709433799],[3.162572197527416,45.713663005433787],[3.162525787609046,45.713617147477947],[3.162442032003808,45.713547930644772],[3.162319553063741,45.713423839759137],[3.161936649901592,45.713036280242257],[3.161802583567006,45.712905001546446],[3.161732953516138,45.712830360987269],[3.16148659623,45.712540757129766],[3.161260873286432,45.712273635418306],[3.160973336469416,45.711966079610129],[3.160665216010674,45.711651348520057],[3.160436909042798,45.711377024966922],[3.160029403109928,45.710917455065655],[3.159872017567759,45.710719571124613],[3.159808954874672,45.710691745439],[3.159769038888157,45.71066748886048],[3.159745811634579,45.710636004714637],[3.159727639987383,45.710574797306684],[3.159700431984191,45.710500095385314],[3.159686220430474,45.71047490186649],[3.159660446012205,45.710451525701316],[3.159619255316014,45.710430872826784],[3.15959607760689,45.71041649784609],[3.159569025705867,45.710395824932036],[3.15951881433576,45.710367080402811],[3.159259952922489,45.710190950896511],[3.158976477772907,45.709947318949652],[3.158789639660643,45.709785494562503],[3.158386492040273,45.70949250286575],[3.15811346382299,45.709303783829419],[3.15768449135884,45.708966701978675],[3.157246460477289,45.708606218474188],[3.157062309920589,45.708482207976139],[3.156709373548764,45.708212553022605],[3.156644963721675,45.708161314777151],[3.15650205213003,45.708075066519626],[3.156474997436205,45.708052591898493],[3.156438935579641,45.708026527823833],[3.15618508859929,45.707798156082212],[3.155778044973674,45.707480847374107],[3.155450877187347,45.707229162642804],[3.15506047966573,45.70688661476072],[3.155033221739083,45.706791200603071],[3.15543887712285,45.706160300735434],[3.155420739537712,45.70610899797385],[3.155221385699171,45.706058845428572],[3.155109473895914,45.70602478099056],[3.154908802627093,45.70596292337212],[3.154714542878631,45.705895653672172],[3.154546010931986,45.705836452746155],[3.15462282048968,45.705727388433793],[3.154668973043607,45.70568590269049],[3.154702298406142,45.705653439409268],[3.154756167253384,45.705613744012474],[3.15481133889039,45.705580350211079],[3.154861321657663,45.705529854255182],[3.154908685975037,45.705462252618773],[3.155017445742561,45.705289209524175],[3.155386165767899,45.704781727442843],[3.155515486002457,45.704608655521646],[3.156166471332842,45.704845483954699],[3.156264890881689,45.704653543752961],[3.156286291703953,45.704495028327322],[3.156429982431046,45.704405680735817],[3.156364040139599,45.70426529624423],[3.156505159752364,45.704175952124629],[3.156721095646033,45.704183756427867],[3.156784965025743,45.704045893049553],[3.156651730905823,45.703742614147416],[3.156338570834141,45.702983938356496],[3.155823847840553,45.701839231692269],[3.155813908482286,45.701504264263782],[3.156327588351046,45.700916435326107],[3.155756242027767,45.700649781836773],[3.154741372731903,45.700324303229692],[3.154241094720912,45.700191717023237],[3.153620047159848,45.700069198656266],[3.153178988354754,45.699972546473312],[3.152894742698098,45.699886485755613],[3.152424052546776,45.699761955730999],[3.152724978277208,45.699373438474346],[3.152300654960664,45.699284864566387],[3.152046000750414,45.699209567562278],[3.151892908033896,45.699148540921676],[3.151517166729612,45.698967148438207],[3.151101305432115,45.698681352051196],[3.150700932940948,45.698418946082221],[3.150376475573339,45.698190655912512],[3.150106132307505,45.698013620483565],[3.149847478145166,45.697881593199277],[3.149520676359001,45.697734347497061],[3.148998176315938,45.697448684849022],[3.148653204975576,45.697233023685527],[3.148538897289574,45.6972556865881],[3.148402676273112,45.697253164612263],[3.14791550096808,45.697198875483352],[3.147856338860955,45.697180042910226],[3.147739311822028,45.697146878403096],[3.147667359582532,45.69715057466324],[3.147600650754648,45.697192984931036],[3.147539127585068,45.697252497614258],[3.147481466594243,45.69731470666887],[3.147421249791772,45.697382321957171],[3.147333946295169,45.697412152196939],[3.147202953742071,45.697442939936678],[3.147170875644405,45.697460991568143],[3.147126035708446,45.697512377856533],[3.147101653433726,45.69752501650057],[3.147042642013026,45.697562913956453],[3.146942434982979,45.697572950025467],[3.146833165705743,45.697557784190543],[3.146759849011908,45.697531765592103],[3.146690375575065,45.69750123951026],[3.146581089810209,45.69747977004689],[3.146521975547149,45.69747894644172],[3.146407606913961,45.697479095096462],[3.146320195562893,45.697468402795728],[3.146249437408284,45.697437878110797],[3.146176078327976,45.69739565043065],[3.146111714625051,45.697353411039465],[3.146021678797994,45.697322010720455],[3.145954854488772,45.697321196808893],[3.145885469603788,45.69732398811886],[3.145809642914884,45.697320484316151],[3.145741505111838,45.697308866139444],[3.145673336518392,45.697285541636631],[3.14562570722617,45.697254086172073],[3.145548507973552,45.6972172659667],[3.14546622076899,45.697200262980125],[3.145363403824589,45.697194992743711],[3.145256750708628,45.697196931250744],[3.145133434652811,45.697215099876551],[3.144974163483972,45.697243219983086],[3.144924101349121,45.69726399556955],[3.144802138409843,45.697308276200765],[3.144745627408616,45.69732005512973],[3.144619769077949,45.697349032296579],[3.144484920048424,45.697379821824136],[3.144386066067605,45.697415967993081],[3.144310373213094,45.697463790740386],[3.144264231490042,45.697509774634696],[3.144250145330775,45.697528702884284],[3.144246327764325,45.697543115555249],[3.144246470960776,45.697598045048856],[3.144241511536303,45.697667388858591],[3.144226231822657,45.6977214376072],[3.144205795460244,45.697769189547536],[3.144175069287316,45.697813352704038],[3.144149466842647,45.697851205892299],[3.144136693755698,45.697880938286552],[3.144135507224505,45.697918760238323],[3.144149731931779,45.6979529605306],[3.144156258070649,45.697991673102777],[3.144151150702766,45.698004286447905],[3.144131912436608,45.698018718841176],[3.144099802516739,45.698025063313189],[3.144041975105806,45.698025137247214],[3.143987970049314,45.698012599456007],[3.143931362118062,45.697987458152262],[3.143903030068782,45.697964081687324],[3.143864368463558,45.697921808186571],[3.143821865810323,45.697884942494362],[3.143772963704039,45.697857990303113],[3.143707356007357,45.697831059396734],[3.143663603550329,45.697807702536821],[3.143631411887255,45.697782529951773],[3.143608203899551,45.69775284347638],[3.143590005261869,45.697672723369095],[3.143592435142016,45.697618691082909],[3.143637294808675,45.697573609584879],[3.143709140285381,45.697528493656471],[3.143760462421992,45.697497811651367],[3.143783494888346,45.697459961831896],[3.14378465357077,45.697411334083064],[3.143748569537014,45.697371758715306],[3.143689420355396,45.69735742637171],[3.143545451704537,45.697340500619582],[3.143383518287224,45.697333502895454],[3.143216472729896,45.697337317273764],[3.143040494737383,45.697365455878227],[3.142903142153909,45.697422360797304],[3.142796706958674,45.697508942427064],[3.142763493360874,45.69758552586184],[3.142750903119113,45.697686396297911],[3.142758875924196,45.697788141170427],[3.142784871997194,45.697902470017972],[3.142787535048928,45.697938486103489],[3.142754293301971,45.698004263735207],[3.142659380460596,45.698074621882434],[3.142522051238662,45.698141431659153],[3.142382049613906,45.698168623238793],[3.142280553269032,45.698177756302655],[3.142212396636138,45.698158932122602],[3.142146782402182,45.698129298856337],[3.142101747625183,45.698106843494074],[3.142041343080199,45.698104218191688],[3.142002800659927,45.698107868714416],[3.141942493138984,45.698143063669548],[3.141879689314673,45.698207077303401],[3.141830956368274,45.69824585957096],[3.141742328834682,45.69826217984378],[3.141688363267922,45.698264949171424],[3.141645914820283,45.698248793780323],[3.141626590535235,45.698229907852955],[3.141587914353783,45.698181330185207],[3.141574930147118,45.69812911828263],[3.14158379880997,45.698079580383187],[3.14159013882634,45.698046254417171],[3.141595173042512,45.698004825713355],[3.141579644111582,45.697962522360839],[3.141565402559476,45.697921117875481],[3.141534503745718,45.697898644527534],[3.141508779701979,45.697889671969861],[3.141438083509666,45.697882556835879],[3.141340447285809,45.697893485181005],[3.141273652243921,45.697904374779895],[3.14121075139668,45.697930567729159],[3.141169740026304,45.697973842465515],[3.141128834243003,45.698058539432481],[3.141071309842892,45.698177475677362],[3.141039367038099,45.698249554580777],[3.141007291051663,45.69826940542584],[3.140950743852867,45.698267675198231],[3.140840157698227,45.698239898388024],[3.140744996931879,45.698213903177042],[3.140648562642273,45.698192411907776],[3.140635718932889,45.698195129397391],[3.140556088821528,45.698212337993802],[3.140479081360104,45.698250254453271],[3.140348265735059,45.698353072916476],[3.140216162278219,45.698454992343969],[3.140162253473371,45.698480273031855],[3.140094149627272,45.698482158693984],[3.140020832599017,45.69845523522558],[3.139929449609545,45.698398618091204],[3.139854786257129,45.698347383052337],[3.139766078366992,45.698332184843473],[3.139709567521757,45.698344861731314],[3.139642817065942,45.69837376003678],[3.139565838281526,45.698423382160037],[3.139488922921731,45.698498217773292],[3.139396654614575,45.69860008692158],[3.139272209367034,45.698682185065174],[3.139165618851824,45.698710231833822],[3.139074387961241,45.698713946411353],[3.139031962559074,45.69870679487186],[3.138961218149397,45.698680768026229],[3.138867292856239,45.69863495900308],[3.138788829177297,45.698605339616201],[3.138706541985944,45.698588331691738],[3.138656424380163,45.698588393370919],[3.138628189007672,45.698602835893382],[3.138592301858771,45.698640700467884],[3.138591097988431,45.698673119461098],[3.138597600022713,45.698703728003913],[3.138607988855593,45.698746938576129],[3.138608180596369,45.698823479690198],[3.138586433606252,45.698863127842436],[3.138538924226909,45.698878494531378],[3.138463122914245,45.698885791589134],[3.138391134010588,45.698875974670948],[3.138209862169845,45.698845580606346],[3.138092844133238,45.698815107528262],[3.137971946311713,45.698774733728314],[3.137865202388593,45.698741546375004],[3.137776514593194,45.69873445095287],[3.137698149959399,45.698744452089457],[3.137612088310441,45.698759865490047],[3.137527287064699,45.698765371935714],[3.137445035812649,45.698762770829276],[3.13732547728568,45.698744006377623],[3.137184043625437,45.698713562108416],[3.137079944050607,45.698710086845189],[3.137000323240372,45.698731795348102],[3.136936161101628,45.698768793279854],[3.136902820550842,45.698797649356194],[3.136887493256573,45.698835488406644],[3.136872208264353,45.698890436646103],[3.136856903196246,45.698937280530068],[3.136790239583763,45.699002196496657],[3.136701762860435,45.699080646184534],[3.136604241415411,45.699139296065866],[3.136487370245983,45.699168253247976],[3.136398708581321,45.69917196254638],[3.136299730769033,45.6991612764701],[3.136230287662737,45.699141549741142],[3.136142804751428,45.699102034063948],[3.136036065721885,45.699070645944744],[3.135849632118654,45.699031249450634],[3.135692784243516,45.699003523350022],[3.135606631148615,45.69898201538485],[3.135547440441496,45.698950569574286],[3.135479254279544,45.698919134548078],[3.135409860251707,45.698919217956693],[3.13535204731454,45.698925590817609],[3.135268576894846,45.698950004179146],[3.135163290907595,45.69898705045761],[3.135081070214523,45.698997054398539],[3.134987255242806,45.69899536584542],[3.134901104630314,45.698974757824637],[3.13482907235737,45.698946928955216],[3.134774980753232,45.698898367396765],[3.134714325757373,45.698793083016334],[3.13467046455992,45.698723797990894],[3.134625366604793,45.698674325126852],[3.134554626499329,45.698649195998613],[3.134441509853347,45.698636724201187],[3.134316862623297,45.698638673816831],[3.134239782568236,45.698648671016564],[3.134170425998059,45.698664061886063],[3.134119134568411,45.698710047749906],[3.134097395318052,45.698754197454335],[3.134044853576453,45.698814592554477],[3.13397299418956,45.698857901357336],[3.133880516852888,45.698877821966022],[3.133777715313192,45.698879745028144],[3.133671023738175,45.698867264828912],[3.133586191499048,45.698860161535606],[3.133529654794466,45.698862930002925],[3.133495044716955,45.698898990464336],[3.133495099031136,45.698921502559422],[3.133506738577167,45.698952105306837],[3.133560868246298,45.699016876182803],[3.133662682987427,45.699138321124877],[3.133760660343087,45.699266974422848],[3.133776166244732,45.699302074986058],[3.133773726704729,45.699356107066684],[3.133737870569854,45.699408377838424],[3.133692957834071,45.699435445724355],[3.133623582728129,45.699443632387464],[3.133506668073245,45.699455477285923],[3.133281738785719,45.699439534790649],[3.133124932204752,45.699428914308058],[3.133001581217583,45.699436263853798],[3.132950218861548,45.699453433704996],[3.132889858698626,45.699469713657571],[3.132816602229408,45.699467098564028],[3.132784446951376,45.699455430135238],[3.132743257192625,45.699427563584898],[3.132693015726715,45.699376295032422],[3.132642789464903,45.699331329844668],[3.132481895203067,45.69922346075019],[3.132353247019078,45.69916508030888],[3.132250397541554,45.699147191333189],[3.132219562077629,45.699149928976773],[3.1321707699056,45.699167095456644],[3.13211815471332,45.699197773693207],[3.132074528587371,45.699225739910858],[3.132007783823406,45.699259136114598],[3.13194741071079,45.699270012659014],[3.131889575543821,45.699267378905141],[3.131826544270408,45.699241338554771],[3.131777653242832,45.699217082607127],[3.131690218399484,45.699196473634053],[3.131613089969915,45.699186658392634],[3.131523102198952,45.699173256162545],[3.131493530365145,45.699166987269003],[3.131434367466273,45.699146345103891],[3.13140343572832,45.699108560750588],[3.131390501542687,45.699073456864667],[3.131389103134504,45.699025732718866],[3.131383855915167,45.698980714519664],[3.131374809068721,45.698959113395027],[3.131343883888781,45.698924030477428],[3.13127185133468,45.698895298850417],[3.13119982312581,45.698868368145128],[3.131130401412232,45.698856742628422],[3.131054537300107,45.698837920671082],[3.130986370883506,45.69881368679728],[3.130933569984263,45.698766022385485],[3.130910381180014,45.698741736196268],[3.130829349340488,45.698711213769016],[3.13068663001596,45.698678961869327],[3.130592747707449,45.698648454174787],[3.130546404510118,45.698614289393177],[3.130520588453276,45.698565693037828],[3.130528184141819,45.6985170579797],[3.130567885174251,45.698459380862722],[3.130594733371527,45.698400818141884],[3.130597190851431,45.698353089520559],[3.130586810473709,45.698310778695067],[3.130543020686469,45.698269407063918],[3.130433690849561,45.698227210811574],[3.130159808129884,45.698157289570155],[3.130019675548811,45.698131337245051],[3.129862788764518,45.698084692871426],[3.129765033748112,45.698046084577037],[3.129548790400458,45.697895051701096],[3.129466387009285,45.697826709452954],[3.129422509980568,45.69774751706796],[3.129430068607392,45.697682673378267],[3.129436363236617,45.697626836002442],[3.129487531116101,45.697526823246172],[3.129527156637073,45.697436729083691],[3.129533457464452,45.697383593154754],[3.129521774073305,45.697333179357294],[3.129497246658306,45.697285481778692],[3.129440624990786,45.697251328359442],[3.129364742601741,45.697223500428926],[3.129277343365243,45.697216396843203],[3.129174544752476,45.697218315705733],[3.129046087428404,45.69723827358569],[3.128787939863083,45.697300702469789],[3.128558060473138,45.697362198028962],[3.128439889176065,45.697384844940444],[3.128339662388308,45.697387660595659],[3.128253525103908,45.697370649430354],[3.128154485348357,45.697331140719584],[3.128084953642455,45.697270887202777],[3.127974092699183,45.697120631972567],[3.12785814633951,45.696993795045813],[3.127726819679428,45.696884084672867],[3.127582674434194,45.696787895954607],[3.127445060580665,45.696737624458493],[3.127303664418523,45.696718874082045],[3.127175170325767,45.69672262112045],[3.127051841122672,45.696737168022267],[3.126920855410698,45.696775136052295],[3.12674112516231,45.696850979183424],[3.126607688415747,45.69694117780088],[3.12657693217845,45.696978132284634],[3.126569318809713,45.697020463684311],[3.126601557894968,45.697069954204643],[3.126677659269558,45.697194135764072],[3.126721513370558,45.69726522486026],[3.126739677135811,45.697340845268485],[3.126721882517897,45.697426411465791],[3.126657818082752,45.697508427733339],[3.126526918816509,45.69758511611289],[3.126302202634296,45.697658307589585],[3.126020929421953,45.6977252584797],[3.12578068906652,45.697753441968203],[3.125647058411088,45.697759894453441],[3.12559950550558,45.697757246008102],[3.125532646243385,45.697741111759733],[3.125470853699075,45.697692554328832],[3.125410319776171,45.697632289143691],[3.12536782556118,45.697593615524994],[3.125302247529594,45.697575678742659],[3.12520074538052,45.69758299545429],[3.125005548916002,45.697640843276368],[3.124913064287012,45.697658055072317],[3.124883504173842,45.697656286864252],[3.124815372384829,45.69764555651787],[3.1247742062623,45.69762579141338],[3.12468919038202,45.697535836905971],[3.124570711011766,45.697422506694835],[3.124498665694737,45.69738566638658],[3.124363675854196,45.697358800866205],[3.124127194401101,45.697343753348015],[3.123939598978048,45.697352964699654],[3.123791896102185,45.697387345531581],[3.123645562596023,45.697459545083383],[3.123514683391755,45.697547035770228],[3.12339660602819,45.697612900620427],[3.123227088436327,45.69766171237567],[3.123000982443996,45.697689874478833],[3.122722155340796,45.697702785294204],[3.122447157343009,45.697703984939487],[3.122258191806798,45.697675374563502],[3.122120612382407,45.697639504304654],[3.121998384179502,45.697572100246191],[3.12189025603169,45.697488472055369],[3.121757722362321,45.697409372565396],[3.12153392170214,45.697316864101872],[3.121414312420582,45.697271068253507],[3.121328114263207,45.69722523630913],[3.121265025162553,45.697169474086053],[3.121244290977862,45.697090253626172],[3.12124023857429,45.697000209383269],[3.121224581473141,45.696892167905368],[3.121184627279594,45.696838181720096],[3.121140841745047,45.696795005472126],[3.121053406811429,45.696770786314062],[3.12092360353535,45.696763721797417],[3.1206935585407,45.696752262114337],[3.120509778441777,45.69674255346451],[3.120342648885749,45.696707613125938],[3.119990308321666,45.696595428120553],[3.11960327758139,45.696485079814167],[3.119319420537738,45.696546613795107],[3.119273254931404,45.696590786482957],[3.119239920066096,45.696625940715556],[3.119191277390223,45.696713339317832],[3.119182429630204,45.696781785610526],[3.119171038945664,45.696862841395962],[3.119157060717078,45.696935795543077],[3.119126425519647,45.697031279449298],[3.119086731028214,45.697097056884267],[3.119050864421023,45.697150223457356],[3.119038047014477,45.697165545260347],[3.118950978283383,45.697311515938409],[3.118917712448964,45.69737908750038],[3.118894769427768,45.697466458853818],[3.11888337624617,45.697546614130218],[3.118883420744782,45.697567325261808],[3.118896340838647,45.697599729127084],[3.118918265940027,45.697636625918271],[3.118959561624347,45.69771762607332],[3.118978955444341,45.697772535246102],[3.118985469760275,45.697813950725561],[3.118985551088808,45.6978517710535],[3.118986898104381,45.69788058518462],[3.118980558047729,45.697920213265171],[3.118969068090377,45.69795534435243],[3.118953699727499,45.697979673700203],[3.118910098871655,45.698022042562705],[3.11887673969778,45.698046390883313],[3.1187997098808,45.698080690589478],[3.118686694527404,45.69811322717873],[3.118583959497643,45.698145752836588],[3.118487618783384,45.698163863900405],[3.118384871982795,45.698190986472682],[3.118300112053549,45.698216289097431],[3.118229489623218,45.69824247731227],[3.118170444204297,45.698274056259237],[3.11811783747797,45.698311931828769],[3.118078071689601,45.698345291488771],[3.118038382693237,45.698414670496859],[3.117994878728708,45.698502963693429],[3.117976949253509,45.698531798020426],[3.117923062840137,45.698572376297335],[3.117819102799246,45.698633718093866],[3.117736956141465,45.698679728742256],[3.117671513349312,45.69872482140309],[3.117634359255351,45.698777988873402],[3.117634420517382,45.698806804364068],[3.11763576685259,45.6988356185133],[3.117646131681262,45.698875229080585],[3.117655257404596,45.698936452606929],[3.11762586147071,45.699012124127002],[3.11758611784644,45.699056289424277],[3.117498858733962,45.699115812525712],[3.117443724547593,45.699174401597226],[3.11739115276718,45.699229386028122],[3.117342516340534,45.699322186753363],[3.117315722404006,45.69941316374841],[3.11726709141476,45.699508665894719],[3.117215947305386,45.699631185218486],[3.117121214594847,45.699803276569043],[3.117093060642759,45.699859135967593],[3.117054684904577,45.699942921048041],[3.117021399936214,45.700003288189521],[3.116977832178212,45.700062765509813],[3.116941933073895,45.700102424160185],[3.116916320454305,45.700144773585791],[3.1169087068695,45.700190706278775],[3.116902408818935,45.700251045385279],[3.116903787152266,45.700295167777483],[3.116929658661729,45.700375284204519],[3.116943935700475,45.700441905366297],[3.116938939900186,45.700510347500135],[3.116923653663935,45.700574297880642],[3.116912190390617,45.700622936028012],[3.116890468999714,45.700682390649568],[3.116835325002051,45.700737377493049],[3.116725017680811,45.700838346257413],[3.11668143375464,45.700890619592762],[3.116667399958866,45.700939260377574],[3.116661092066564,45.700995097052562],[3.116671479388126,45.701045513526495],[3.116701204391706,45.701124725534392],[3.11674245193355,45.701183214415742],[3.11679398629728,45.701244394080156],[3.11687136223878,45.70137128241926],[3.116916454127389,45.701424364333903],[3.116964064973715,45.70145313048782],[3.116998845469694,45.701491815291867],[3.116995096696349,45.701542246413609],[3.116965631847296,45.701586400825839],[3.116915589519758,45.701623372690996],[3.116850102639179,45.701649554714372],[3.116779454233359,45.701665836699739],[3.11670491617881,45.7016659139165],[3.116632969282443,45.701675893750959],[3.116585483649325,45.701706559419549],[3.116574006563157,45.701748894146384],[3.116577935982086,45.70178400904549],[3.116585800527345,45.701856940296409],[3.116601408224869,45.701945171802272],[3.116631127916808,45.702021682380767],[3.116682710415003,45.702105374207491],[3.116756129235082,45.702183640472121],[3.116821803122594,45.702245705965254],[3.116850160152958,45.702285297962661],[3.116869509732002,45.702319496376866],[3.116869570599609,45.70234831187522],[3.116858363672139,45.702518515407832],[3.116840622468288,45.702637397996206],[3.116840753682456,45.702699531415988],[3.116857580621506,45.70275624460686],[3.116889821971364,45.702809339862988],[3.116922124278678,45.702891250609504],[3.116923514111575,45.702940775915849],[3.116908183422403,45.702984015164873],[3.116892858416817,45.703029955865041],[3.116859556198894,45.703083119096931],[3.116837791949834,45.703122763062424],[3.116845615189369,45.70317588364582],[3.116861145690975,45.703227195264255],[3.116886972851432,45.703285700092486],[3.116921798214471,45.703345096066187],[3.116936093139212,45.703419821602424],[3.116950365260948,45.703483741324497],[3.116953038412738,45.703532364814457],[3.116945542402578,45.703634127553819],[3.116935418893948,45.703708878428223],[3.116929147115874,45.703781824332978],[3.11695384360424,45.703913269719564],[3.11697841264574,45.703984382645345],[3.117014569449607,45.704065388885553],[3.117050693972252,45.704131086879265],[3.117094522143254,45.704193174912156],[3.117130627779996,45.704249868036428],[3.117159020382635,45.704305668681627],[3.117178380395242,45.704344369469894],[3.117227364952641,45.704413655982322],[3.11727887995549,45.70446402962547],[3.11731881865942,45.704509912864665],[3.117348536901235,45.704584622298832],[3.117361515040828,45.704644040889974],[3.117355440459181,45.704809736723419],[3.117328699266838,45.704926827806595],[3.117328831034578,45.704988961235742],[3.117343075366151,45.7050393736478],[3.117376615193684,45.705097870341923],[3.117421697226003,45.705144648676828],[3.117466762127176,45.705183322633424],[3.117502859228944,45.705235513219883],[3.117542823546806,45.705293102680621],[3.117591746239564,45.705332673050719],[3.117638106211321,45.7053758480208],[3.117674251483266,45.705450550665681],[3.117678216340342,45.705501874256676],[3.117660336139439,45.705555021629365],[3.117603893248837,45.705605507786956],[3.117548794798527,45.705683907596111],[3.117533488707382,45.705738853237307],[3.117550323020911,45.705798267790378],[3.117577466052983,45.705870278398322],[3.117595601004061,45.705936895480598],[3.117613743656221,45.706007114498433],[3.117669240708937,45.706116015440408],[3.117716921129478,45.706175397760397],[3.117749146131027,45.70621948793783],[3.117768631823489,45.706316720126033],[3.117744330954968,45.706372575683694],[3.117739287699058,45.706418505767324],[3.117752211106487,45.706451810268568],[3.117776684533446,45.706476998319815],[3.117846136019894,45.706499437884084],[3.117943888055545,45.706533554117918],[3.117976107685787,45.706574942777841],[3.117987774825587,45.706621755866429],[3.117980199645801,45.706685698344202],[3.117955883469238,45.706734350072246],[3.117928996734482,45.70678300448494],[3.117891831719502,45.70683347061653],[3.117889341794126,45.706871293658139],[3.117917673169464,45.70689737813079],[3.117993611082848,45.706947725903419],[3.118055372813196,45.706980078743342],[3.118092749217357,45.707028665862651],[3.118125046155768,45.707106073865425],[3.118117596036902,45.707228547854044],[3.118071526258707,45.707322246736588],[3.118020309471743,45.707413249530752],[3.117976759995891,45.707483533083604],[3.117971732193527,45.707536667058228],[3.117984673286088,45.707578075897082],[3.118010455644265,45.707614068369629],[3.118067100078753,45.707657232403299],[3.118137911514992,45.707713888859423],[3.118165015860653,45.707766989157889],[3.118176746889798,45.707843518224067],[3.118165354377576,45.707925474455685],[3.118152611156899,45.707976815555732],[3.118146298191924,45.708029950887301],[3.118157967705876,45.708077664447636],[3.118217362263001,45.708204570786144],[3.118256057651628,45.708268464746645],[3.118302453337971,45.70832694769166],[3.118338555205568,45.708380038506469],[3.118364380554116,45.708435841562967],[3.118365802644328,45.70849977462553],[3.118350610245193,45.708607848984997],[3.118328896895408,45.708671806340391],[3.118264772344137,45.708737609175977],[3.118169765705829,45.708787235597391],[3.11803233805421,45.708834204911959],[3.117892339556315,45.708881176748015],[3.117792200693686,45.708935310652883],[3.117675389012054,45.709006571125578],[3.117452012834625,45.709132872268597],[3.11722472626375,45.709233963407613],[3.117038559481487,45.70933050896214],[3.116756006415272,45.709433457505533],[3.116440041514237,45.709540041810207],[3.116276909744111,45.709589736995724],[3.116103510207097,45.709646646416402],[3.115989256059893,45.709713400072928],[3.115885254074558,45.709765735285103],[3.115742693928108,45.709819010490691],[3.115564149923251,45.709875023877252],[3.115201814487154,45.709936627907368],[3.114971813216748,45.709971981743571],[3.114811197191622,45.709996458611457],[3.114743093249539,45.710005532832319],[3.114502808731615,45.710040896179358],[3.114218935953029,45.71013123288526],[3.114096927505789,45.71017908225874],[3.113938955354017,45.710239574676073],[3.113746287947319,45.710304604325252],[3.113597321686576,45.710369589608192],[3.11345996933202,45.710457075172215],[3.113344515382076,45.710567951204936],[3.113202122092567,45.710704968295701],[3.113034041294704,45.710851916325609],[3.112960939861405,45.710932132934843],[3.112918609562263,45.710974498229056],[3.112821152129509,45.711087156669919],[3.112753198857085,45.711170969938905],[3.112663412568799,45.71126380986076],[3.112541480884744,45.711351278892025],[3.112352695151118,45.711431610557874],[3.112229409642881,45.711485762589973],[3.112021315109752,45.711552605623176],[3.111849219543589,45.711623914988451],[3.111675836343859,45.711694324879872],[3.111445918033695,45.71177559625982],[3.111242962965247,45.711842432773487],[3.111146650272573,45.711887552128587],[3.111088902365101,45.71193443437253],[3.111038888322032,45.71199211480981],[3.111011992948104,45.71204076758967],[3.110968378539775,45.712084934390624],[3.110893947384827,45.712145340260747],[3.11085672362582,45.71217149099482],[3.110768095302993,45.71220309516643],[3.110637058193763,45.712239243337756],[3.11052144194101,45.712273575263183],[3.110413570214805,45.712324108246335],[3.110332671678956,45.712364709371201],[3.110264639474166,45.712411601259717],[3.110242848882747,45.712442239126318],[3.110160910334481,45.712606207839386],[3.11014561829893,45.712672858808958],[3.110138069083433,45.712754810487311],[3.110126676198881,45.712843069328919],[3.110129639610254,45.713040273052087],[3.11012591068237,45.713104211261793],[3.110105643532863,45.71325461236659],[3.11006591950639,45.713316784757232],[3.110022312291746,45.713365453621492],[3.109985105203865,45.713400608921056],[3.109964640652488,45.713451956639474],[3.109955769848792,45.713515899861349],[3.109940459417562,45.713573545955846],[3.109919984024542,45.713619490755939],[3.109878916870665,45.7136528488113],[3.10982884458763,45.713682613678948],[3.10976334901066,45.713713294031464],[3.109652886878886,45.713755724428651],[3.109442231229293,45.713833371033161],[3.109223912232458,45.713936238302836],[3.10894525541206,45.714078784907478],[3.108701257777623,45.71419788474509],[3.108524078640942,45.714305213412182],[3.108418807295073,45.714373751721958],[3.108328950338153,45.714436872198959],[3.108232736467217,45.714536018184816],[3.108171174552834,45.71460721574595],[3.108126302095607,45.714667591422391],[3.108085245398685,45.714707252223164],[3.10802876508568,45.714747828278874],[3.107881132323266,45.714847023233226],[3.107763023977802,45.714925478572738],[3.107630820914538,45.715027359908028],[3.107569236664786,45.715087751319608],[3.107505111127741,45.715163453399299],[3.107485902828967,45.715201292168679],[3.107489818684874,45.715231904990475],[3.10750020032069,45.715282322358767],[3.107508088069313,45.71537236353052],[3.10713612860144,45.715797747520078],[3.106615291034847,45.716349339378361],[3.106790092010049,45.716336567093961],[3.106868509766771,45.716338293749658],[3.106764471053393,45.716382516200454],[3.106683577797708,45.716430318600089],[3.106601430156834,45.716494330893944],[3.10652188104238,45.716572748464543],[3.106423104834533,45.716679999717684],[3.106255127986029,45.716899877012992],[3.106166684764121,45.717033232425941],[3.106110722363887,45.717345754120402],[3.106560254739749,45.717808180416739],[3.106757461549631,45.718079040436507],[3.107041976321211,45.718293086557942],[3.107375142418359,45.718403529615223],[3.107683925087611,45.718534706189416],[3.10790522614918,45.718631747182371],[3.108106781346303,45.719149334188678],[3.108238497294524,45.719450871004788],[3.10831464289878,45.71960298020435],[3.108349479913988,45.719667781805484],[3.108398458158146,45.719732569799099],[3.108513111394812,45.719854025267558],[3.108616175602783,45.719965586427975],[3.109092878726709,45.720494612620342],[3.109327392979894,45.720767233077893],[3.109456149074605,45.72086706222624],[3.10949863756473,45.720899438507146],[3.109860377298717,45.721145820085937],[3.109896423963687,45.721170998596847],[3.110335380368196,45.721456024314726],[3.110363717448594,45.72148301119725],[3.110589109677014,45.721689001922158],[3.110656087212177,45.72175197031455],[3.110961252708265,45.721989399028423],[3.111075899974964,45.722102747537463],[3.111118457301388,45.722168441178489],[3.111164877009455,45.722236832457497],[3.111286083760903,45.722415009381486],[3.111502561904776,45.722659728058709],[3.111719041964361,45.722904446324087],[3.111849286021346,45.723099722959219],[3.112051833424026,45.723446209504495],[3.112133163171443,45.723610917852113],[3.11218485398043,45.723741437115315],[3.112205654602502,45.723854877841937],[3.112165950890853,45.723929657815795],[3.112185405608425,45.724013383798123],[3.112420336246134,45.724476000372867],[3.112452670222144,45.724570519319748],[3.11245538621404,45.724641655128536],[3.112614870157808,45.724671212022905],[3.113172640563102,45.724567097415168],[3.113316661558026,45.724579559574096],[3.113465847474113,45.724602822202044],[3.113519976927682,45.724666702329273],[3.113980463286573,45.724770694274213],[3.114215827507406,45.724811878502983],[3.114258262282622,45.7248154374549],[3.114590028481627,45.724844816821971],[3.114809952244467,45.724879712090839],[3.115035052715788,45.7249308104264],[3.115351414395171,45.724971009122982],[3.115699890311216,45.724997666664848],[3.116053395913628,45.724970288693527],[3.11613182431001,45.724971108420263],[3.117171293197546,45.725271696254637],[3.117173963780977,45.725318518838741],[3.117198540706533,45.725388731332465],[3.117459644812918,45.72543978740002],[3.117841819393247,45.725591571003768],[3.118067035140604,45.725693990973497],[3.11823693583757,45.725782060716099],[3.118438935252744,45.725849385269427],[3.118619147750432,45.725949149945407],[3.11882764448291,45.726047984039397],[3.118952603886462,45.726162214211286],[3.118960335567597,45.726170310443337],[3.119192242416796,45.726392485988143],[3.119349367629842,45.726516587079672],[3.119467826655434,45.726596605030821],[3.1197122826853,45.726674688167584],[3.120177997043643,45.726804763437237],[3.120488064235479,45.726899884207064],[3.120670790467582,45.726969926832545],[3.120748069736961,45.727031977754535],[3.120826715572757,45.727130947161413],[3.120893707417798,45.727192108521223],[3.121286696964734,45.72757529427524],[3.121849583539789,45.728036637635931],[3.121978194447271,45.728052707349555],[3.122854153581093,45.728214744577073],[3.123009826161342,45.72825779826249],[3.123138498072788,45.728300881225934],[3.123255730818293,45.728403408754701],[3.123425638053284,45.728486968263915],[3.123610908546981,45.728540794572091],[3.123760081265233,45.728551436782546],[3.123896477101038,45.728598112356444],[3.124014906777233,45.728660115824773],[3.124169384710795,45.728742790698867],[3.124308379216001,45.728801169258084],[3.124541206879399,45.728846837204948],[3.124660915463302,45.728905236632279],[3.124803636120363,45.728905078740929],[3.124961881672149,45.728947226400585],[3.12509443236205,45.728998407230421],[3.12516526201953,45.729047855464273],[3.125272105774698,45.729102666573368],[3.12539690162179,45.729135845903848],[3.125579653728265,45.729211283497811],[3.125735292334927,45.729237224192886],[3.126024639892381,45.72925761237083],[3.12610182159038,45.729272834371592],[3.126441561983819,45.729401223677094],[3.126586923504264,45.729430776675017],[3.126770930965912,45.729491803123409],[3.126841632632365,45.729484519701948],[3.127056379432541,45.729493282789697],[3.127201762236457,45.729531839852797],[3.12751294533287,45.729541393720005],[3.12769306563158,45.729588915739818],[3.12805317370729,45.729626327828122],[3.128215251938307,45.729655859741776],[3.128270421811482,45.729604469167271],[3.128384695957102,45.729535001518059],[3.128474581748237,45.729483571308073],[3.128627458213126,45.729426666253389],[3.128988446274859,45.729290280141058],[3.129165663144475,45.729195526005959],[3.129346654593216,45.729065648225358],[3.129898393648536,45.728577849839944],[3.129999810238155,45.728510196342413],[3.130024188909947,45.728488556516233],[3.130083202628712,45.728432658181752],[3.130161462347616,45.728359628325542],[3.130544658593644,45.727831499271417],[3.131035704112796,45.72724201044182],[3.131101142002008,45.727185203621517],[3.131162731108962,45.727132003193077],[3.131352709066301,45.72700121125272],[3.13159523796956,45.726801920576023],[3.131966107003735,45.726506127009813],[3.132100801718971,45.726378099969395],[3.132398535189534,45.726147225788651],[3.132644373742728,45.725722806971227],[3.132799458784424,45.725520915091799],[3.133122378263547,45.72507389222082],[3.133211909699002,45.724880181556195],[3.133240133868219,45.724854934540552],[3.133249114083058,45.724846819535443],[3.133347922326596,45.724768360256768],[3.134076009518481,45.724400097639666],[3.134249362494902,45.724312544013145],[3.134717993982803,45.724050843487063],[3.134816857987409,45.72399669602833],[3.134952862999976,45.723883972313672],[3.135047713399445,45.72376589481415],[3.135092519855851,45.723687498682366],[3.13509860936044,45.723548816246002],[3.135117810465339,45.723514574693986],[3.13512806043208,45.723500154602107],[3.135194830365103,45.723465856010129],[3.135449233689653,45.72340251648609],[3.135585348537644,45.723335716760779],[3.135693216527256,45.723284259167919],[3.135820253917108,45.723185953007665],[3.135992128699699,45.723022757497397],[3.136252404855701,45.72273518758891],[3.136281712471126,45.722628894593207],[3.136300610716261,45.722472186855306],[3.136324689059484,45.72233078114543],[3.136341262251317,45.722274030367494],[3.136368007103141,45.722171342402838],[3.136448689817343,45.722045176476755],[3.136587206775935,45.721911736533912],[3.136730858810416,45.721775588729592],[3.136809046873773,45.72168094264709],[3.136857487585442,45.721514293601317],[3.136888219395929,45.721464729458127],[3.136948560021919,45.721431338122279],[3.137035924881704,45.721408719760966],[3.137064315132471,45.721451908662338],[3.137171421768661,45.72161386619775],[3.137251357013803,45.721705618665737],[3.137363390184321,45.721780222702463],[3.137467665249499,45.721836826331881],[3.137598893497386,45.721875387213039],[3.137879290711705,45.72192907389222],[3.138117418489825,45.722044945333813],[3.138275773876754,45.722134800000056],[3.138534637891086,45.722316380744971],[3.138673574961472,45.722352229441547],[3.138802188835352,45.722372782383331],[3.138928170492392,45.72236902524849],[3.139086269968549,45.722356223472786],[3.139419383765997,45.722410741764229],[3.139562139881656,45.722431276348928],[3.139742167743571,45.722447262118543],[3.140077739947205,45.722456751021575],[3.140356829469809,45.722499627316509],[3.14047266355805,45.722549910366979],[3.140557702365365,45.722623644385756],[3.140672274173145,45.722682933685611],[3.140786775167643,45.722714307830685],[3.140990103994956,45.722792396178932],[3.141067329020852,45.722826518116044],[3.14112402081412,45.722875073514054],[3.141185786273815,45.722896607889965],[3.141306711561952,45.722926172486567],[3.141445564448478,45.722927799333789],[3.141499544876719,45.722921428177315],[3.141725733057315,45.722888726482694],[3.142147542798216,45.722935921278577],[3.142336653590882,45.7229834085364],[3.142469203743356,45.723033668434098],[3.142600401169658,45.723057815734485],[3.142793381301545,45.723109799773347],[3.142900235706096,45.723166395125688],[3.142967105164181,45.723172613760717],[3.14333123706619,45.723286513379037],[3.144125129625068,45.723535836927518],[3.144300125539976,45.723592343823164],[3.144521442823266,45.723663198886101],[3.144594797813673,45.723691019957343],[3.144800702196401,45.723767297169502],[3.145217527608288,45.723871217647648],[3.145356435049127,45.723892650350074],[3.145442623635343,45.723911449442021],[3.145551994365801,45.723945526839294],[3.145676793110126,45.723979584196051],[3.145898087576216,45.724040531222215],[3.146465415687696,45.724173067844085],[3.146582482443641,45.724199930339559],[3.146747149879876,45.724238437110053],[3.147068814556418,45.724331668724417],[3.147361017949024,45.724465459905453],[3.147438292452234,45.724515786213402],[3.147492468259685,45.724582351478389],[3.148196294665731,45.724792142737918],[3.148252951282824,45.724824485825408],[3.148566881227542,45.724907817976799],[3.148682589833608,45.724906764949566],[3.150020565391554,45.724751909456614],[3.150049377942767,45.724946376584185],[3.150072984431206,45.725117437941108],[3.151036413400783,45.725281841215995],[3.151102177784984,45.725352891672479],[3.151180850931195,45.725442835037128],[3.15122102496224,45.725558944156269],[3.151221172696424,45.725612973259899],[3.15120072468144,45.725658025103542],[3.151293432704255,45.725708328080295],[3.152025697057413,45.725963081740581],[3.153218655916534,45.726363084635132],[3.154959909326287,45.726962231121021],[3.155197877231701,45.727000624802848],[3.154751548061324,45.727395652293339],[3.154797408319033,45.727702655933648],[3.154822311375553,45.727871913590072],[3.155388738292582,45.728119669199991],[3.155729883649207,45.728268679619951],[3.15580066111478,45.728290193563751],[3.159657604479155,45.729953403459142],[3.160356645029276,45.730246871270943],[3.160500803806627,45.730297994015778]]]]}},
{"type":"Feature","properties":{"nom":"Saint-Amant-Tallende","nom_m":"SAINT-AMANT-TALLENDE","insee_com":"63315"},"geometry":{"type":"MultiPolygon","coordinates":[[[[3.119518964412754,45.675298552169927],[3.119548485188455,45.6752877150278],[3.119579269080837,45.675266971207208],[3.119602314667366,45.675231827842765],[3.119615072355328,45.675191292492158],[3.119618904522835,45.675181383092827],[3.119627752182689,45.675114737842186],[3.119634026887282,45.675046294354921],[3.119637716968323,45.674970649736892],[3.119631049165155,45.674857195771608],[3.119635961474915,45.674752734352907],[3.119651186840384,45.67466537118527],[3.119675442663325,45.674596008111337],[3.119706115127225,45.67452393675994],[3.119717572488418,45.674476198905843],[3.11972903567286,45.67443116249796],[3.119624953671463,45.674414163880293],[3.119574832645561,45.674402510801578],[3.119534993518967,45.67439354824289],[3.119487433766468,45.674378290469335],[3.119447584956008,45.674364825467755],[3.11940901678468,45.674349558125563],[3.11936916218854,45.674333391649093],[3.119343442982534,45.674319911635735],[3.119310001240481,45.674299235921247],[3.119281697535343,45.674278554755873],[3.119218656042225,45.67423179630751],[3.11909002568594,45.674148187327958],[3.1189703988163,45.674069971599629],[3.118904798500779,45.674027718101705],[3.118859773426662,45.673996248668708],[3.11880830466573,45.673954880686168],[3.118617796051782,45.673766880231447],[3.118492942121934,45.67364634673801],[3.118456909005376,45.673614867685522],[3.118433753550225,45.673598683316392],[3.11857936143688,45.67321402328988],[3.118883841191298,45.672642795252045],[3.118577824103046,45.672496338891577],[3.119003218100949,45.672008728235419],[3.118887524744662,45.671965627168078],[3.118980600539629,45.671644956484748],[3.119006159677759,45.67158459703677],[3.119035488817079,45.671485512776243],[3.119062285777274,45.671403540386137],[3.119099226395628,45.671260324336416],[3.119142352533732,45.671007242658376],[3.119174354653245,45.670956781685433],[3.119576804664335,45.670558341114123],[3.119536052494044,45.670125251485295],[3.119545829945015,45.669894717165434],[3.119677484766023,45.669599218551454],[3.119716870638609,45.669400169703636],[3.11961550917359,45.668854584043515],[3.119565419266368,45.668260317761266],[3.119648138051461,45.667906339697616],[3.120457021184359,45.667785713087206],[3.120262467809503,45.667502268547388],[3.120061680249523,45.667304376302397],[3.119731150814682,45.667094915418957],[3.119416047512183,45.666890840119549],[3.119531502424995,45.666233364394003],[3.119567148232614,45.666087448168149],[3.119592079773418,45.665738033961141],[3.120072257444473,45.665667285290688],[3.120265754926818,45.665468071893315],[3.121046902429629,45.66501429163111],[3.1210582011193,45.664895415623569],[3.120768767151739,45.664091594372387],[3.121241187955923,45.66400464032133],[3.121469536146996,45.663890032817463],[3.121345593744295,45.663592106323499],[3.12108099417392,45.662985465121267],[3.121210603940424,45.662940301508804],[3.121462135191396,45.662858086481741],[3.121766267883676,45.66275240145314],[3.121985663840364,45.662657613227609],[3.122303833449867,45.66251229025999],[3.122471894278932,45.662433765533819],[3.122552708963783,45.662392255367195],[3.122605296473805,45.662362482165399],[3.122656583742649,45.662325506486106],[3.12278734709668,45.662222708848965],[3.122891195291922,45.662144253493501],[3.122993776976286,45.662073903778413],[3.123098886795418,45.661985541533959],[3.123182166616476,45.66189810355651],[3.123256466702017,45.661815177764829],[3.123315380089798,45.661743074578048],[3.123329464301165,45.661724148998402],[3.123397387035519,45.661661040737904],[3.123415301748264,45.661632205630504],[3.123417838051844,45.661617795113173],[3.123426767295228,45.661590770818627],[3.123421512032096,45.661537648046199],[3.123420145527666,45.661500729716458],[3.12342138155973,45.661479116755537],[3.123429048654981,45.661461999163919],[3.123440562338207,45.661442175904554],[3.123454644422441,45.661422349828328],[3.123493110308284,45.661395293144146],[3.123741968160752,45.661270753227271],[3.123798418647656,45.661246378125774],[3.12387412201128,45.661217479401088],[3.124013968697894,45.661158794046692],[3.12409997164962,45.661141590113573],[3.124164155303059,45.661129813076336],[3.124157714121671,45.661120815342414],[3.124142204820524,45.661076708745782],[3.124125372993252,45.661015494417093],[3.124104726970772,45.660971393477638],[3.124046742544526,45.660884110460451],[3.123955244371171,45.660741034329575],[3.123875332544753,45.660610552151098],[3.123835395905446,45.660553865613643],[3.123808361585185,45.660524179383394],[3.12376593319941,45.660501713935304],[3.123716776093314,45.660341481885709],[3.123553020190283,45.660043601638087],[3.123336502927766,45.659695351888672],[3.123110873158589,45.659290381243132],[3.123043286668856,45.658925759333698],[3.122956500982635,45.658589073345944],[3.122778347366396,45.658164239595216],[3.122507698061397,45.65772059610098],[3.122611580082419,45.65766105113628],[3.12268212075057,45.65762225352217],[3.123042541287281,45.657434559739464],[3.123499187129438,45.657210739976193],[3.123676210863497,45.657128601704137],[3.123859594161096,45.65701944166053],[3.124018609088464,45.656923815409186],[3.124077611114855,45.656894034461729],[3.124116041256298,45.656852569878417],[3.122751680248983,45.655982397754237],[3.122353080688979,45.655740601618199],[3.121482587891448,45.655205756703801],[3.120748389875668,45.65474820056383],[3.120164911427219,45.654509296286662],[3.119649550443016,45.654297331121754],[3.119649620487159,45.654329748434805],[3.11963557969862,45.654368484122749],[3.11961640661257,45.654409026227434],[3.11960749222764,45.654443254050996],[3.119607595312236,45.654490979540327],[3.119632527132634,45.654738585880722],[3.119632661365949,45.6548007190665],[3.11962635782876,45.654854754745202],[3.119617478391262,45.654905191228195],[3.119594521010474,45.65497725425714],[3.119545997128144,45.65510247292832],[3.119456577328747,45.655317783279571],[3.119438693673878,45.655361025437969],[3.119323684796647,45.655619586015824],[3.119185080807986,45.655654851652329],[3.118566310865823,45.655126921364392],[3.118194560547882,45.654819347015952],[3.117690331945132,45.654405653011992],[3.117433431872418,45.654362698059181],[3.117064024000564,45.654550383184386],[3.116676703334699,45.654769602565139],[3.116409090790047,45.654517744327642],[3.114640033235193,45.654691551623138],[3.114426836484237,45.654670156895968],[3.114228233018546,45.654253434966343],[3.114038848837748,45.653947462758744],[3.11360483140591,45.653940697639932],[3.112912718296601,45.653931488518083],[3.112170515441576,45.653916021674121],[3.111543788679613,45.653857212424725],[3.110679375861969,45.653727495440087],[3.110069142890177,45.653566907219364],[3.108816362457612,45.653131390802237],[3.108188153016843,45.65296450639989],[3.107579996396192,45.653203717032326],[3.107368299880735,45.653289464959151],[3.107141051625667,45.653301387705625],[3.106290823431422,45.65319323513949],[3.104727784725115,45.652986688334096],[3.104292305405859,45.652880835597642],[3.103531696817166,45.652626700982047],[3.102913593579215,45.652358923836786],[3.101422920867336,45.651684014126204],[3.101335594729079,45.653078940219459],[3.101202988572608,45.654291109126518],[3.10110820320134,45.655825616881927],[3.100738816524943,45.658883987947441],[3.100648444939103,45.66003218467705],[3.100566771143317,45.661021888630806],[3.100409364048325,45.662741051618767],[3.100275559790139,45.663315679209767],[3.100266625491836,45.663346303598885],[3.100267919526202,45.663351705346869],[3.100270527165372,45.663373314625687],[3.100293700764202,45.663404810907501],[3.100320722250136,45.663433602306775],[3.100360594450303,45.663466884664913],[3.100405598812789,45.663497460983294],[3.100448015112612,45.663517233791843],[3.100481444931787,45.663538815569787],[3.100521318939231,45.663572998353217],[3.100548342260948,45.663602690180213],[3.100593400827679,45.663662982327338],[3.100669497821449,45.663842110523326],[3.100683690197115,45.663878117171613],[3.100699206161264,45.663935734236439],[3.100703093346644,45.663954640912067],[3.100701835288178,45.663969049771588],[3.100687752597221,45.663993375415608],[3.100676215500652,45.664005092014449],[3.100651865212407,45.664033028766198],[3.100478528562619,45.664054795156247],[3.10026273759311,45.664036077331296],[3.100145859633673,45.664030778427332],[3.100046987449263,45.664039871141853],[3.099936615351818,45.664081391377842],[3.099812192441539,45.664165246680049],[3.099565852499448,45.664298736287478],[3.099366108898064,45.664634793024462],[3.099162576135554,45.665007772572714],[3.098966791483254,45.665405958491164],[3.098955311669244,45.66545009226985],[3.098947702438736,45.665504127965313],[3.0989555337775,45.665574358797357],[3.098967181022975,45.665623875155347],[3.098986519622118,45.665665280400738],[3.099007124841155,45.665696779210826],[3.099012271720949,45.665702177587008],[3.099035432692444,45.665726470276944],[3.099062441767338,45.665748058126795],[3.099099730146972,45.665772338375987],[3.099322188110355,45.665924324120297],[3.099621778997701,45.666116762983897],[3.099752923431647,45.666196789936173],[3.099727318216031,45.666241836790952],[3.099722231229353,45.666269756285899],[3.099727422027731,45.666299467647129],[3.099773959330345,45.666466916372578],[3.099859163130266,45.666709971425156],[3.099914712624924,45.666889118394351],[3.099974084591686,45.667051152757075],[3.099199686607828,45.66708335445],[3.098186906921946,45.66812520105794],[3.097553538704222,45.668753388585806],[3.09781166585137,45.669461845412641],[3.097655861187226,45.669967152017783],[3.097136224631815,45.671011262140802],[3.097844338976266,45.671233969216743],[3.097830643062564,45.671478912736141],[3.097752955382925,45.671854481985861],[3.097455501032175,45.672160003811044],[3.097273396500125,45.672324049311086],[3.096910311021848,45.672562090066506],[3.096687088513312,45.673454661558907],[3.097028868993037,45.674248594604833],[3.096972374094772,45.674995144598135],[3.09693747038174,45.67560210097529],[3.096961955398648,45.675647104110723],[3.097007086142668,45.675745218030535],[3.097066470150382,45.675913557420394],[3.09714647045887,45.676117898372226],[3.097225189970406,45.676324041345012],[3.097296115679534,45.676480664364412],[3.097337424111047,45.676595890662064],[3.097358024541495,45.676622887386813],[3.097374764980178,45.676646285507658],[3.097394071382123,45.676667880438927],[3.097421075646577,45.676684065803819],[3.097450637948882,45.676693945559279],[3.097512323773457,45.676709200408425],[3.097606144279828,45.676736133678808],[3.097625423804478,45.676742420361116],[3.097652426584335,45.676757705187732],[3.097682020749094,45.67678559454076],[3.097697486347818,45.676814396625375],[3.097707828016341,45.676851307511285],[3.097701497386332,45.67690354109159],[3.097681028577444,45.676951284511468],[3.097651548703832,45.67698822992832],[3.098154679600275,45.677475855137331],[3.098250021254846,45.677635157748753],[3.098248550146943,45.67825379180006],[3.098504947491807,45.678682198462624],[3.09889870291734,45.679054654011779],[3.09917818222119,45.679455123889596],[3.099780102952991,45.680564889775276],[3.099913753620945,45.68059088536701],[3.100134789973154,45.680633011879365],[3.10032752841154,45.680655352503386],[3.10049072818595,45.68068222157504],[3.100761806154268,45.680690984276275],[3.100972485831934,45.680688994663512],[3.102164850787827,45.680800480167903],[3.103205679679131,45.680938206045113],[3.104657872617774,45.681216916982898],[3.106258989621316,45.681436937336763],[3.107189430324664,45.681611650379075],[3.107897622430026,45.681783867377987],[3.108770385577151,45.682020756058407],[3.109391254043937,45.682205654750796],[3.110086810707039,45.682476923613457],[3.110551171399751,45.682770026949079],[3.110885635466359,45.682990317035134],[3.111295869330113,45.683195223060245],[3.11187044052558,45.68334593542744],[3.112151938778883,45.683417694335702],[3.112518668022961,45.683073343392259],[3.11275588757205,45.682851586912093],[3.112939015649148,45.682565049261065],[3.113296813423108,45.6822558236615],[3.114105222058769,45.682419796473525],[3.114584744246789,45.681959161954026],[3.114807617575694,45.681640163382085],[3.114818408144413,45.681268252129996],[3.114979714779584,45.68099794214681],[3.115285876124621,45.680578903788508],[3.115036270494856,45.680394559572115],[3.11497790777607,45.680128075656299],[3.115128423789119,45.679612844637255],[3.115823222257778,45.679523884887786],[3.11664898358864,45.679403268345197],[3.116764263334883,45.679243763108197],[3.116796080472152,45.679102354017438],[3.116829083224686,45.678914118483142],[3.116918619840264,45.678731227185963],[3.117121953845976,45.678296982324483],[3.117447148390466,45.677781566496371],[3.11767556127191,45.677666966559549],[3.117804999297845,45.677523654204194],[3.118091888010273,45.677121737652399],[3.11845931246871,45.676538738306647],[3.118769483182295,45.676216038205226],[3.118922855089336,45.675855682556438],[3.118984402660003,45.675804289939371],[3.119034402836479,45.675759212884159],[3.119084354500826,45.675691623744427],[3.119118930388415,45.675642060534912],[3.119194388298755,45.675488898339324],[3.119254536220412,45.675384378469218],[3.119294302270692,45.675359122793843],[3.119359770484263,45.675339242778769],[3.119518964412754,45.675298552169927]]]]}},
{"type":"Feature","properties":{"nom":"La Sauvetat","nom_m":"LA SAUVETAT","insee_com":"63413"},"geometry":{"type":"MultiPolygon","coordinates":[[[[3.140471148757082,45.642482356704605],[3.140712610596983,45.64303224993855],[3.141207573975982,45.64381324901337],[3.142127127289344,45.644951202362392],[3.142704042960439,45.645634839406746],[3.143662530580772,45.646910504992611],[3.143972855609648,45.647261296893156],[3.143928186740402,45.647364009059366],[3.143910275624334,45.647388344994596],[3.143882088780004,45.647410893094204],[3.14388488814673,45.647500037325315],[3.143876113858033,45.647581992484888],[3.143839327947507,45.647754031729917],[3.143802506736021,45.647912563766013],[3.143770701671474,45.64802516475541],[3.143733800623412,45.64815308045327],[3.143680346548632,45.648334145762263],[3.143592495194087,45.648618810469216],[3.143524970857408,45.648820604764445],[3.143477886044352,45.648982751722727],[3.143448745504875,45.649133169521861],[3.143413273805935,45.649317813736019],[3.143384086286206,45.649450221920922],[3.1433446761372,45.649601553259942],[3.143281015481771,45.649808745402559],[3.143235252646236,45.649986198801535],[3.143190792086899,45.650170854392918],[3.143152776573018,45.65036540708919],[3.143122583193236,45.65060587447271],[3.143113881750887,45.650716644961115],[3.143290224058823,45.650886611989442],[3.143348766785894,45.651181895952455],[3.143501975902125,45.651838153053724],[3.143534014460956,45.652309965447266],[3.143467236605078,45.652801714440528],[3.143422424729666,45.652851298114079],[3.143290377225812,45.652930708772573],[3.143087769343617,45.653033621535464],[3.143016041553447,45.653102149400006],[3.14296231068646,45.653178758719548],[3.142935504466512,45.653240025619915],[3.142934385475259,45.653303961358127],[3.142964201459411,45.653413782473159],[3.143603353037806,45.653301309173898],[3.143612357495059,45.65330760107274],[3.143630571947883,45.653399427142567],[3.143688197286058,45.653834287095592],[3.143801876663153,45.654592349021158],[3.143829381903394,45.654800325572552],[3.143851379187471,45.654865132282531],[3.143904102542689,45.654894780867473],[3.143992746666897,45.654911776728227],[3.144330457316295,45.654913145315355],[3.144772258682382,45.654945896026085],[3.14514729209279,45.654979631576545],[3.145720091814875,45.655021214461776],[3.146619097585108,45.655083081260145],[3.146947868737261,45.65510246331003],[3.147206009756547,45.655119235310679],[3.14741794881071,45.655145072054587],[3.14762219571172,45.65517542090295],[3.147868787953999,45.65519490797621],[3.148236086827362,45.655216036630648],[3.148496828279487,45.655244508536825],[3.148693337918381,45.655262258876789],[3.149006726353287,45.655290660066861],[3.149335511715671,45.655314537547618],[3.149688696988855,45.655339282117708],[3.150029002908262,45.655349635003439],[3.150428402773799,45.655369813248804],[3.15078926139502,45.65538283782859],[3.151107694468616,45.655377008038066],[3.151508273045938,45.655358460073295],[3.152051369957544,45.655335215899946],[3.152763952671453,45.655308137355092],[3.153494486586409,45.655272024992762],[3.155071134556359,45.655205930313087],[3.156941812721667,45.655134001206392],[3.157120278873141,45.655127448927864],[3.157432248561211,45.655107202526459],[3.157796828421589,45.65507427477047],[3.158266669526162,45.655030392122413],[3.158735238738151,45.654991011725137],[3.159169130073531,45.654948976951971],[3.159478519527439,45.654925126590982],[3.15963258510753,45.654917704402706],[3.159743044813276,45.65492835355289],[3.159852191914347,45.654929099135948],[3.160015238018701,45.654918962222709],[3.160243716018454,45.654889821811686],[3.16078788215665,45.654795395742262],[3.16109591003556,45.654745428847562],[3.161332062180008,45.654706369924327],[3.161473304807718,45.654705266975732],[3.161601746371106,45.654717689481068],[3.162469374437446,45.654584069769243],[3.164116830648244,45.654590685391767],[3.165014207530298,45.655824837863278],[3.166957526329118,45.655141207217362],[3.167204804972433,45.65538577194684],[3.167737971509433,45.655053600819215],[3.168757964698823,45.655622083132656],[3.168493135166301,45.655942151595717],[3.168532194619012,45.656118588030893],[3.169870988426311,45.656790138433664],[3.17048550149918,45.657021534634637],[3.170480961159515,45.657215145625649],[3.17049519722686,45.657251143442075],[3.170515806708623,45.657271823372952],[3.17058908402909,45.657298726912209],[3.170679004865793,45.65730939646037],[3.171172244223116,45.657354572442884],[3.171471528023812,45.657382032103321],[3.172515870897554,45.657496599410365],[3.173099085788504,45.657568643603888],[3.173779982574241,45.657668449085534],[3.174576560345718,45.657802289573631],[3.174633135424884,45.657825614442153],[3.174657579143692,45.657839984281232],[3.174965163854831,45.658054722551533],[3.175740574350811,45.658394798657291],[3.176331963655657,45.658609990413474],[3.176677307640986,45.658581534077491],[3.177132951612703,45.658510580455342],[3.177556514172651,45.658446879455383],[3.177768069591363,45.658344790919756],[3.17799243947036,45.658234577370493],[3.178177064283993,45.658144236930504],[3.178388753751471,45.658084469788719],[3.178614585555474,45.658030082723762],[3.178812160394737,45.657973939111393],[3.179039255072388,45.657913245796664],[3.179262534790117,45.657864264395926],[3.179958516307822,45.657859552317497],[3.180410591169089,45.657878639581774],[3.181540974537671,45.657985781472142],[3.182191069692719,45.658084685298611],[3.182492832471345,45.6565236568632],[3.182539821319083,45.656365095422629],[3.182667178297293,45.656046117373478],[3.182779220074444,45.655755979551451],[3.182865790519053,45.655529817389166],[3.182904023990826,45.655442408297304],[3.18289097813561,45.65538029606099],[3.182827835770913,45.654923852998074],[3.18278081629191,45.65468349999982],[3.182771405922909,45.654555646492412],[3.182777475417261,45.654449379483296],[3.18281268239437,45.654223300750274],[3.18285208014483,45.654099870419998],[3.18287367675067,45.654029597566556],[3.182908015445866,45.653929588027694],[3.182928301115145,45.653851212935166],[3.18292676721987,45.653775574743456],[3.182908576712974,45.653710769423689],[3.182830625524888,45.653435347828349],[3.182777187237854,45.653195005283706],[3.182751287090515,45.653128411488801],[3.182724198077682,45.653090635114395],[3.182694538113675,45.653051962421046],[3.182654056653051,45.65284671768844],[3.182460772256774,45.651860100387751],[3.182368773295565,45.651216403279236],[3.182286553088765,45.650422309464993],[3.18216541294272,45.649115002766344],[3.182091829944901,45.648993556468653],[3.182073715997883,45.648951263019164],[3.182055439268232,45.648859443214185],[3.182033195438271,45.648732510948648],[3.181982528248317,45.648551595593446],[3.18192282084438,45.648354486117235],[3.181880958276556,45.648117726496153],[3.181863957162636,45.648023203155347],[3.181156437996068,45.647602917409138],[3.180475318685009,45.647006990601376],[3.180008659754797,45.646818636137326],[3.179503018313239,45.646485364036806],[3.178757260963791,45.645343836934707],[3.178692892234298,45.645289009627099],[3.17861816879277,45.645208084689642],[3.178472562427497,45.645042626646145],[3.178200560284843,45.644696371378771],[3.178058761626668,45.644516499048514],[3.178016178794655,45.644449030131689],[3.177964470526939,45.644338352419162],[3.177915289577632,45.644215063921777],[3.177872666665162,45.644134988248211],[3.177830113265483,45.644076524051982],[3.177788878441738,45.644028863558923],[3.177741262263426,45.64399291941114],[3.177684662449904,45.643957889906659],[3.177558763640711,45.643931074047572],[3.177459709277528,45.64386819639784],[3.177405657169552,45.643826859353929],[3.177377315628902,45.643796287577615],[3.177341181976908,45.643737813084172],[3.177285583997996,45.643614534429915],[3.177160347803403,45.643393212674837],[3.17705463989305,45.643256505509207],[3.176963140381766,45.643146790412693],[3.176778970761772,45.642962480689292],[3.176359255869101,45.642584936018736],[3.176186749968334,45.642433924949145],[3.176108168442003,45.642348501999749],[3.175990894136762,45.642206409049543],[3.175807728807597,45.641932047870235],[3.175611647904304,45.641632493022271],[3.175660418759755,45.641628814995748],[3.175698908230853,45.641621551062883],[3.175784830480072,45.641593501944683],[3.175998943778327,45.641507621488572],[3.176462920812841,45.641275470943945],[3.176906233476097,45.641005530668942],[3.17726992215223,45.640726709233796],[3.177997088851717,45.640106929839007],[3.178370896564037,45.639784865660467],[3.17841186188608,45.639749681898948],[3.178885243187649,45.639257266847771],[3.178927415851723,45.63919866842042],[3.178951707003914,45.639168013381429],[3.178963158357527,45.639136478268341],[3.179004146104305,45.639108498120905],[3.179066848743281,45.63904716554336],[3.179295742104036,45.638773054339651],[3.179427345443967,45.638582842718485],[3.179449092042222,45.638559395493289],[3.179529662816494,45.638466517266231],[3.179431581707574,45.63830548719222],[3.17785692690011,45.637634424996293],[3.176711438203449,45.637086034086934],[3.176014381169093,45.636670202702099],[3.177418098022566,45.635286658331012],[3.177675222998439,45.635012506000088],[3.178070176508171,45.634490502379045],[3.178109344960871,45.634296836631876],[3.177668917308527,45.634247105678945],[3.177791426832371,45.633624678739032],[3.177566087375517,45.633001000042569],[3.17752746850927,45.632965942142867],[3.177514523426675,45.632931744223804],[3.177529718161201,45.632866885515988],[3.177782657521181,45.632092071317963],[3.178058328218078,45.631203759852042],[3.178253907222371,45.630556903916421],[3.178323849755405,45.630355085073326],[3.178363278222153,45.630243362784981],[3.178392815663851,45.630248718864735],[3.178441129644866,45.630106366066492],[3.178645417397016,45.629376651325565],[3.178724201762154,45.629131595067754],[3.178972453598627,45.628505365414902],[3.17932795958327,45.627709673746971],[3.179626113875263,45.627041040527239],[3.179666931728036,45.626963533910377],[3.179735803196866,45.626830152589569],[3.17983549634529,45.62670302535458],[3.179974743196756,45.626504696701268],[3.180163704471332,45.62620273286592],[3.180267011267569,45.626003560905019],[3.180440287202707,45.625615175465775],[3.180647762318325,45.62508896113674],[3.180702394685591,45.624919582818343],[3.180729069066567,45.624834894680724],[3.180886802723565,45.624405111376731],[3.180982359405952,45.624192444011733],[3.18111996809982,45.62388876022613],[3.181244756755311,45.623589599336135],[3.181361779303303,45.623270640230103],[3.181451803786183,45.62293731683679],[3.181560566254275,45.622448179803655],[3.181592197200629,45.622310355056484],[3.181649113023326,45.622056327345724],[3.181761600745451,45.621530264390557],[3.181927146783265,45.620749279274428],[3.181935907848534,45.620681728988039],[3.181931966416039,45.620653820430242],[3.181921567310223,45.620613315569933],[3.181813815091359,45.620626096461422],[3.181372619235812,45.620701548418154],[3.18111092563528,45.620729884840181],[3.180878687964163,45.620740163677524],[3.18056174329665,45.620746976060808],[3.179767373133421,45.620738342596852],[3.179269447875653,45.620732833574543],[3.178847258292683,45.620734405856275],[3.178586756534497,45.620734819583916],[3.17818642866913,45.620750762393222],[3.177335762531935,45.620794428821377],[3.177057297698908,45.620795767796317],[3.17693537924194,45.620793258117644],[3.176845545201561,45.620791598370317],[3.17664401863524,45.620774805753086],[3.176374413457278,45.620737408426464],[3.176064981827202,45.620685665071711],[3.175926335547867,45.620668772768433],[3.175863430160306,45.62066076676377],[3.17529731667643,45.620599516863905],[3.175248527282133,45.62059148852493],[3.174467160669249,45.621858779648754],[3.174026819674939,45.622621268882838],[3.173582495288447,45.623345041864013],[3.173033819924056,45.624355326799012],[3.172787535854062,45.624805045591017],[3.172586946817996,45.625093507552819],[3.170885256952857,45.625527435147397],[3.170769922852279,45.625582539606008],[3.170748177674633,45.625605985126484],[3.170721276786534,45.625622234610105],[3.17071103199594,45.625629454005093],[3.170682808874143,45.625633098740657],[3.170594253320123,45.625632332533129],[3.170535176557697,45.625618914844523],[3.170496653189538,45.625611769360425],[3.170420917554321,45.625606481184782],[3.170364460216528,45.625610168593099],[3.170308052695455,45.625630064569087],[3.170269604068326,45.625647231901318],[3.170214546245797,45.625688737350238],[3.169792699474104,45.625814541565965],[3.169120635508122,45.62595512820517],[3.168058697870266,45.626188142851589],[3.167303367783692,45.626382871846786],[3.166440191984104,45.62656604905456],[3.1655446106792,45.626643910947841],[3.164651489286191,45.626686643325904],[3.163970119399172,45.626726358849133],[3.163354130256021,45.62674166235864],[3.163098884840819,45.626793360016443],[3.16284568991928,45.627106193814704],[3.162583209623477,45.627317286030035],[3.161528087450227,45.628145447575477],[3.161078657865327,45.628508985868137],[3.160547666179399,45.629074346670855],[3.160043499397264,45.629599145157457],[3.159631629694749,45.63008779125105],[3.157764522761584,45.632467696243211],[3.157600860815048,45.632689444106944],[3.157517894317408,45.632852547498103],[3.157226442972982,45.633274380608292],[3.157014157042164,45.633551124948262],[3.156705963412076,45.633955870921035],[3.156046029802066,45.634804141474063],[3.155406646522547,45.635664086092532],[3.155200762929864,45.635941718689622],[3.154855380633822,45.636369022973504],[3.154383199464909,45.636899155171569],[3.153976086854605,45.636827674227568],[3.153821347323377,45.637036797686768],[3.153351690444778,45.637557016813027],[3.153164551364405,45.637656324666779],[3.153073556345808,45.637708676422939],[3.152990265573629,45.637761918116901],[3.152930115263578,45.637827735065407],[3.152869235336593,45.638094360538553],[3.15274297212314,45.638391691125818],[3.152674329051411,45.638636715461033],[3.1526337154444,45.638805160749847],[3.152562171661103,45.638929524311834],[3.151124684497182,45.638547857898828],[3.150990397065012,45.638730836028664],[3.150827953561268,45.638945368613982],[3.150738406987912,45.639059849827056],[3.15065392377053,45.639148210203373],[3.15058863931931,45.639215833739108],[3.150547688538288,45.639262713600104],[3.150514491220259,45.639328493209909],[3.15045323846413,45.639462746975852],[3.150360056740646,45.639657375686213],[3.150282217728444,45.639829471778526],[3.150258000803296,45.639893438360637],[3.150227152813575,45.639879071813986],[3.150120529692108,45.639851299102176],[3.149844253238634,45.639748111727904],[3.149552541819906,45.639633237913905],[3.149348227345679,45.639556968169593],[3.149095111202072,45.639472658362976],[3.14182032068083,45.641953882843602],[3.140471148757082,45.642482356704605]]]]}},
{"type":"Feature","properties":{"nom":"Chanonat","nom_m":"CHANONAT","insee_com":"63084"},"geometry":{"type":"MultiPolygon","coordinates":[[[[3.099780102952991,45.680564889775276],[3.099637527952198,45.68057672227139],[3.099428181831858,45.680605722748162],[3.099244510750172,45.680624794888573],[3.099146891813094,45.680632985209876],[3.099049268012783,45.680638473997135],[3.098880989987693,45.680644925224932],[3.098642086591148,45.68066854727369],[3.098376214895478,45.680697595277529],[3.098198982386946,45.680725664935558],[3.098109083806096,45.680741051503652],[3.098008895188717,45.680749243076519],[3.097876585419069,45.680754761019784],[3.097739132237076,45.680757581816657],[3.097554132562816,45.680752339269702],[3.097392266195167,45.680752479328682],[3.097271513493338,45.680755285115218],[3.097164906198748,45.680766182933247],[3.09705058935749,45.680776186808032],[3.096937574477466,45.680796094776589],[3.096676838323439,45.680824233864683],[3.09646234481407,45.680849631307368],[3.096328767233293,45.680865053848123],[3.096197762021617,45.680882275002901],[3.096074470923569,45.680903091364726],[3.09595503370595,45.680923904308912],[3.0958086450746,45.680960048289144],[3.095623710246962,45.680992622867528],[3.095400230742848,45.681022528337429],[3.095278209741992,45.681035238390891],[3.09517158912878,45.681038930456857],[3.095093221749643,45.681037195668338],[3.094972448223454,45.681028292708319],[3.094852964025639,45.681022089986868],[3.094674391661148,45.681019538751642],[3.094571631172508,45.681026828943679],[3.09441364562385,45.68104317018566],[3.094098948191506,45.68106954754905],[3.093889563700349,45.681078727102246],[3.093662186258633,45.681083418805017],[3.0932755198469,45.681093644961031],[3.092702630094927,45.6811355401491],[3.092399478259158,45.681152898417075],[3.092213218610935,45.68116295636846],[3.092032079581768,45.681162204014385],[3.091840652791723,45.681155156365158],[3.091618383704228,45.681141830087284],[3.091471909814662,45.681128441851065],[3.091378101201461,45.681111408778605],[3.091317698308995,45.681097050006962],[3.091222590293767,45.681071013013451],[3.091160907274194,45.681059356647978],[3.091113359995223,45.681050390269945],[3.090810138688992,45.681025421545748],[3.090467072602968,45.680987877228361],[3.090072573751257,45.680921557499609],[3.089859250385903,45.680878504611492],[3.089712767401853,45.680858810705111],[3.089541881887487,45.680842737945632],[3.089200138729572,45.680827700831863],[3.089054976990984,45.680830517135661],[3.089021581736369,45.680834145468985],[3.08893937968363,45.680844115728028],[3.088800675842279,45.680868538232168],[3.088701783261943,45.680884824864663],[3.08862986842739,45.680901090188264],[3.088538709613116,45.680933579312793],[3.088414174015216,45.680981402800185],[3.088272943362587,45.681032841171238],[3.088183055870898,45.681057224651603],[3.088131678035328,45.681062667765318],[3.088113689912955,45.681060880867882],[3.08809570035849,45.681058193484255],[3.087989190880936,45.681132116452815],[3.087912199795186,45.681188006599427],[3.087818495046278,45.681235805363912],[3.087677284587675,45.681300750239544],[3.087496287520193,45.681390038928335],[3.087374319334182,45.681437859272201],[3.087274169044672,45.681472155316065],[3.087202257283653,45.681491121179171],[3.087143183681685,45.681504674159058],[3.08704428806088,45.681520058853899],[3.08693383599377,45.681539054318584],[3.086671829144802,45.681581578976413],[3.08644451372097,45.681627678347091],[3.086210767528921,45.681669279758161],[3.086046361300552,45.68169011659878],[3.085939747199876,45.681699202827659],[3.085813848960978,45.681699298802435],[3.085716230326413,45.681710178935937],[3.085685407856861,45.68171650577569],[3.085648173145567,45.681730041358158],[3.085617363193713,45.681744472530042],[3.085550603139413,45.681772438267735],[3.085464593700689,45.681813925838441],[3.085369598320844,45.681859922575917],[3.085291277267086,45.681888797404973],[3.085198826026875,45.681918583351596],[3.085052454033441,45.681971822541932],[3.084908631785435,45.682012452837512],[3.084793037888692,45.682030549593513],[3.08468129383529,45.682045941883544],[3.084577241313326,45.682050522474512],[3.084411523932898,45.682055149192244],[3.084311324052496,45.682058826166191],[3.084238106642044,45.682065184331059],[3.084143068742529,45.682084165531414],[3.084019786838438,45.682115774503082],[3.083865700974949,45.682166316450498],[3.083753991818296,45.68220512039106],[3.083673102779154,45.682235796973018],[3.083606343870342,45.68226556252651],[3.083484392126364,45.682327786397565],[3.083317520621777,45.68241975935625],[3.083144223735798,45.682510836325925],[3.08295678651537,45.682596520535888],[3.082800161278154,45.682668674524052],[3.082701300045236,45.682709268946041],[3.082607558652619,45.682737252743991],[3.08247527211838,45.682762563236317],[3.082348112210026,45.682779765465369],[3.082129751781909,45.682806038921953],[3.081899839485944,45.682839524230069],[3.08183304827291,45.682848577612688],[3.081747002455121,45.682868450743413],[3.081564654234492,45.682922611986257],[3.081223062945923,45.683018310146942],[3.081018875003308,45.683073386734904],[3.080902012654735,45.683104987677154],[3.080828822400383,45.683131154265162],[3.080694022458454,45.683196085787273],[3.08059642771486,45.683225871640538],[3.080429474114332,45.683266512763197],[3.080310035062035,45.683293612508265],[3.08014434880956,45.683322546006082],[3.080026185096899,45.6833433411512],[3.079940131358044,45.683358710484605],[3.079832253004738,45.683384901034444],[3.079705099922734,45.683408403666135],[3.079607462825801,45.683409373187857],[3.079527820803103,45.683416633314572],[3.079462315807433,45.683427485352261],[3.079335156016603,45.683446485148451],[3.079251662333393,45.683455548761316],[3.079109072927984,45.683465554310565],[3.078949782146701,45.683475571385024],[3.078795632741728,45.683487385607265],[3.078653044451544,45.683498291062961],[3.078468071899783,45.683517330228703],[3.078270268588918,45.683548084304519],[3.078082736463532,45.683574328491808],[3.077923461665049,45.683596050402379],[3.077746213302801,45.683626789338199],[3.077539398487157,45.683644941565987],[3.07739809300575,45.683654944065509],[3.077252940849678,45.683670351932733],[3.077056419785553,45.683700202512966],[3.076829067652738,45.683731874749682],[3.07661456623907,45.683766239242296],[3.076398778591177,45.683799703714179],[3.076240789689454,45.683823223342195],[3.07611619238154,45.683838615831945],[3.076042976624441,45.683848570605981],[3.076028845875868,45.683849480627842],[3.075923518109729,45.683863959413763],[3.075786089384696,45.683891066483817],[3.075612700454987,45.683927202372764],[3.075457274173456,45.683946216759196],[3.075281295800749,45.683967946120234],[3.075165689780953,45.68398243106531],[3.075087339632115,45.683995990581778],[3.074965320831565,45.684018583955812],[3.074820173131279,45.684038491107415],[3.074660887213478,45.684053905020136],[3.074540129799625,45.684059387891956],[3.07440524032077,45.684064879968865],[3.074292194870697,45.684073058934679],[3.074176588372487,45.684087542864894],[3.073995468915538,45.68410837311739],[3.07382334244982,45.684129197185932],[3.073670476061812,45.684141904037688],[3.073534294384126,45.684141993009632],[3.073408378624847,45.684133070283032],[3.073254190450352,45.684117862411739],[3.073076874808373,45.684100868364922],[3.072914977239272,45.684084764545588],[3.072819890521732,45.684072219265722],[3.07271323180465,45.684052477499399],[3.072585998583288,45.684018341138732],[3.07245617837748,45.683970699031249],[3.07244460992441,45.683966204048652],[3.072317358241276,45.683917659645317],[3.072226103800889,45.683888002199666],[3.072170839406599,45.68387182889672],[3.072111730252169,45.683862861903556],[3.072007661559646,45.683858426047962],[3.071737886553841,45.683872105426758],[3.071288242689957,45.683880495216236],[3.070660031986674,45.68389709971288],[3.070360688265857,45.683895486099907],[3.070169255930651,45.683889302107175],[3.07007161439881,45.683887561913082],[3.070038206939838,45.683883980749592],[3.070007395136395,45.68390110910552],[3.06996373603719,45.683918245432402],[3.069862281197869,45.683948924865128],[3.069494978908348,45.684052707755313],[3.069221448376978,45.684146526540346],[3.06903140111738,45.684221383363607],[3.068882450340862,45.684284508448052],[3.068743754756261,45.684329617389082],[3.068547261336639,45.684387368124298],[3.068448366535066,45.684411741334827],[3.068379000633997,45.684419887818997],[3.068341748752911,45.684424412845722],[3.06829806650063,45.684423538851895],[3.068249244181686,45.684421767470717],[3.068192707882251,45.684415498315659],[3.068164464691034,45.684432624612853],[3.068134937850879,45.684450652163818],[3.068055339331378,45.684495724500039],[3.067989855146428,45.684526380511329],[3.067919225288432,45.684551636680119],[3.06784602256837,45.684574192900698],[3.067772807659109,45.684586843751816],[3.067659763465695,45.684597717514059],[3.067514587452833,45.684597804610029],[3.067134290274034,45.684587226062561],[3.066685896436676,45.684572184138418],[3.066499601142691,45.684565990867632],[3.066365987896065,45.684566069657642],[3.066083358466039,45.684577942096375],[3.065617028769469,45.684605229206916],[3.065178952383216,45.684623493199823],[3.064816677744628,45.684643512871659],[3.064734454091661,45.684643560148288],[3.064621393414372,45.684640923604135],[3.064446651382387,45.684626615950862],[3.064199947071719,45.684597941307487],[3.06387099972849,45.684552203577333],[3.063685975052555,45.684533398151643],[3.063660277104527,45.684530711222621],[3.063584470086279,45.684524450642932],[3.063412303331794,45.684514642354387],[3.063137353218926,45.684501289515445],[3.062699241132638,45.684488026931056],[3.062267547894247,45.684470256673357],[3.061659841515092,45.684448979297237],[3.061442712439893,45.684441894052171],[3.061157494202086,45.684436646341069],[3.061107389349004,45.684436673529966],[3.060939092397867,45.684440366629104],[3.060701432303451,45.684455803169165],[3.060497181238762,45.68447662417848],[3.060286503371539,45.684494746803608],[3.06009509062383,45.68450745585335],[3.059934503789623,45.684512944307322],[3.05971609771575,45.684513060288936],[3.059199617136571,45.684499825608626],[3.058845017043942,45.684489205574195],[3.05870883735591,45.684491978076501],[3.058563667324358,45.684497456541209],[3.058406948845977,45.684516448072415],[3.058171872346454,45.684546285686352],[3.057804484923523,45.684593299979163],[3.057607943537519,45.684616813246649],[3.05749746958184,45.684630376949436],[3.057650582093313,45.684849116408017],[3.057923262804267,45.685148837848125],[3.058005585366362,45.685242445872362],[3.058053192274867,45.685309957682911],[3.058063537431326,45.685373886746518],[3.058057180691375,45.685437824417797],[3.058004607331077,45.685535103818388],[3.057926392155964,45.685683723996249],[3.057868747040415,45.685845840824207],[3.057805934265461,45.685980945741761],[3.057754662580094,45.686095333566499],[3.056825742847863,45.686071492859348],[3.054994731295341,45.685867991565893],[3.054457677520237,45.68584934227335],[3.053834581153878,45.685868551915419],[3.053210272305906,45.685963399376412],[3.051820362886757,45.686196372250052],[3.050426690788658,45.686542790700322],[3.050223347483723,45.687576637727467],[3.050151955314333,45.688191700474917],[3.050145100629628,45.689134510900345],[3.050189634013857,45.690070094634166],[3.050175737207924,45.690331241387192],[3.049946023024761,45.690640209711503],[3.050050628819038,45.69122637886349],[3.050165439385412,45.691727897829942],[3.050351427397801,45.692784083584662],[3.050502118844526,45.693172125130282],[3.050669486269549,45.693526841046214],[3.051260070380876,45.694381134142176],[3.051460772870656,45.694646685732287],[3.049524653431016,45.695028458491798],[3.046409315589643,45.695927568247463],[3.046011057082295,45.69604029220433],[3.045617898397053,45.696106187466206],[3.045181031440356,45.696151387733742],[3.044886779764385,45.696171316004943],[3.044614337520112,45.696147111106946],[3.04449609759853,45.696123745248755],[3.044295603388512,45.696083302415261],[3.043890823677362,45.696081659839464],[3.043110804831415,45.696059448841744],[3.042934733325034,45.696027098606287],[3.042609514376318,45.695882243965045],[3.041817795661657,45.695677229984177],[3.041692193268859,45.696112210792549],[3.041445744297564,45.696476998152825],[3.041151679068729,45.696751753874395],[3.041042477242302,45.696786012134837],[3.040892117797579,45.696770758553882],[3.040744332466285,45.696760906752012],[3.040501468449066,45.696769098672029],[3.040072474408407,45.697052004362988],[3.039783476660537,45.697239407664959],[3.039637062394399,45.697351119414513],[3.039378786676968,45.697375523066142],[3.039189942490125,45.697455732076293],[3.039038386273562,45.697567444837247],[3.038761132600871,45.698018683596736],[3.038705941358758,45.698113253507898],[3.038481351870077,45.698538359423075],[3.039583948781759,45.698550584293613],[3.040547774670192,45.698584460039605],[3.041579679961473,45.698577780608723],[3.042425906047103,45.699426622753499],[3.042667722037191,45.699711084796093],[3.042913383944653,45.699980236611992],[3.043799692415784,45.701083890627217],[3.043964398980432,45.701348569191381],[3.043999599552331,45.701979795722963],[3.044004047278977,45.702724495453566],[3.043915776899181,45.703236005644058],[3.043662938230119,45.703668336936282],[3.044094810444413,45.703730302286878],[3.04431232528105,45.704127331098235],[3.044806315778034,45.704713351896167],[3.044832117774691,45.704834006706456],[3.044825706298284,45.704852018969042],[3.044829582370953,45.704877231024462],[3.0448514996417,45.704961867952107],[3.044897913594784,45.705141946596129],[3.044904368203148,45.705177062964211],[3.044901821146714,45.705205879519362],[3.044890278257499,45.705235600143695],[3.044874874572033,45.705259018904805],[3.044850475764988,45.705284242215214],[3.0447541422308,45.705356319362728],[3.044931660625507,45.705549853143829],[3.044701752830994,45.705733643644614],[3.044256138045544,45.706185863323746],[3.044198538701425,45.706482145723292],[3.044774416842237,45.706587275238221],[3.045265693465586,45.706965283002255],[3.04561295061528,45.707251497467567],[3.046104081274207,45.707440399642458],[3.046434500289319,45.707563630546083],[3.046807305300148,45.707651723941041],[3.047102955527798,45.707693923599606],[3.047734022605011,45.707687354688552],[3.048381713905228,45.70758442312696],[3.048846821374797,45.707399622916007],[3.049180741050459,45.70711672515889],[3.049679088121129,45.706741904509052],[3.050208705102079,45.706841623731329],[3.050309767734886,45.7077348605795],[3.051531048047134,45.708017061356848],[3.052171251167457,45.708154541162727],[3.052299872180356,45.708251734025275],[3.052563678089244,45.708589293508965],[3.052676977486338,45.708791849940958],[3.052799311840685,45.709033122924971],[3.052920436027156,45.709351838140407],[3.053095604933702,45.709732661318576],[3.053204831779715,45.709705595231078],[3.053269074705766,45.709681251765232],[3.053323030630425,45.709652410700194],[3.053367984881364,45.709619071442205],[3.053405213225325,45.709571328051943],[3.05370351582993,45.709681946085588],[3.054386359560564,45.71002290284612],[3.054889186984921,45.710286501494267],[3.055169548312422,45.710443949666129],[3.055431918174865,45.710603206964926],[3.055695551327325,45.710739050393713],[3.056129995306866,45.710734332447508],[3.056421772653041,45.71073688822284],[3.056467921187564,45.710615299493966],[3.056495820869609,45.710245185748505],[3.056439868672745,45.709576152673655],[3.056416337965869,45.709188955483249],[3.056489245055691,45.708840430900175],[3.056552006916158,45.708626984258231],[3.056714974353015,45.708367562422239],[3.056926777559727,45.708104513754783],[3.05705516441986,45.707966674491374],[3.057272182037463,45.707777462383206],[3.057789931472701,45.707567384882616],[3.05792740425526,45.70751778758536],[3.058076428193467,45.707452875908864],[3.058203609722548,45.707395179204596],[3.058366707340671,45.707269927322486],[3.058488677574066,45.707146497527731],[3.058495060112703,45.707105071865847],[3.058455178799327,45.707069073123719],[3.058384442634499,45.707024985983125],[3.058230176783316,45.706992648302439],[3.057775207549481,45.707006389739966],[3.057493755322734,45.707026344358312],[3.05703366499307,45.707059896102948],[3.056680317611419,45.70715822731762],[3.056569756059328,45.707130367805348],[3.056411616812504,45.707080019862985],[3.056346045332355,45.707057540518633],[3.056248291017909,45.70698464999613],[3.056173675330986,45.706915349802209],[3.056120913823213,45.706850541108146],[3.056019212301702,45.706686703286742],[3.055921355308061,45.706511157152818],[3.055887845956229,45.706419324223688],[3.055874917967232,45.706344590313321],[3.055876154103966,45.706295963468058],[3.055888954726879,45.706244629431346],[3.055917178267516,45.706193287742266],[3.055955694636463,45.706152746765746],[3.056004494717999,45.706114001637886],[3.056064861912596,45.706075250735331],[3.056517454890621,45.706258723777125],[3.057156495048363,45.706522243840091],[3.05753191995096,45.706648120833691],[3.057711918682027,45.706708361355048],[3.057915042088055,45.706758684364445],[3.058173396983315,45.706775660537154],[3.058393191415225,45.706789954645636],[3.058643828365395,45.70680063033781],[3.058894414605691,45.706763579749648],[3.059121857214984,45.706718436374857],[3.059364694506139,45.706647170343871],[3.059552273005558,45.706583136888781],[3.059676865920258,45.706511932603952],[3.059793730464098,45.706425424023074],[3.060546529497629,45.70609814576062],[3.060940928444253,45.705943049628445],[3.061542184008956,45.705730208257684],[3.061780945969732,45.705468936745284],[3.061883528532492,45.705258166792241],[3.061817892593478,45.705178059580646],[3.061750990721451,45.70511506225445],[3.061671232801242,45.705048469981683],[3.061615928292271,45.705012480801685],[3.061532328054021,45.704957596846633],[3.061363849852744,45.704854132847288],[3.060971610507243,45.704628323818589],[3.060593483001099,45.704376391758053],[3.060421154690921,45.704274729396914],[3.060022476808984,45.704030010330726],[3.059883595845532,45.703956244387911],[3.059784588296441,45.703912173156148],[3.05974344172962,45.703893284777472],[3.059283104789712,45.703671107916726],[3.059016918456972,45.70352807041079],[3.05882789025045,45.703428215337766],[3.05866715861578,45.703349056390969],[3.058546293661642,45.703294189623236],[3.058376569438244,45.703217736391345],[3.05827885338026,45.703177265113752],[3.058215848535849,45.70314758165317],[3.058155414106352,45.703117896831074],[3.058071827725057,45.70307021419724],[3.057954782697287,45.702980225890194],[3.057913616711379,45.70294152617236],[3.059015408507689,45.702112507851744],[3.059356154950974,45.702281620178248],[3.059970909600725,45.702697319045264],[3.059820810253502,45.702942330904165],[3.060201351736754,45.70306279333456],[3.060673147249736,45.703187707817513],[3.060943130264696,45.703274909246787],[3.061094850787873,45.703337861092628],[3.061251758235561,45.703442232255469],[3.061538463806463,45.703541129484641],[3.061904879122143,45.703664295341824],[3.06208739477664,45.703681304164782],[3.06220305449208,45.703674936985784],[3.062286544983952,45.703633468531145],[3.062441859342309,45.703462290306064],[3.062612446087132,45.703159632479625],[3.06264447553183,45.703071367086913],[3.062608386763502,45.702979537607106],[3.062585146741655,45.702884999524684],[3.06257995208671,45.702837276671289],[3.062595302777039,45.702774234152386],[3.062618362378994,45.702709386377265],[3.0626440126435,45.702662546869881],[3.062687636766618,45.70259948861905],[3.062746673520246,45.702528317400592],[3.062812133868626,45.702455341600171],[3.062828816383534,45.702433720646177],[3.062891708246823,45.702362547203016],[3.062957145665262,45.702269760648761],[3.063003326096324,45.702194994536335],[3.063058464482205,45.702086905426633],[3.063140461260129,45.701865340063527],[3.063536120312014,45.701721039995157],[3.065932440621478,45.701327051760558],[3.066079017719697,45.701387298440174],[3.066284723202535,45.701457415507377],[3.066508395140604,45.70150590994394],[3.066689619953458,45.701522912069287],[3.066861866330602,45.701554326999961],[3.067010966242101,45.701574049121071],[3.067166439479161,45.701550543938417],[3.06806185659545,45.701287064906218],[3.068196775371725,45.701270774598733],[3.068501381429166,45.701294902961422],[3.068699290511701,45.701293881999902],[3.068780241460483,45.70128392727991],[3.068850906852403,45.701270376844043],[3.068928028150224,45.701281135526052],[3.068996171527191,45.701306307421852],[3.06910799933199,45.701323348125278],[3.069245505056399,45.701320562259447],[3.069447248137056,45.701302428402208],[3.069602753559775,45.701305934405646],[3.069742829478692,45.701303146345445],[3.069844338940939,45.70129047667902],[3.069977915124734,45.701229160791179],[3.070150051708727,45.701173223661527],[3.070292632311143,45.701119105679872],[3.070426224777366,45.701071296534472],[3.070538016959058,45.70106042078757],[3.070610015026303,45.701084688808905],[3.070702633871456,45.701154868614012],[3.070770836642487,45.701225964165147],[3.070872365336567,45.701228601815657],[3.07104456114021,45.701219488533077],[3.071382537388405,45.701209369612791],[3.071644697903551,45.701204700818565],[3.071914567977563,45.701199126009179],[3.072208868371121,45.701203440243752],[3.072419635419421,45.701207807422321],[3.072551997812101,45.701203219855593],[3.072720308285313,45.701171594373122],[3.072766511319305,45.701124739296546],[3.07284225320639,45.701063457341675],[3.072946260537289,45.70099675412937],[3.073054121796352,45.7009291478373],[3.073176114359491,45.70085793032441],[3.073300693548822,45.700799317795529],[3.073386759535952,45.700771346726654],[3.073458703481375,45.700754190625695],[3.07351138257403,45.700746051903479],[3.07357692121511,45.700744208160401],[3.073638598504657,45.700737864474519],[3.073702836419949,45.700724315195387],[3.073800477750717,45.700703540124039],[3.073953375423112,45.700680027262699],[3.074126844477132,45.700663704548802],[3.074241215006332,45.700660027316296],[3.074342748876913,45.700667164264118],[3.074541974691053,45.700691345768426],[3.074705205227469,45.700706545932491],[3.074853004694449,45.700714552226209],[3.075061193745468,45.70071441374732],[3.075197423553434,45.700719725838304],[3.075331088055952,45.700728641421954],[3.075428771749191,45.700739381907631],[3.075482763911097,45.700751952554008],[3.075563754659568,45.700772609444677],[3.075647330481339,45.700804070369422],[3.075759200007694,45.7008508204704],[3.075851774378105,45.700884076165266],[3.075922475832201,45.700898436324316],[3.076015021925897,45.700910980734712],[3.076125551103002,45.700917209523077],[3.076260485219722,45.700914416833918],[3.076326022726368,45.700911671007212],[3.076338808099564,45.70086393660808],[3.076226002656479,45.700138221564877],[3.076189732063965,45.699929333438469],[3.076304079826839,45.699910345872027],[3.076451842559598,45.69989313649581],[3.076600900271852,45.699883129930114],[3.07677308469684,45.699869505471426],[3.076906723618094,45.699861309975859],[3.07721254295327,45.699836787737496],[3.077538914729507,45.699805947130102],[3.077723942055046,45.699786909467093],[3.077888435611756,45.699787696377541],[3.078059364816544,45.699795682474814],[3.078190454809962,45.699802795477233],[3.078343383828056,45.69980449023285],[3.07844104860184,45.699802621320814],[3.078469318167707,45.699800800668008],[3.078496301357926,45.699798080418589],[3.078592727065868,45.699828629719576],[3.078826666028512,45.699864485744065],[3.079091419342974,45.699880508976847],[3.079473096082357,45.699882041419073],[3.080041062583774,45.699849221950494],[3.080778626987652,45.699792865547465],[3.081349158018015,45.699757336189684],[3.08188380162158,45.699786664991102],[3.081964575911823,45.699660538280583],[3.081968179062832,45.699490343877912],[3.081993596612389,45.699298521952244],[3.082056422865754,45.69920212426215],[3.082323689180164,45.69918121815909],[3.082728456307012,45.699158409589586],[3.082726931575931,45.698998124272961],[3.082741987581868,45.698754081626021],[3.083073434742763,45.698686301349511],[3.083233981843868,45.698628551801512],[3.083436823138497,45.698496030414361],[3.083794906507884,45.698198604472104],[3.083923136520012,45.69801661096438],[3.083959112588691,45.698012982222984],[3.084169858820504,45.698011024032368],[3.084396018825293,45.6980045514767],[3.084523225465451,45.697995451277286],[3.08457847178829,45.697988205939936],[3.084647849557393,45.697978248504342],[3.084832880749818,45.697967303532089],[3.085014058092459,45.697957261649087],[3.085285187702374,45.697946250944973],[3.086116306044203,45.698571456331138],[3.086409087713788,45.698434358391161],[3.08661967053103,45.698327038930302],[3.086730351002068,45.698432310612709],[3.086915748241721,45.698653687226965],[3.087946003294912,45.698419662097024],[3.088709077262764,45.698260578500168],[3.089366853641441,45.698152000486125],[3.089357989117997,45.698233051221791],[3.089346561715657,45.698318606417452],[3.089322404295264,45.698478912011645],[3.089302094675653,45.698634712124907],[3.089297263944378,45.6988265193975],[3.089301225258138,45.69889225171174],[3.089306391719791,45.698908456359312],[3.089312837446162,45.698921058050097],[3.089326997992696,45.69893635508226],[3.089345007960104,45.698948047117995],[3.089368153878246,45.698957033620815],[3.089428578672745,45.698973194425825],[3.089680563209503,45.699040530594374],[3.090059840169436,45.699150087367187],[3.090361991559456,45.699246197451941],[3.090929001828636,45.69942133606466],[3.091364866483535,45.699554255405893],[3.091566716574516,45.699609021199841],[3.091656698347744,45.699624256305285],[3.091818666262159,45.699652039507896],[3.092056627135114,45.699783316285675],[3.092126166237515,45.699869706090055],[3.092191986795167,45.700038043099873],[3.092194887099062,45.700236147599306],[3.092060709078044,45.700691903110659],[3.092337147441377,45.700774521635125],[3.092801066224564,45.700768737636267],[3.093641584038822,45.70079775836502],[3.09395904671155,45.700820006264721],[3.094024261873438,45.700628148385846],[3.094244061063336,45.700654078869213],[3.09477630263321,45.700772496625966],[3.09504514919918,45.700921750850704],[3.095851320079157,45.701151592418277],[3.096076134496778,45.701103675222029],[3.096091581034466,45.701118069826222],[3.096113442265026,45.701126155556175],[3.096153295279622,45.701134225931909],[3.096313939286081,45.701135889720483],[3.096424460208743,45.701135795207279],[3.09651055586437,45.701131219076991],[3.096560664812545,45.701124872750412],[3.096627461523495,45.701107706262945],[3.096781586902257,45.701056246305583],[3.096876634132781,45.701026448602015],[3.097021783718169,45.700986702348615],[3.097159217615558,45.700944261103018],[3.097213176940724,45.700935209708703],[3.097524427850821,45.701806611161942],[3.098453667632499,45.701851727949631],[3.09858727763872,45.701826397535008],[3.098673370978177,45.701820018782954],[3.098837745399116,45.701750537316862],[3.099081485311971,45.702223978913416],[3.099843123950002,45.701970270127703],[3.100127434616043,45.702132105359695],[3.100808496878003,45.702094578254005],[3.101538692969663,45.70221999074522],[3.10184726539272,45.702293552150238],[3.101889735166718,45.702325931258081],[3.101897844119651,45.702542040581903],[3.101767165444038,45.703462455459118],[3.101655290561829,45.704127115206312],[3.101631591477181,45.705218525858506],[3.101551019199398,45.705434715187359],[3.101442154681421,45.705641925068228],[3.101539601477759,45.706216347560435],[3.10116822003455,45.706246397596026],[3.101348545186901,45.707161129687059],[3.101414560950757,45.707415907943783],[3.10108465528683,45.708343705306838],[3.101525572390943,45.708376626988709],[3.101388971654238,45.708881922851852],[3.101231605587751,45.709279178839139],[3.101135677706813,45.709536804094668],[3.101051290566775,45.709780011141625],[3.101045115580028,45.709917791114648],[3.101125158360579,45.710110423443616],[3.101225762193306,45.710300335794955],[3.1010488458599,45.710552630780597],[3.10077289350947,45.710770795591728],[3.100437699804203,45.710926878960784],[3.099863583672024,45.711169619985448],[3.099801621268391,45.711735180449807],[3.099690444540498,45.712096373972066],[3.099764466452556,45.712515034769346],[3.099766700291432,45.713040917010822],[3.099769636524864,45.713243523918891],[3.099713468132972,45.713459690432309],[3.099527757210925,45.71383445704447],[3.099442069398645,45.714076763606862],[3.099699601243889,45.714324169971228],[3.099448287688498,45.714675581821361],[3.099495908953624,45.714708857807665],[3.099676104533506,45.714838368705038],[3.099775244622527,45.714927429186581],[3.099883454722003,45.715056102964716],[3.100030443877122,45.71530360649502],[3.100168346427248,45.715501591137397],[3.100241789033577,45.715596076968339],[3.100404094068135,45.715781432807795],[3.100592145647389,45.71598657615499],[3.100652661143909,45.716040551347966],[3.100700284308702,45.716073826828456],[3.100762039551245,45.716102587222714],[3.100848212321886,45.716127723792788],[3.100907367180575,45.716140277669965],[3.100998652384479,45.716149200784351],[3.101079642291643,45.716151829649029],[3.101209462164395,45.71614450926721],[3.101625861957343,45.716092806871679],[3.102229841866017,45.715987804245131],[3.102844171881906,45.715919708901524],[3.103252897662289,45.71589051966766],[3.103390426084756,45.715881388738218],[3.103452125250024,45.715879531155643],[3.103530543939976,45.71588216061879],[3.103570403609834,45.71588752692351],[3.103594785370213,45.715864992345487],[3.103620471135049,45.715852361919566],[3.103651307199018,45.715844229186587],[3.103683432098138,45.715837896233552],[3.103786264503889,45.715835100138285],[3.103860818287447,45.715833230495512],[3.103970067861348,45.715825025398118],[3.104006052503093,45.715820489766756],[3.104033032089104,45.715812360487575],[3.104058712647362,45.715797028505754],[3.104162927081536,45.715845558545638],[3.104327516315656,45.715871520453362],[3.104539681701717,45.715904641903485],[3.10484957384152,45.715953880859765],[3.10500902867141,45.715983448496694],[3.105142808455878,45.716031049599046],[3.105283039836039,45.716091251334682],[3.105405316044802,45.71617308137472],[3.105563582564644,45.716253076609924],[3.105711534726052,45.716316872531543],[3.105877452937069,45.716364442620154],[3.106097320212372,45.716390350011849],[3.106192444093742,45.716389359951464],[3.106340243269526,45.716373011851267],[3.106509869516077,45.716343135630325],[3.106615291034847,45.716349339378361],[3.10713612860144,45.715797747520078],[3.107508088069313,45.71537236353052],[3.10750020032069,45.715282322358767],[3.107489818684874,45.715231904990475],[3.107485902828967,45.715201292168679],[3.107505111127741,45.715163453399299],[3.107569236664786,45.715087751319608],[3.107630820914538,45.715027359908028],[3.107763023977802,45.714925478572738],[3.107881132323266,45.714847023233226],[3.10802876508568,45.714747828278874],[3.108085245398685,45.714707252223164],[3.108126302095607,45.714667591422391],[3.108171174552834,45.71460721574595],[3.108232736467217,45.714536018184816],[3.108328950338153,45.714436872198959],[3.108418807295073,45.714373751721958],[3.108524078640942,45.714305213412182],[3.108701257777623,45.71419788474509],[3.10894525541206,45.714078784907478],[3.109223912232458,45.713936238302836],[3.109442231229293,45.713833371033161],[3.109652886878886,45.713755724428651],[3.10976334901066,45.713713294031464],[3.10982884458763,45.713682613678948],[3.109878916870665,45.7136528488113],[3.109919984024542,45.713619490755939],[3.109940459417562,45.713573545955846],[3.109955769848792,45.713515899861349],[3.109964640652488,45.713451956639474],[3.109985105203865,45.713400608921056],[3.110022312291746,45.713365453621492],[3.11006591950639,45.713316784757232],[3.110105643532863,45.71325461236659],[3.11012591068237,45.713104211261793],[3.110129639610254,45.713040273052087],[3.110126676198881,45.712843069328919],[3.110138069083433,45.712754810487311],[3.11014561829893,45.712672858808958],[3.110160910334481,45.712606207839386],[3.110242848882747,45.712442239126318],[3.110264639474166,45.712411601259717],[3.110332671678956,45.712364709371201],[3.110413570214805,45.712324108246335],[3.11052144194101,45.712273575263183],[3.110637058193763,45.712239243337756],[3.110768095302993,45.71220309516643],[3.11085672362582,45.71217149099482],[3.110893947384827,45.712145340260747],[3.110968378539775,45.712084934390624],[3.111011992948104,45.71204076758967],[3.111038888322032,45.71199211480981],[3.111088902365101,45.71193443437253],[3.111146650272573,45.711887552128587],[3.111242962965247,45.711842432773487],[3.111445918033695,45.71177559625982],[3.111675836343859,45.711694324879872],[3.111849219543589,45.711623914988451],[3.112021315109752,45.711552605623176],[3.112229409642881,45.711485762589973],[3.112352695151118,45.711431610557874],[3.112541480884744,45.711351278892025],[3.112663412568799,45.71126380986076],[3.112753198857085,45.711170969938905],[3.112821152129509,45.711087156669919],[3.112918609562263,45.710974498229056],[3.112960939861405,45.710932132934843],[3.113034041294704,45.710851916325609],[3.113202122092567,45.710704968295701],[3.113344515382076,45.710567951204936],[3.11345996933202,45.710457075172215],[3.113597321686576,45.710369589608192],[3.113746287947319,45.710304604325252],[3.113938955354017,45.710239574676073],[3.114096927505789,45.71017908225874],[3.114218935953029,45.71013123288526],[3.114502808731615,45.710040896179358],[3.114743093249539,45.710005532832319],[3.114811197191622,45.709996458611457],[3.114971813216748,45.709971981743571],[3.115201814487154,45.709936627907368],[3.115564149923251,45.709875023877252],[3.115742693928108,45.709819010490691],[3.115885254074558,45.709765735285103],[3.115989256059893,45.709713400072928],[3.116103510207097,45.709646646416402],[3.116276909744111,45.709589736995724],[3.116440041514237,45.709540041810207],[3.116756006415272,45.709433457505533],[3.117038559481487,45.70933050896214],[3.11722472626375,45.709233963407613],[3.117452012834625,45.709132872268597],[3.117675389012054,45.709006571125578],[3.117792200693686,45.708935310652883],[3.117892339556315,45.708881176748015],[3.11803233805421,45.708834204911959],[3.118169765705829,45.708787235597391],[3.118264772344137,45.708737609175977],[3.118328896895408,45.708671806340391],[3.118350610245193,45.708607848984997],[3.118365802644328,45.70849977462553],[3.118364380554116,45.708435841562967],[3.118338555205568,45.708380038506469],[3.118302453337971,45.70832694769166],[3.118256057651628,45.708268464746645],[3.118217362263001,45.708204570786144],[3.118157967705876,45.708077664447636],[3.118146298191924,45.708029950887301],[3.118152611156899,45.707976815555732],[3.118165354377576,45.707925474455685],[3.118176746889798,45.707843518224067],[3.118165015860653,45.707766989157889],[3.118137911514992,45.707713888859423],[3.118067100078753,45.707657232403299],[3.118010455644265,45.707614068369629],[3.117984673286088,45.707578075897082],[3.117971732193527,45.707536667058228],[3.117976759995891,45.707483533083604],[3.118020309471743,45.707413249530752],[3.118071526258707,45.707322246736588],[3.118117596036902,45.707228547854044],[3.118125046155768,45.707106073865425],[3.118092749217357,45.707028665862651],[3.118055372813196,45.706980078743342],[3.117993611082848,45.706947725903419],[3.117917673169464,45.70689737813079],[3.117889341794126,45.706871293658139],[3.117891831719502,45.70683347061653],[3.117928996734482,45.70678300448494],[3.117955883469238,45.706734350072246],[3.117980199645801,45.706685698344202],[3.117987774825587,45.706621755866429],[3.117976107685787,45.706574942777841],[3.117943888055545,45.706533554117918],[3.117846136019894,45.706499437884084],[3.117776684533446,45.706476998319815],[3.117752211106487,45.706451810268568],[3.117739287699058,45.706418505767324],[3.117744330954968,45.706372575683694],[3.117768631823489,45.706316720126033],[3.117749146131027,45.70621948793783],[3.117716921129478,45.706175397760397],[3.117669240708937,45.706116015440408],[3.117613743656221,45.706007114498433],[3.117595601004061,45.705936895480598],[3.117577466052983,45.705870278398322],[3.117550323020911,45.705798267790378],[3.117533488707382,45.705738853237307],[3.117548794798527,45.705683907596111],[3.117603893248837,45.705605507786956],[3.117660336139439,45.705555021629365],[3.117678216340342,45.705501874256676],[3.117674251483266,45.705450550665681],[3.117638106211321,45.7053758480208],[3.117591746239564,45.705332673050719],[3.117542823546806,45.705293102680621],[3.117502859228944,45.705235513219883],[3.117466762127176,45.705183322633424],[3.117421697226003,45.705144648676828],[3.117376615193684,45.705097870341923],[3.117343075366151,45.7050393736478],[3.117328831034578,45.704988961235742],[3.117328699266838,45.704926827806595],[3.117355440459181,45.704809736723419],[3.117361515040828,45.704644040889974],[3.117348536901235,45.704584622298832],[3.11731881865942,45.704509912864665],[3.11727887995549,45.70446402962547],[3.117227364952641,45.704413655982322],[3.117178380395242,45.704344369469894],[3.117159020382635,45.704305668681627],[3.117130627779996,45.704249868036428],[3.117094522143254,45.704193174912156],[3.117050693972252,45.704131086879265],[3.117014569449607,45.704065388885553],[3.11697841264574,45.703984382645345],[3.11695384360424,45.703913269719564],[3.116929147115874,45.703781824332978],[3.116935418893948,45.703708878428223],[3.116945542402578,45.703634127553819],[3.116953038412738,45.703532364814457],[3.116950365260948,45.703483741324497],[3.116936093139212,45.703419821602424],[3.116921798214471,45.703345096066187],[3.116886972851432,45.703285700092486],[3.116861145690975,45.703227195264255],[3.116845615189369,45.70317588364582],[3.116837791949834,45.703122763062424],[3.116859556198894,45.703083119096931],[3.116892858416817,45.703029955865041],[3.116908183422403,45.702984015164873],[3.116923514111575,45.702940775915849],[3.116922124278678,45.702891250609504],[3.116889821971364,45.702809339862988],[3.116857580621506,45.70275624460686],[3.116840753682456,45.702699531415988],[3.116840622468288,45.702637397996206],[3.116858363672139,45.702518515407832],[3.116869570599609,45.70234831187522],[3.116869509732002,45.702319496376866],[3.116850160152958,45.702285297962661],[3.116821803122594,45.702245705965254],[3.116756129235082,45.702183640472121],[3.116682710415003,45.702105374207491],[3.116631127916808,45.702021682380767],[3.116601408224869,45.701945171802272],[3.116585800527345,45.701856940296409],[3.116577935982086,45.70178400904549],[3.116574006563157,45.701748894146384],[3.116585483649325,45.701706559419549],[3.116632969282443,45.701675893750959],[3.11670491617881,45.7016659139165],[3.116779454233359,45.701665836699739],[3.116850102639179,45.701649554714372],[3.116915589519758,45.701623372690996],[3.116965631847296,45.701586400825839],[3.116995096696349,45.701542246413609],[3.116998845469694,45.701491815291867],[3.116964064973715,45.70145313048782],[3.116916454127389,45.701424364333903],[3.11687136223878,45.70137128241926],[3.11679398629728,45.701244394080156],[3.11674245193355,45.701183214415742],[3.116701204391706,45.701124725534392],[3.116671479388126,45.701045513526495],[3.116661092066564,45.700995097052562],[3.116667399958866,45.700939260377574],[3.11668143375464,45.700890619592762],[3.116725017680811,45.700838346257413],[3.116835325002051,45.700737377493049],[3.116890468999714,45.700682390649568],[3.116912190390617,45.700622936028012],[3.116923653663935,45.700574297880642],[3.116938939900186,45.700510347500135],[3.116943935700475,45.700441905366297],[3.116929658661729,45.700375284204519],[3.116903787152266,45.700295167777483],[3.116902408818935,45.700251045385279],[3.1169087068695,45.700190706278775],[3.116916320454305,45.700144773585791],[3.116941933073895,45.700102424160185],[3.116977832178212,45.700062765509813],[3.117021399936214,45.700003288189521],[3.117054684904577,45.699942921048041],[3.117093060642759,45.699859135967593],[3.117121214594847,45.699803276569043],[3.117215947305386,45.699631185218486],[3.11726709141476,45.699508665894719],[3.117315722404006,45.69941316374841],[3.117342516340534,45.699322186753363],[3.11739115276718,45.699229386028122],[3.117443724547593,45.699174401597226],[3.117498858733962,45.699115812525712],[3.11758611784644,45.699056289424277],[3.11762586147071,45.699012124127002],[3.117655257404596,45.698936452606929],[3.117646131681262,45.698875229080585],[3.11763576685259,45.6988356185133],[3.117634420517382,45.698806804364068],[3.117634359255351,45.698777988873402],[3.117671513349312,45.69872482140309],[3.117736956141465,45.698679728742256],[3.117819102799246,45.698633718093866],[3.117923062840137,45.698572376297335],[3.117976949253509,45.698531798020426],[3.117994878728708,45.698502963693429],[3.118038382693237,45.698414670496859],[3.117956159756458,45.698424661942148],[3.117804533758978,45.698430223474205],[3.117715860532443,45.698428515168409],[3.117587323547927,45.698414241592872],[3.117291680718056,45.69837762977965],[3.116947173581939,45.698325759651489],[3.116682356008749,45.698281009871245],[3.116627077539397,45.698271161750512],[3.116251665952101,45.698188704954291],[3.116160387126254,45.698169888878674],[3.116030537761732,45.698142107591281],[3.11583639988944,45.698097283025028],[3.115620406988968,45.698047978121224],[3.115441677274092,45.697996833663332],[3.115309237928189,45.697959148853343],[3.115286091967996,45.697951968648077],[3.114829574978365,45.697796650705136],[3.114523498466661,45.697683500961347],[3.114257280018637,45.697580215326276],[3.113985929817969,45.697480536198945],[3.113717150673801,45.69738085382528],[3.113429102479216,45.697283891668164],[3.113120513144505,45.697195954258149],[3.113147021971283,45.696962701796167],[3.113127555048094,45.696240531677716],[3.113112770115002,45.695922675021848],[3.112755066985712,45.695691608676398],[3.112344563219156,45.695402062282767],[3.111580358275059,45.694947175835829],[3.112351411692177,45.694344885195903],[3.111920289602296,45.694020238912437],[3.111979142713242,45.693894112444767],[3.112063592544869,45.693717533295647],[3.112101564720629,45.693432942057939],[3.112091481126002,45.692895362172571],[3.111963589755273,45.691922964912415],[3.111889652394423,45.691578152403565],[3.112438120079899,45.69148575688552],[3.112640962387711,45.691400908642336],[3.112814205511894,45.691293577536712],[3.112880676725965,45.691125120171819],[3.112853225673167,45.69089552386987],[3.112883864624072,45.690798240744911],[3.112977565748486,45.690751321582283],[3.113126527788021,45.690709749783345],[3.113031172284137,45.690575673149525],[3.112875350820213,45.690403836640328],[3.112718656300979,45.690433709532094],[3.112448932531084,45.690483505750308],[3.111921031078886,45.690574980410986],[3.111535710027883,45.690646500862492],[3.111316072906131,45.690685438948556],[3.111246723564123,45.690702616666641],[3.111258104673017,45.690611656398922],[3.111263110226536,45.690545015533495],[3.111266772951624,45.690449560460522],[3.111265346853109,45.690379324005505],[3.11126141799412,45.690342407982932],[3.111249750925221,45.690291091834609],[3.111227810318399,45.690242487284117],[3.111190445851173,45.690191196495832],[3.111155672900499,45.690150708963635],[3.111138908082688,45.690120108998187],[3.11112598523629,45.690083201843208],[3.111111768497959,45.69004179353589],[3.111101328648556,45.689961660630601],[3.111089329204288,45.68974465548412],[3.111095462471329,45.689599671291177],[3.111088953219455,45.689557354897048],[3.111078643630363,45.68954205681046],[3.111165912641033,45.689491543557999],[3.111197987004115,45.689468099287119],[3.111221065543899,45.689443763402437],[3.111231295517295,45.68941944019857],[3.111235103021465,45.689396023820187],[3.111227258157687,45.689328495163288],[3.111229433306304,45.689132187210028],[3.111227419087829,45.688769293610818],[3.111236096217621,45.688611700114564],[3.111246277156784,45.688563063855895],[3.111261622757881,45.688527029290469],[3.111285965791929,45.688492786806769],[3.111306486899061,45.688474756829081],[3.111339843633761,45.688450410766741],[3.11137575369201,45.688417957802798],[3.11139753782192,45.688389120736488],[3.111410328119025,45.688360292560006],[3.111412863335007,45.68834318083244],[3.111411520495078,45.688314366631047],[3.111407522800488,45.688243232246521],[3.111386554146036,45.688038842821172],[3.111382442326222,45.687910977978468],[3.111439133174631,45.687351720581901],[3.111863828769785,45.686431003825135],[3.111958350913467,45.686158062928442],[3.111888903674361,45.686123913485503],[3.111827161545699,45.686087955381794],[3.111761557894241,45.686048399134634],[3.111680491603481,45.685986346050221],[3.111632876829359,45.685947672379939],[3.111582685313464,45.685905399301333],[3.111545356113986,45.685870317347288],[3.111499009977956,45.685823537998772],[3.111453946876882,45.685775856877008],[3.111401166177157,45.685723680943532],[3.111303339028191,45.685631928153938],[3.111191372556943,45.685536587295879],[3.111148924692682,45.685511415599841],[3.111079482379101,45.685479066626243],[3.110986892753937,45.68543593459497],[3.111090278866615,45.685097250306846],[3.111225688270661,45.684711709097371],[3.111425858354282,45.684587244358561],[3.111580413540822,45.684141351300113],[3.111735108035943,45.683765695732831],[3.11187044052558,45.68334593542744],[3.111295869330113,45.683195223060245],[3.110885635466359,45.682990317035134],[3.110551171399751,45.682770026949079],[3.110086810707039,45.682476923613457],[3.109391254043937,45.682205654750796],[3.108770385577151,45.682020756058407],[3.107897622430026,45.681783867377987],[3.107189430324664,45.681611650379075],[3.106258989621316,45.681436937336763],[3.104657872617774,45.681216916982898],[3.103205679679131,45.680938206045113],[3.102164850787827,45.680800480167903],[3.100972485831934,45.680688994663512],[3.100761806154268,45.680690984276275],[3.10049072818595,45.68068222157504],[3.10032752841154,45.680655352503386],[3.100134789973154,45.680633011879365],[3.099913753620945,45.68059088536701],[3.099780102952991,45.680564889775276]]]]}},
{"type":"Feature","properties":{"nom":"Vic-le-Comte","nom_m":"VIC-LE-COMTE","insee_com":"63457"},"geometry":{"type":"MultiPolygon","coordinates":[[[[3.196554975281793,45.654716127690605],[3.196588683375564,45.654807017805524],[3.196654687925303,45.654952781081427],[3.196775996808356,45.655123661259388],[3.196883143359282,45.655283760256921],[3.196979896298498,45.655409658914913],[3.197086995917596,45.655556250533657],[3.197181204103917,45.655688456871445],[3.197262482197501,45.655795472209093],[3.197380610373183,45.655793464228708],[3.197493634370019,45.655800469925786],[3.197587413381767,45.655812011706367],[3.197683795938985,45.655833454171834],[3.198001792584524,45.656065220541414],[3.198116313928224,45.656131654986609],[3.198322098824686,45.656224042674118],[3.198567736210609,45.656328966504972],[3.198884141588429,45.656473386167356],[3.199034625796964,45.656541557128023],[3.199123431936044,45.656598130672201],[3.199212280371476,45.656666410377035],[3.199333432338769,45.656790462901952],[3.199455930574556,45.656931622129505],[3.199597671477763,45.657067344208492],[3.199749607948613,45.657181436384697],[3.199909217174015,45.657286509885836],[3.200059763416088,45.657370888108488],[3.200400619123236,45.65752696640272],[3.200700195757464,45.65763088911612],[3.200860817814518,45.657660318722357],[3.201065090158694,45.657686968710543],[3.201157657691514,45.657717419877443],[3.201196253157053,45.657737161595648],[3.201279969503581,45.657805448853068],[3.201342884743588,45.65780353540331],[3.201472564288117,45.657798801026381],[3.201692161580502,45.657802009843927],[3.201886132349854,45.657820572429628],[3.202442369627976,45.657878105316279],[3.202614497691979,45.657893103975049],[3.202767370637363,45.657909938015997],[3.202931840365689,45.657937556773099],[3.203064260051097,45.657979640855835],[3.203187720815302,45.65802984531657],[3.203309881147328,45.658075549564423],[3.203403747920666,45.658109598484359],[3.203479567556083,45.65812476974979],[3.203593858031836,45.658125463649796],[3.20371070351001,45.658122550870623],[3.203814999402584,45.658198903387266],[3.204178132674731,45.658471993046533],[3.204425504125404,45.658693063615495],[3.204684637897527,45.658969041873796],[3.204865347731578,45.659219948661494],[3.204997244583088,45.659466441613787],[3.205082045512589,45.659825580875761],[3.205015812411845,45.659972480602661],[3.20493927558993,45.660111294675566],[3.204803616387399,45.660236708958884],[3.204730604903214,45.660287268907197],[3.204666539251947,45.66032610623877],[3.204495993213758,45.660393952485471],[3.204353605652736,45.66043653378506],[3.204163759657848,45.660494509210587],[3.204041888619327,45.660528948547558],[3.203918763094611,45.66057149439299],[3.203744339638213,45.660633043123056],[3.203322428506723,45.660793191619227],[3.202644095267226,45.661068161911537],[3.202433816716426,45.661158588658793],[3.202333827133658,45.661207394574021],[3.202118588256788,45.661346455857505],[3.202018699908197,45.661423176359321],[3.201939345406524,45.661496258010324],[3.201845969483148,45.661598180272755],[3.201619560185583,45.661844418392128],[3.201060445859448,45.662419927766095],[3.200819717000463,45.662614862174166],[3.200753132956796,45.662669010021354],[3.2006725168761,45.662749296913901],[3.200590710936126,45.662855699947769],[3.200551163843222,45.662928709708979],[3.200528344362767,45.663010694526506],[3.20050704058947,45.663156611112917],[3.200498484594005,45.663276390921091],[3.200384023473219,45.663941152985217],[3.200363745782624,45.664015929367601],[3.200333226508354,45.664099728821789],[3.200295122078427,45.664216859725961],[3.200274980974969,45.664329456245845],[3.200274022437911,45.664419506510804],[3.200283422781794,45.664532950980103],[3.20030697301465,45.664652673682255],[3.200354944216908,45.664777755850494],[3.200408085362467,45.664911833656419],[3.200611440574852,45.665386928027004],[3.200837864502376,45.6658475731466],[3.200880504671944,45.665918635469822],[3.200981206861772,45.666063434006183],[3.201177262867358,45.666294508795524],[3.20162486487094,45.666827696422416],[3.201956467740673,45.667246728674776],[3.202629679947565,45.668007330526322],[3.202722539278714,45.668112520273702],[3.202819278433126,45.66822490684681],[3.202888950668054,45.668311228008783],[3.20299216185596,45.668437110066819],[3.203086277234001,45.668534192882703],[3.203186814787968,45.668631264035241],[3.203341421977933,45.668762455959921],[3.203489512037499,45.668867545355518],[3.203650396742221,45.668959104133151],[3.203826644794725,45.669037127588872],[3.203962954801308,45.669081905119917],[3.204855173897198,45.66931261121114],[3.205527475509044,45.669464469003742],[3.205866671243453,45.669495366525517],[3.206103069237587,45.669513844383246],[3.206350969838863,45.669516992406379],[3.206523047808493,45.669508572624594],[3.2066090649293,45.669498509515122],[3.206750250208242,45.669472136329738],[3.206969668552592,45.669415002698926],[3.207431430483815,45.669249364220867],[3.207663593105726,45.669166091664579],[3.209676065753506,45.668443775036771],[3.210353026374677,45.668130944468558],[3.210692777888894,45.667971823819514],[3.210822230126202,45.667901343648531],[3.210897780486543,45.667841770111664],[3.21158851799377,45.667104777327097],[3.211722904655737,45.666982058653232],[3.211848376234179,45.666879167284229],[3.212122408211082,45.666666136752241],[3.212386035718506,45.666419807188689],[3.212483184194136,45.666299859286056],[3.212595609135726,45.666144763505358],[3.213881295350525,45.66417116514495],[3.213984802268512,45.664036796103346],[3.214103705863171,45.663898795752225],[3.214229030143632,45.663760783062074],[3.214321123578549,45.663664255835002],[3.214437547712818,45.663549672486305],[3.21459113079816,45.663413406552806],[3.214737049570581,45.663287960856238],[3.214884251923578,45.663162512521403],[3.215042983779887,45.663029838090878],[3.215172296440369,45.662927836174156],[3.215318310669865,45.662827603148401],[3.215483584341328,45.662726432596202],[3.215620692034506,45.662647827882594],[3.215819326450805,45.66253938906857],[3.21614489796804,45.662379378638065],[3.216369228891582,45.662274491472274],[3.216470534495174,45.662236476372499],[3.216601348823107,45.662191200539937],[3.216857956356785,45.662130374123436],[3.217153096880554,45.662071273795469],[3.21747779847823,45.662018419009705],[3.217816707286294,45.661986246984625],[3.218092749531342,45.661969503970262],[3.218327742935053,45.661964546188194],[3.218593674745549,45.66198924390185],[3.218848152077285,45.662040077342837],[3.219098926886893,45.662128737825839],[3.219329258430874,45.662243551665462],[3.219810328996153,45.662437118666276],[3.219945387223456,45.66249088412652],[3.220337170644939,45.66219115687494],[3.221058160379665,45.6623257172742],[3.221681390260982,45.662419943676348],[3.221963342004253,45.662275310514133],[3.221923444532872,45.662253777480011],[3.221869431498779,45.662234973701665],[3.221766592911536,45.662209962657329],[3.22167532320239,45.662187630205025],[3.221620015285557,45.662166127398116],[3.221571099672629,45.66213740809841],[3.221531173629863,45.662108671093605],[3.221487340946394,45.662066434467341],[3.221455062664062,45.662023274616658],[3.221431777531915,45.661980997559922],[3.221414906298921,45.661936906915749],[3.221399301301088,45.66188831134945],[3.221387566965928,45.661844210602112],[3.221379714082622,45.661807306111825],[3.221374454830617,45.66177669992485],[3.221394620509447,45.66168120875944],[3.221432728975028,45.661576677450185],[3.221491373726808,45.661469404280083],[3.22154361526796,45.661366646107545],[3.221567791650554,45.661310768407994],[3.221645576239627,45.661172840973713],[3.221672565972828,45.661178190763842],[3.222033699333545,45.66124591623322],[3.2221763427631,45.661269948015679],[3.222316392610816,45.661287681335722],[3.222696674567999,45.66132655132359],[3.223361927893389,45.660379723411936],[3.223602342699475,45.659811039620173],[3.225167614959761,45.659146063393912],[3.226054602173256,45.658741769035743],[3.226240224646387,45.658600019947286],[3.226492510541072,45.658431121906567],[3.226933509986656,45.658249236336026],[3.22753078842503,45.65797428330621],[3.227705354804577,45.657955920716297],[3.227783567614168,45.657926946977042],[3.22793623330245,45.657891519095692],[3.228249331898807,45.657835955228791],[3.228469999497612,45.657786881471118],[3.228754775750309,45.657714264425287],[3.228993308288152,45.6576381387666],[3.229256111523699,45.657531346666119],[3.22952523350536,45.657400227949672],[3.229600850227291,45.657364954835806],[3.22964448371207,45.657358562454888],[3.229679143382639,45.657355790305601],[3.229695859178758,45.657361159124484],[3.22970361611528,45.65737375010486],[3.229715303826451,45.657405243271732],[3.229739082786375,45.657565481267561],[3.229775736664497,45.657733797363399],[3.229793942234443,45.657788689859629],[3.229828826421004,45.657839946368448],[3.229870153695938,45.657896592630223],[3.229955234636311,45.657975661684645],[3.230064751564102,45.658063685612959],[3.230096892054766,45.658072624801569],[3.230173961897024,45.658077870205432],[3.230263813072145,45.658068681643613],[3.23036136146137,45.658057676291456],[3.230842562088591,45.657973846117713],[3.231529058354196,45.657850871052382],[3.231917912219171,45.657794240701392],[3.232077040764106,45.657769599722364],[3.232189891927063,45.657733347633311],[3.232268117184516,45.657707972693011],[3.232336122355787,45.657695225591546],[3.232396468164199,45.657693300090358],[3.232469681572988,45.657697651395083],[3.232571198459068,45.657714551003124],[3.23276910731165,45.657751061997708],[3.232991414635034,45.657787522163929],[3.233281769078212,45.657821139479886],[3.23366717519343,45.657860862246068],[3.233928014721621,45.657899041571909],[3.234050085942154,45.65791769811856],[3.234173418515239,45.657930948992792],[3.234310834550806,45.657934265079284],[3.234553514089254,45.657929257407169],[3.234910464928003,45.657920408935155],[3.235578026883425,45.657876691452223],[3.236010690287405,45.657855974746191],[3.236164795937888,45.657858353101972],[3.236422961284104,45.65787131864532],[3.236566890228796,45.657896229974178],[3.236700604089172,45.657934669886799],[3.236817624569696,45.657973144750436],[3.23707354236081,45.658060853892842],[3.237209898512008,45.658116396879521],[3.237258783957263,45.658137005072419],[3.237302521362785,45.658154922634431],[3.23731534717156,45.658151293659223],[3.237337161849777,45.658147645736925],[3.23737559293531,45.658125953057024],[3.237497268000398,45.658051856615437],[3.237744616429666,45.657937873375097],[3.238518479118512,45.657531017981555],[3.238829612911148,45.657320545188519],[3.238876996608616,45.657290728629675],[3.238947474694381,45.657256360614227],[3.239041058770092,45.657220142533028],[3.23926166765742,45.657160241893557],[3.239643881713301,45.657055873172894],[3.239669524718022,45.657046813732308],[3.239949423134944,45.657038113251382],[3.239992290063595,45.657447743177428],[3.24020199030347,45.657537344679014],[3.24078228669277,45.657508190227588],[3.241117211947826,45.658045063934907],[3.24125766381625,45.658155522931366],[3.241577355795454,45.65814223071613],[3.241578354780525,45.65895987030364],[3.242360480658729,45.658977099870143],[3.242361699348469,45.659548906218113],[3.24241690625901,45.659546085923793],[3.242619755655959,45.659534843212718],[3.242677542691845,45.659534718691262],[3.242726395897222,45.659547220210015],[3.242761186566599,45.659574159810674],[3.242888298001868,45.659862041426791],[3.242919244355372,45.6598907902451],[3.242952711657753,45.659908727776418],[3.242993848408005,45.659918544368608],[3.24305037539469,45.65992382529555],[3.243140215564707,45.65991192502355],[3.243803692742847,45.659811436966251],[3.243917895953234,45.6597913789426],[3.243991077328631,45.659787618454317],[3.244071983513143,45.65978834360881],[3.244155481848321,45.659794466004939],[3.24441765765298,45.659840722556275],[3.244719559415139,45.659867981951798],[3.245026526405218,45.659879020756385],[3.245289823947738,45.659888352883556],[3.245431101990465,45.659892547486123],[3.24546060983065,45.659886179761983],[3.245473443489976,45.659884350813087],[3.245513196684768,45.659871657333696],[3.245541388394552,45.659858088564043],[3.245566991795447,45.659840022998146],[3.245675426498295,45.659677698868201],[3.24587064334834,45.659393619478443],[3.246032886513913,45.65920326241752],[3.246068698607916,45.659170766645012],[3.246105738773694,45.659125661363404],[3.246158012485354,45.659040901355681],[3.246207653687248,45.658941739292956],[3.246301795000838,45.65874252586174],[3.246343802976472,45.658659589196226],[3.246357800265142,45.658630743000522],[3.246399920271189,45.658573019695801],[3.246466057929752,45.658429697576636],[3.246427353674052,45.658389260385867],[3.246420339926209,45.658256003711898],[3.24645086237637,45.658189300902123],[3.24649284565748,45.658100961317743],[3.246503917702488,45.657991978198758],[3.246505165743828,45.657983871087062],[3.24648168681599,45.657901978201402],[3.246414323591725,45.657769754104343],[3.246312321705585,45.657644809637283],[3.246204200021567,45.657587414954314],[3.246123196961484,45.657564179386284],[3.246013923546815,45.657536503095869],[3.245822531214358,45.657523413788333],[3.245732615572452,45.657517306641246],[3.245688907906755,45.657506596177363],[3.24564263603485,45.657496791776964],[3.245499836443614,45.657437671092097],[3.245331227364361,45.657349790893299],[3.245118831742774,45.65723319020104],[3.244943791436746,45.6571426219665],[3.244821562983387,45.657088858595266],[3.244726356548222,45.657047643176945],[3.244436993132901,45.656948317704163],[3.244151538623598,45.65686158982561],[3.243929112634033,45.656799037837914],[3.243823686172432,45.656769550122831],[3.243742693235258,45.65674811379963],[3.243575420666566,45.656671033931282],[3.243835701655827,45.656290465331857],[3.244123083530244,45.655941354405151],[3.244660940922111,45.655320652383402],[3.244806471666502,45.655127631991448],[3.244848104866909,45.654960051007471],[3.245021851140495,45.654759765089295],[3.244966355704073,45.654405994720776],[3.245138261235585,45.654370501623383],[3.245324294928035,45.654335877967945],[3.245408961467206,45.654317683738718],[3.245476907555724,45.654293222496072],[3.245533269328454,45.654262483070241],[3.245601215294328,45.654238021752668],[3.24568200152819,45.654213532377561],[3.245789796332992,45.654198889338915],[3.245883502713134,45.654192381340522],[3.247018048958131,45.654069232865439],[3.247589107854127,45.653993238230989],[3.247763920938192,45.654034276066781],[3.24795803101268,45.65408337551505],[3.248184326953208,45.654151313904052],[3.248482751521996,45.654268619437843],[3.249003477657844,45.654421452247725],[3.249239870242746,45.654449744790455],[3.249344319289833,45.654547666560447],[3.24951156912948,45.654619334980033],[3.249764817835148,45.65468360852892],[3.249885688590501,45.654721160778436],[3.24999647415282,45.654800157670067],[3.250191085247655,45.654959111524896],[3.25057343820668,45.655177079518502],[3.250915902631218,45.655376224901644],[3.251249270754967,45.65555107641125],[3.251699748996972,45.655782395876244],[3.252451213426023,45.656124699484174],[3.252744751517674,45.656292431996938],[3.252979108308998,45.656435083100298],[3.253145245017641,45.656541867641252],[3.253297426274184,45.656685603290668],[3.253359581720704,45.656798924787132],[3.25335614145431,45.656888981205874],[3.253315544766336,45.656997130956555],[3.253272544471652,45.657141305571557],[3.253286089822498,45.657295258347247],[3.253366408835465,45.657449060895992],[3.253517337908131,45.657599102491474],[3.253729831016165,45.657732796418685],[3.253857168845642,45.65777843424484],[3.254012625251689,45.657795192920609],[3.25432074264084,45.657779189163861],[3.254571053992651,45.657758812830878],[3.255122225277241,45.658934501857104],[3.255144300499099,45.658987580573928],[3.255218463730689,45.65919722598376],[3.255355521938171,45.659400425332088],[3.255420319416777,45.659528147534822],[3.255442415932284,45.659585728584027],[3.256072995246241,45.659596903201781],[3.256459676676852,45.659628440741969],[3.256868448244151,45.659715756769231],[3.257949647356643,45.659975327017015],[3.258225826987298,45.659992703778499],[3.258263982358193,45.659913373402944],[3.258298377547872,45.65985386235802],[3.258373760785318,45.659771745084676],[3.258422352971386,45.659727509708702],[3.258472292291669,45.659696778527369],[3.258510674129308,45.659666073856847],[3.258540007954605,45.659622783126849],[3.258559064276553,45.659578615500998],[3.258576689230176,45.65950293410777],[3.258590343924599,45.659402048188859],[3.258603943895985,45.659289456061657],[3.258614815697041,45.659142651687745],[3.258648089933037,45.659118262110951],[3.258646195872193,45.658987695825907],[3.25864421348886,45.658838219515488],[3.258655139778053,45.658703121350086],[3.258680305062303,45.658592303627415],[3.258730997185008,45.658448109227123],[3.258825113647891,45.658253387723867],[3.25889510481254,45.65811725327449],[3.259023861838574,45.657916148548267],[3.259078750277344,45.657845784282401],[3.259105602950839,45.657821409345431],[3.259124801477407,45.657807857861002],[3.259168318102835,45.657777141150923],[3.259201599704942,45.657754552368083],[3.259210546350577,45.657745526902737],[3.259225858759038,45.657724780450266],[3.259355490957749,45.657710974640338],[3.25944912995819,45.657689147235359],[3.259533758996442,45.657662838084086],[3.259592747941109,45.657645592853022],[3.259628627068493,45.6576293013648],[3.259668328947749,45.657606697640233],[3.259728470963428,45.657561534579628],[3.259792401834544,45.657502855439368],[3.259840948640082,45.657449614686499],[3.259926396262525,45.657324249773453],[3.260001596057033,45.657204311381385],[3.260034771256302,45.657159210421185],[3.260075659456213,45.657115892610939],[3.260117861301107,45.657078875160586],[3.26016649203949,45.657043643814717],[3.260230506486742,45.657002973973647],[3.260306052303145,45.656956874516794],[3.260408547040719,45.656907110740505],[3.260568711384133,45.656832900282801],[3.260760952130959,45.656753212396644],[3.260933990395332,45.656686175500468],[3.261093005177003,45.65664078254482],[3.261254613363623,45.656600786269372],[3.261452179987932,45.65656160676091],[3.261616440943319,45.656539613546933],[3.261721714706614,45.656534866468988],[3.261803879167134,45.65653107351276],[3.261676465315591,45.656470136566242],[3.26161588787036,45.656422551514218],[3.261551356202678,45.656353363925959],[3.261497093083724,45.656283251967707],[3.261446631317661,45.65620232531333],[3.26126256303203,45.655836254339221],[3.2611262961948,45.65553130534893],[3.26108341689566,45.655424246833185],[3.261058633435633,45.655342359983351],[3.261049428528116,45.655296456490127],[3.261042651663394,45.655220831298166],[3.261039336444926,45.655062353283277],[3.261040208738162,45.654975004029119],[3.261028329691571,45.654906594562362],[3.261003393749324,45.654792290529464],[3.260940588420388,45.654543901713353],[3.260917161732396,45.654477319972536],[3.260814620003261,45.654243430957962],[3.260741963688059,45.65408421306153],[3.260630214876666,45.653803519896478],[3.26054459661441,45.653618217767075],[3.260495405741376,45.653533685825444],[3.260438506697648,45.653448271206337],[3.260381667106757,45.653375463236848],[3.260367462524716,45.653358386836295],[3.260291291007141,45.653270315249557],[3.260237053663269,45.653204705087269],[3.260212488245661,45.653168742392218],[3.260371286056965,45.65307922709777],[3.260569705116228,45.653223746450443],[3.260734677290802,45.653354835613904],[3.261022295998866,45.653354169206573],[3.261771066565458,45.653392952779896],[3.261938445932822,45.653217869068968],[3.262439711903641,45.652780866183889],[3.262314093395148,45.652555136728949],[3.26223882009785,45.652386020558893],[3.262500232392727,45.652004505497125],[3.262787523582877,45.651936298820928],[3.262618045484628,45.651667448719472],[3.262689345685829,45.651540313760485],[3.262777520865131,45.651451860302032],[3.262869714361706,45.651398516374805],[3.263032508668653,45.651341405509768],[3.263245462844355,45.651302186876158],[3.263609804385358,45.651237399864875],[3.263685481015794,45.651221013894279],[3.263777651807722,45.651163166841229],[3.263838882958409,45.651079278104596],[3.263887871760581,45.650851340153991],[3.263909196899216,45.65074593322457],[3.263955080083242,45.650674687214824],[3.264024198715838,45.650629500815306],[3.264164015970468,45.650601257764166],[3.264383308853399,45.650545813339001],[3.26451528870312,45.650489673166589],[3.264597138531502,45.650421944335264],[3.264632770539058,45.650355224573325],[3.264632421997548,45.650282285969716],[3.264643637513929,45.650211121158577],[3.264684340522498,45.650130882160944],[3.264754720292685,45.650081189913806],[3.264831519610717,45.650031482522479],[3.264912123209394,45.649971860773924],[3.264986065687177,45.649861827391241],[3.26505491956565,45.649761711293586],[3.265117573415612,45.649707534574276],[3.26519959383736,45.649675824370256],[3.265308628374509,45.649654856291328],[3.265416344378136,45.649626687321593],[3.265481677805044,45.64959591673572],[3.265591784394782,45.649530822006881],[3.265662223063351,45.649493735865832],[3.265759766589059,45.649486301763268],[3.265835587154661,45.649500530550291],[3.26593704729784,45.649506594346555],[3.266008808553755,45.649477609244258],[3.266034171215688,45.649411813788532],[3.266031322207366,45.649353288886168],[3.266050256546142,45.649285707643394],[3.2661090138662,45.649222534712045],[3.266222836528474,45.649129515494415],[3.266321182582816,45.649022124985947],[3.266373272887579,45.648907639947723],[3.266420114722725,45.648769754653173],[3.266468426533036,45.648670586786693],[3.26655410131867,45.648598345045023],[3.26671152248849,45.648494416261755],[3.266777829780412,45.648399708063515],[3.266781095872651,45.648278134629074],[3.26676387607752,45.648168316064421],[3.266776268212834,45.648075536579746],[3.266805485322585,45.648010632307624],[3.267072740950093,45.647786677955992],[3.267356632658379,45.647551877624508],[3.267571227689161,45.647324445186328],[3.26771668803824,45.647137698657431],[3.267844269129539,45.646970805184061],[3.267992243059888,45.646773246481644],[3.268094284863601,45.646635229087913],[3.26818110306215,45.646535068302576],[3.268224187143244,45.646417902412082],[3.268229777776223,45.646246796651582],[3.268234202284394,45.646100006807487],[3.268260530560066,45.645969373530519],[3.268361482723555,45.645871880387958],[3.268480443156293,45.645781548101716],[3.268661153908553,45.645717182451925],[3.268928104053618,45.645698535347073],[3.269181115664249,45.645717741371151],[3.269607839693065,45.64581757473622],[3.269907236985167,45.645870886524008],[3.270079244941707,45.645865071085275],[3.27021893724375,45.645814308625965],[3.27035829081923,45.645694209340881],[3.270454380489562,45.645653456644418],[3.270587987112446,45.645671145324918],[3.270699962301394,45.645728507272239],[3.270822080716261,45.64575973059771],[3.270955498279392,45.645738698374529],[3.271128577954509,45.645689655395444],[3.27128618957975,45.64562804261265],[3.271476950936623,45.645519524371785],[3.271626518663241,45.645388593041105],[3.271807730513946,45.645165735483076],[3.272044078668405,45.644929237111505],[3.272240750608815,45.644718047822259],[3.272392576401379,45.644524976440664],[3.272438067017081,45.644377186567624],[3.272455468831452,45.644260981690095],[3.272485766144575,45.644156451923216],[3.272563581513134,45.644055409055795],[3.272714723580343,45.643984805065251],[3.272876228769547,45.643933085969039],[3.273054520617533,45.643901136628777],[3.273259825194467,45.643879927277716],[3.273414861718194,45.643818317756988],[3.273560715679206,45.643717108929117],[3.273660584185428,45.643662837008328],[3.27378492899323,45.643625614718246],[3.273948049963532,45.643641426641715],[3.27420118765816,45.643687635651247],[3.274612383536273,45.643764075183114],[3.275105984685711,45.6438889381443],[3.275688322292849,45.644044198219696],[3.276122833238744,45.644161097049128],[3.276595734126362,45.644252686263101],[3.276733186233724,45.644269457709846],[3.276835633728524,45.644217878085001],[3.276935441395692,45.644151897073449],[3.27702493791871,45.644077836967064],[3.277139636978003,45.643909163645354],[3.277225114697491,45.643801795265944],[3.277326033603035,45.64370159267709],[3.277420677549944,45.643630221035224],[3.277489659105858,45.643561614033032],[3.277505888100905,45.643469724387622],[3.277498449563768,45.64326623273876],[3.277503034247711,45.643156362066136],[3.277546244888577,45.643068908335628],[3.277627968513563,45.642981359614652],[3.277773631929677,45.642844126316284],[3.277838259374401,45.642675575830275],[3.277842856886824,45.64256840657594],[3.277839453702077,45.642401824953595],[3.277823619516934,45.642316317806561],[3.277837311706016,45.642230737788005],[3.277888232640118,45.642145065873422],[3.277926261702145,45.642048619926577],[3.277922912519239,45.641892844019267],[3.277936021550465,45.641691102666137],[3.277983931460442,45.641517190464356],[3.278094495308603,45.641293596721376],[3.278217922666358,45.641075373999271],[3.278326347108135,45.640937331537614],[3.278473341465614,45.640810899888365],[3.278572891954843,45.640695391304043],[3.278686309174247,45.640529421059583],[3.278745083577856,45.640474345860241],[3.27885894864366,45.640397522494759],[3.278929262516773,45.640339717152919],[3.278991701640539,45.640247712798441],[3.279073545853241,45.640185376356207],[3.279191106659952,45.64007792695179],[3.279226423909612,45.639953572219916],[3.279274242001443,45.639762550467388],[3.279320925922744,45.639601247563554],[3.279367841198164,45.639485868875475],[3.279440434558822,45.639371326912965],[3.279588428640785,45.63918996165561],[3.279883485124473,45.63889747081425],[3.279925482372599,45.638825327471714],[3.279936584903322,45.638736151708592],[3.279901516227469,45.638655195140871],[3.27982382275275,45.638522116322974],[3.279771966668021,45.638421390748086],[3.279744322999332,45.63828548601284],[3.279715009293623,45.63807304408482],[3.279652663454786,45.637674283560301],[3.279590368509979,45.637285428240162],[3.279499389315121,45.636808396481364],[3.279459458543106,45.636526643445208],[3.279431248778282,45.636278179294216],[3.27938758599381,45.636019848152408],[3.27935462839503,45.635847937100685],[3.279291739558572,45.635595056565045],[3.279227141030781,45.635257534551137],[3.279223090540415,45.635217923211968],[3.279312446979266,45.635119548526248],[3.279470894143196,45.634976878426258],[3.279707498026253,45.634806098839775],[3.280026376842542,45.634660327704474],[3.280473561259123,45.63450433067036],[3.280755468347185,45.634409076806534],[3.280978471853958,45.634341884362918],[3.281177278982751,45.634312572339958],[3.281344133880479,45.634310354420421],[3.281788555827364,45.63436957523362],[3.281927153983021,45.634363825244293],[3.282052856800131,45.634346401079846],[3.282137457783397,45.634323676893558],[3.282232244670379,45.63428471835276],[3.282328305813236,45.634243955563392],[3.282448690308509,45.634190524851228],[3.282556243510264,45.634138026708278],[3.282685456268966,45.634053957051471],[3.28280955277802,45.633973502045855],[3.282924664008282,45.63389306948946],[3.283092571043221,45.633845822023936],[3.283357053214403,45.633858663790591],[3.283830838707197,45.633887186077807],[3.284128666091423,45.633894539023238],[3.284588069437179,45.633871766717107],[3.284803762930784,45.633882026975769],[3.284929403538464,45.63385289343136],[3.285031680504977,45.633773391687733],[3.285095584922674,45.633720101153258],[3.285183918472559,45.633674853063539],[3.285282353361614,45.63359716179886],[3.285373095946432,45.633521290923873],[3.285463731556132,45.633424709064741],[3.28553519255644,45.633343484043081],[3.285634928481308,45.633269391113771],[3.285748889949774,45.633215973163189],[3.286058921678367,45.633101724372111],[3.286186675692794,45.632985236889361],[3.28641678613475,45.632805454805606],[3.286694844369396,45.632466164076689],[3.28706682500552,45.631923123282114],[3.287172665802101,45.631789581333031],[3.287276046473708,45.63167675674466],[3.287380752271346,45.631572033052912],[3.287596940141739,45.631431905491972],[3.287831021049939,45.631277323979326],[3.288131566081888,45.631069443166638],[3.288264585584854,45.630979954426692],[3.288343871498163,45.630923921190266],[3.288420599648654,45.630869695424686],[3.288462767245697,45.630833567912909],[3.288531494075658,45.630721731469038],[3.288666755309687,45.630570102966132],[3.288712665027388,45.630513254582922],[3.288744456373137,45.63045644240303],[3.288744146611674,45.630397011117026],[3.288770780481139,45.630335709731284],[3.288835834051863,45.630258100998489],[3.288935095060446,45.630094858239516],[3.28906118614393,45.629908133850527],[3.289187351585393,45.629735816906759],[3.289285670415143,45.629638311742234],[3.2886639242619,45.629287818124851],[3.288598149192642,45.629226753764165],[3.288262549209092,45.628615283408166],[3.287924068032855,45.627694952838795],[3.287794697353517,45.627497176866889],[3.287654695664368,45.627229190036019],[3.287307899995767,45.626929313674793],[3.286755265087874,45.626781242529816],[3.286492763396492,45.626648639205136],[3.286088313710729,45.626117481080712],[3.285687926185267,45.625625932600535],[3.285265285441328,45.625546861507708],[3.28496384257276,45.62557644074969],[3.284629004066457,45.625600700739156],[3.28423551376516,45.625699848178463],[3.283422117029939,45.626003562253295],[3.281537255257751,45.626848446298709],[3.281004714144856,45.626357211739723],[3.280737455164059,45.626295745260521],[3.28016812376304,45.62614047960458],[3.279561600345983,45.62598980590144],[3.278642731377954,45.625742650325066],[3.277065616633848,45.625262983640297],[3.276276017824882,45.625198288955374],[3.275906397057364,45.625196494303488],[3.27546525296409,45.625264210885661],[3.27466663908724,45.62545166280028],[3.273904342705798,45.625458023153691],[3.273351829981212,45.625584533973196],[3.27249732943224,45.625892771197563],[3.271306418704221,45.626432337597265],[3.26855149091581,45.627867114544649],[3.268262049719506,45.627729130148957],[3.267707656734967,45.627739455115773],[3.267552719741824,45.627813663332354],[3.267297566841492,45.627865597275537],[3.267018097880878,45.627931996094013],[3.266001475851919,45.627902886560598],[3.264826972546517,45.627869637047411],[3.264438674442834,45.627722870571873],[3.263948859949715,45.627549326354085],[3.263289206206256,45.627285228514175],[3.262811325715879,45.627190894109297],[3.262242951770936,45.627229139841603],[3.261798043718031,45.627322025127434],[3.261353032223741,45.627393297258394],[3.260709239024281,45.627496545256982],[3.260337256642271,45.627541530110179],[3.260090777765635,45.627528592736432],[3.259759450177982,45.627485234216564],[3.25966584546761,45.627503459921634],[3.259551748266694,45.627530737658553],[3.259442890032205,45.627580515319167],[3.259327656672152,45.627639312411247],[3.25919834760335,45.627707146650778],[3.259093288427142,45.627746109406694],[3.258959960200017,45.627777933237539],[3.258728847980725,45.627757753642051],[3.258408014235297,45.627762993187673],[3.258090980348048,45.627757417288784],[3.257915114216457,45.627749716099764],[3.257635295409852,45.627743153140308],[3.257352951661527,45.627745600105257],[3.257274617119089,45.627735873876574],[3.257159092731257,45.627732535970623],[3.257030746706412,45.627731928683438],[3.256886966260298,45.627724152604557],[3.256554502540886,45.627712304205012],[3.256249049046328,45.627713000110887],[3.255969301349679,45.627721741085658],[3.25445984265125,45.627131744847269],[3.254072839939766,45.626980437341224],[3.252983203996811,45.626695637520335],[3.251672762868665,45.626395112468892],[3.251025127583327,45.626218263031561],[3.251017635352141,45.626264204440027],[3.250993712018086,45.626366012519277],[3.25094935225383,45.6264894777892],[3.250916310369769,45.626561590205299],[3.250895902517108,45.626589550716865],[3.250855050055067,45.626637367452339],[3.25080520560795,45.626683403244257],[3.250754041002233,45.626721337597012],[3.250690066811123,45.626764703367016],[3.250533968875864,45.626870407636915],[3.250386768691863,45.626957181724073],[3.25065514603694,45.627272654297194],[3.250048853963739,45.627442393579848],[3.249777119731127,45.627520438650436],[3.24950411348315,45.627601187336765],[3.249256726177712,45.627671072810465],[3.249336384422756,45.627975260057902],[3.249351588262665,45.62821655617811],[3.249290656234206,45.628366171566938],[3.249155742148714,45.628617705468763],[3.248787725058605,45.628977812871355],[3.248701657253815,45.628960893893421],[3.248580859665297,45.628926942360451],[3.248451070027619,45.628891209580473],[3.248323887809595,45.628864475741956],[3.248129974664514,45.628839689872009],[3.247902708265962,45.628818579078242],[3.247724277322142,45.628811768093257],[3.247477844012582,45.628809608800395],[3.247217353113222,45.628820987112981],[3.246950533190541,45.628852189365155],[3.246745326380434,45.628885056887782],[3.246608121948145,45.628913272627884],[3.24655813566797,45.628928690380157],[3.246435121053284,45.628973083539378],[3.246440138681183,45.628946958507228],[3.246456527058316,45.628880286781232],[3.246485585576175,45.628776667448385],[3.24654197003523,45.628468578318298],[3.246584849360551,45.628298292849919],[3.246607658532816,45.628232507521091],[3.246633126709241,45.628187427498759],[3.246663668420252,45.628128829087281],[3.246698040298385,45.628065719850653],[3.246719577845584,45.628002638740213],[3.24673208726387,45.627929672092392],[3.246737890792127,45.627791885281141],[3.246713205283803,45.627436248134984],[3.246712764189802,45.62733719584066],[3.246716197379962,45.62724353795911],[3.246734975280611,45.627137239659135],[3.246758982976225,45.62705254151011],[3.246870345557693,45.62669840700633],[3.246994568684971,45.626350547564954],[3.247118806318106,45.626006289898832],[3.247224137401085,45.625739515268812],[3.247351152036459,45.625442976913796],[3.24738276978473,45.625338451265634],[3.247405432033363,45.625240248686019],[3.247416531907336,45.625139370071345],[3.247421150617506,45.625024097961628],[3.247421669928154,45.624853004857378],[3.247406917728823,45.624710760818544],[3.247399012568998,45.624664853513913],[3.247389816033936,45.624617148079849],[3.247379215551921,45.624542431212113],[3.247378986379781,45.624491104129255],[3.247385206086816,45.62444696674212],[3.247394056800403,45.624417231314389],[3.247432203180677,45.624337904859352],[3.24748948288132,45.624232422280272],[3.247525070371446,45.624154902389961],[3.247428989060773,45.62419293400918],[3.24734310196186,45.624214734429529],[3.247219993975431,45.624235716074118],[3.246999400343989,45.624267717400876],[3.246760847725924,45.624301558643438],[3.246317076458306,45.624361962782309],[3.245954106823463,45.624411382794108],[3.245746317231978,45.624437050289757],[3.245576967878546,45.624449126264565],[3.245439682088425,45.624456629639006],[3.245306190475042,45.624451517800821],[3.244957069398181,45.624440571985581],[3.244841556604145,45.624438121912036],[3.244758147278532,45.624440104320826],[3.244665758523183,45.624443006674355],[3.244539971045242,45.62443877766141],[3.244340993339024,45.624425702606018],[3.244306355002621,45.624428479260139],[3.244252482401827,45.62443489958757],[3.244131923571229,45.624452270382541],[3.243953645923787,45.624476970055987],[3.243871591195699,45.624495157580292],[3.243821608140065,45.624510574110793],[3.243569204924982,45.624605671491565],[3.24326431400857,45.624730597744623],[3.243137448120473,45.624773194653834],[3.242952870700359,45.624824920865365],[3.242693917625116,45.624890314452799],[3.242554170083011,45.624922132676815],[3.242369501021091,45.624953146999317],[3.242184800263014,45.624976957215949],[3.242018019128065,45.624989922787329],[3.241783176819659,45.624993129038053],[3.241475206746375,45.625001894638743],[3.241301981135875,45.625008569589831],[3.241078755522817,45.625027057685699],[3.240610541520654,45.625076685853351],[3.240253928146628,45.625114367582981],[3.240147440600194,45.625121798741674],[3.239960058505333,45.62511949699666],[3.239673807160429,45.625105699259315],[3.239346395134262,45.625070376733404],[3.239097276068569,45.625036687908462],[3.239125929659414,45.625133879270351],[3.239228668108216,45.625447029265025],[3.2392988877716,45.62565939414462],[3.239371853689776,45.625913175399759],[3.239438084248239,45.626093131271034],[3.239456238399304,45.626136315868749],[3.239484628506808,45.62617227481131],[3.239569674449974,45.626251336378751],[3.239766776681945,45.626422909039647],[3.239999986772464,45.626634025655086],[3.240309126176395,45.626892705336104],[3.240428943481265,45.626998706529669],[3.240477916015417,45.627045427060615],[3.240502441403269,45.627077792074125],[3.240528293228114,45.627120059570998],[3.240560679420941,45.627189327613735],[3.240631982521251,45.627353963744866],[3.240660561771344,45.627433145224543],[3.240674921839646,45.627488944523101],[3.240686711194948,45.627543848834023],[3.240692185207216,45.627622179234777],[3.240696857015137,45.627811270885083],[3.240700515375758,45.628062498104576],[3.240664638096351,45.628076082091674],[3.240632611082105,45.628089657834984],[3.240596718126117,45.628099639897762],[3.240487763569665,45.628131389711356],[3.23995963843141,45.628281997344125],[3.239453340502834,45.628435257508208],[3.239126523040333,45.62854220949994],[3.238897172027006,45.628631844495047],[3.238842123852722,45.628664378757009],[3.238778118689053,45.628703235384009],[3.238687265885968,45.628766461985677],[3.238497948140037,45.628913642232966],[3.237853654143803,45.629512026652947],[3.237518904681886,45.629866623848855],[3.237467820675884,45.629926163594355],[3.237451355558731,45.629977525926421],[3.237450218751074,45.630011746720157],[3.237393769123035,45.630017268707249],[3.237343775424869,45.630031781892548],[3.237223460593565,45.630109477184455],[3.23712738501046,45.630152902884795],[3.236811659877959,45.630456130302122],[3.236639112853946,45.630625784237182],[3.236109257682044,45.630980787295485],[3.235546610435486,45.631473630562667],[3.23500442070141,45.631950219590394],[3.234631040968674,45.632283277239097],[3.234280364121433,45.632826099215102],[3.23409701875548,45.633177669548488],[3.233674846784584,45.6338142887003],[3.233554461644461,45.633878472950919],[3.233523762443849,45.633903750208141],[3.233446927039872,45.633946232357488],[3.233217624075237,45.634054765827322],[3.232993488573556,45.63417139249102],[3.232885956499844,45.634240051839889],[3.232811797032928,45.63430864206245],[3.23273514211654,45.634394346597617],[3.232579328688299,45.634581068918244],[3.232409402355774,45.634769621134332],[3.232197188207218,45.634975369541486],[3.231833960826039,45.635289486810883],[3.231611375860593,45.635471842882033],[3.231392681616037,45.635664095842493],[3.231193146016589,45.635833796919627],[3.230942583845582,45.63608014351906],[3.230763451946761,45.636218285017023],[3.230570109382592,45.636334843715126],[3.230311286315945,45.636447934143206],[3.229728116017016,45.636660739694726],[3.229572942732807,45.636696175176191],[3.229476752737128,45.636716181975665],[3.227982824622604,45.636771445818077],[3.22786656083428,45.636592484862952],[3.227848501186621,45.636570909798067],[3.227825244095551,45.636534037017128],[3.227808423666896,45.636501653626233],[3.227794059410969,45.636442250733467],[3.227763052551797,45.636393687327988],[3.227698567998611,45.636319978081879],[3.22747059091629,45.636131337333545],[3.22712045458711,45.635889814118535],[3.226991794802697,45.63581713443218],[3.226876052549756,45.635764239216236],[3.226756522367687,45.635726659744471],[3.226612589130325,45.635685527342446],[3.226416046774223,45.635649003015693],[3.226225952110229,45.635619669261018],[3.22609875782427,45.635591109337895],[3.225818536111678,45.635494419589214],[3.225494515436957,45.635359096081949],[3.225158947662935,45.635224695230178],[3.225006053713181,45.635188981609858],[3.224733793210803,45.635155307142881],[3.223903076188082,45.6350993317198],[3.223217489917633,45.635063773579873],[3.222973528074603,45.635044446479178],[3.222801403931041,45.635014170865624],[3.222593321414625,45.634979463686427],[3.222445665393234,45.634968949786831],[3.222271097446369,45.634969294648869],[3.222123517339531,45.634977690340669],[3.221827080615113,45.634996284627206],[3.221775729864839,45.634994584849402],[3.221750011234409,45.634982929229217],[3.221585124814718,45.634836475066876],[3.22156060704516,45.6348041059087],[3.221556626637176,45.634771696321444],[3.221131774934864,45.634776133734071],[3.22105863583341,45.634782580788908],[3.221064942351071,45.634754653400847],[3.221098132208522,45.634708663529253],[3.221131239334461,45.634641962680121],[3.221129722105128,45.634583434205709],[3.221118040495815,45.634551039733772],[3.221093505155507,45.634514168090412],[3.221016300098021,45.63446659407014],[3.22074630053601,45.634354563433384],[3.220356718615298,45.634189637780985],[3.220423267178802,45.634139980862408],[3.220459121094929,45.634118299029254],[3.220539896267874,45.634095628691419],[3.220787506392327,45.634065427285954],[3.220883669788902,45.634039124579118],[3.220765691762951,45.633744897822226],[3.220542180319812,45.633702112773939],[3.220367297542334,45.633622312247624],[3.220237078348322,45.633476688747855],[3.220096616483055,45.63333738851707],[3.21995303047121,45.6330576187517],[3.219651519023293,45.63244137621313],[3.219521350874773,45.632307458098396],[3.219390548577327,45.632013254979846],[3.219447764123837,45.631552095813696],[3.219588231198737,45.631046650543936],[3.218967089200905,45.630091547201424],[3.218229279660934,45.630466680877824],[3.218125526664342,45.630520010532038],[3.218050024341294,45.630576887295341],[3.217932375772344,45.630686974152098],[3.217723344040571,45.630732402890203],[3.216819269554583,45.630934955993602],[3.215873071585895,45.631198815504391],[3.215520234982554,45.631231909107164],[3.215344503778249,45.631260160463938],[3.215180351902099,45.631295593276192],[3.215035490822737,45.63134089431184],[3.21489322795394,45.631394294551221],[3.214740710720286,45.631451316109754],[3.214629213097819,45.631494751993721],[3.214481818892895,45.631549061980948],[3.214292113844033,45.631615158626389],[3.214092164606313,45.631687577822724],[3.213866537615735,45.631758244491728],[3.213658882739161,45.631829777075588],[3.213610178594051,45.631847879191056],[3.213560194372152,45.631866884197812],[3.213433379512244,45.63193286004477],[3.2133450525936,45.631994260382477],[3.213277230609963,45.632047517445955],[3.213229948310634,45.632101636041185],[3.213182714432583,45.632168361293594],[3.213149578426373,45.632229656927869],[3.213121621487249,45.632302649031253],[3.21309241212055,45.632383747850646],[3.213063261545094,45.632480154771081],[3.213022662953332,45.632603597857553],[3.212985866320212,45.632714426966736],[3.212945125465168,45.63280095047201],[3.212896745534507,45.632903697116248],[3.212833018264936,45.633020880499068],[3.212775653115688,45.633123644082815],[3.212685167886851,45.633292205526878],[3.212672453388963,45.633323746476322],[3.212653355689488,45.633364304320231],[3.212621567602857,45.63344270644432],[3.212582427112362,45.633612071287509],[3.21256854986298,45.633675131347267],[3.212559934664816,45.633771499361082],[3.212583349760162,45.633852498662527],[3.21261188190065,45.633928985876011],[3.212663583988857,45.634022538496239],[3.21268816881773,45.634073819608673],[3.212706335848521,45.634125112844536],[3.212721984183719,45.634189017608747],[3.212727457347368,45.634277254660667],[3.212724076910313,45.634399726824682],[3.212719201950026,45.634467272311575],[3.212705414541036,45.634553744798296],[3.212687741773326,45.634631219789163],[3.212666180182178,45.634698796805026],[3.212640781614139,45.634769983000602],[3.212607695293254,45.634844785647118],[3.212563125706045,45.634937619644568],[3.212401190790798,45.635219776736413],[3.21213976790244,45.635667810154892],[3.212039049078343,45.635847196198647],[3.211907753694462,45.63608697213423],[3.21180706778843,45.636275362750084],[3.211664400133376,45.636562885446885],[3.211442926078755,45.637054965856883],[3.211183251058348,45.637629061553618],[3.211063545251472,45.637880521074237],[3.211008773405942,45.637992283763204],[3.210966810512486,45.638096818549222],[3.21091976081155,45.638213969626563],[3.210881696575445,45.638331103851719],[3.210857629134279,45.638415794425711],[3.210825931572609,45.638519409448428],[3.210800641976691,45.638620311011074],[3.210786764870821,45.638684271357157],[3.210762755378741,45.638784270031465],[3.210721185372599,45.638992359650274],[3.210644729987021,45.639478764094221],[3.210595703334719,45.639751702479913],[3.210541818625585,45.640097589143444],[3.210473785001942,45.640436298373814],[3.210398031106044,45.64077051958121],[3.210311813428934,45.641392014731615],[3.210299341885662,45.641488389834201],[3.210260328760869,45.641694673580858],[3.210141060945118,45.64206499528111],[3.210081991701452,45.642399185169282],[3.210011323443279,45.642721690379211],[3.209958944677984,45.643127906478746],[3.20997427812389,45.64344754979804],[3.21001647919314,45.643742829927767],[3.210078197271236,45.644106510441034],[3.210065113727451,45.644380282099767],[3.210007714615077,45.644817124116308],[3.209905783371309,45.645360306322637],[3.209822503921998,45.645744067945778],[3.209806052811143,45.645807132518691],[3.209771781367889,45.645910752097478],[3.209694257987903,45.646119808922499],[3.20951595357307,45.64649924487199],[3.20932204634723,45.646827381939744],[3.209269659742711,45.646894115185816],[3.209199332897146,45.646969886591222],[3.20911363003951,45.647053790874878],[3.209003584357083,45.647151247555847],[3.208889649307785,45.647238806015821],[3.208716703165384,45.647339080560876],[3.208583400592452,45.64739785910875],[3.208365456657027,45.647482007750803],[3.208153853618911,45.647545433101989],[3.207939624856616,45.647593554667196],[3.207786930848258,45.647617249187235],[3.207582847669713,45.647632033418923],[3.20736588509899,45.647636035189215],[3.206928108216609,45.647644044554923],[3.206232217171909,45.647638117582716],[3.206064212881516,45.64768795186022],[3.205942411388501,45.647733198957091],[3.205806470224914,45.647773969348279],[3.205611480120501,45.64781754888574],[3.205408726267698,45.647844933529377],[3.20519693161837,45.647857926533987],[3.204959395798721,45.647853856799884],[3.204774466092,45.647840686048312],[3.204585651548717,45.647818517207966],[3.204395573210862,45.647801753252537],[3.204240196430518,45.647794831357672],[3.204078400260271,45.64778792088503],[3.203939727334919,45.647784570233256],[3.203812609396793,45.647781198492922],[3.203679065423056,45.647776037266027],[3.203555795866927,45.647771757789002],[3.203409399857742,45.647763017540989],[3.203270713814932,45.647756064151338],[3.203179564583687,45.647758029655037],[3.202951125431857,45.647783655253498],[3.20287160698307,45.64780631068227],[3.202781873426397,45.647844292689619],[3.202699872736808,45.647890365062821],[3.20260760738536,45.64793825681808],[3.20249867763928,45.64799338234775],[3.202275708235323,45.648110846146913],[3.202168166903498,45.64819478436366],[3.202052918577111,45.648277835825184],[3.201936382722529,45.648359988993633],[3.201796775677797,45.648452989210021],[3.201653316453914,45.64854599615299],[3.201489327363427,45.648642641594378],[3.201311198347106,45.648734809658649],[3.201116335396979,45.648815301036862],[3.200758650140233,45.648960917415174],[3.200424070240119,45.649105591041533],[3.200095921205172,45.649253854180891],[3.199781922806052,45.649410195613619],[3.199289803484213,45.649663203439722],[3.198818148276239,45.649895461833829],[3.198668231555073,45.649980372012081],[3.198543944724388,45.650051729529046],[3.198414518586677,45.650122195481366],[3.198203068097736,45.650234227998553],[3.198078754331526,45.65029838117308],[3.197933967952193,45.650382380862176],[3.197827660975985,45.650455506946003],[3.197698329422127,45.650552986442555],[3.197566432720694,45.650651370776309],[3.197414027585794,45.650759696246411],[3.197114380213576,45.650984441889356],[3.197006819071723,45.651066574238783],[3.196921113816414,45.65115677262191],[3.19685209024032,45.651244240321503],[3.196788256716975,45.6513470071447],[3.196732174767023,45.651463267655842],[3.196682454884267,45.651563308304603],[3.196623734201645,45.651659762712725],[3.196561148595442,45.651752621899924],[3.196553489472788,45.65176524205458],[3.196485837997722,45.651877920703996],[3.196439908556486,45.651960845426302],[3.196397862867629,45.652052768201322],[3.196358378627464,45.652142885524889],[3.196334276587887,45.652225772136561],[3.196303783250284,45.652316774248135],[3.196282328832154,45.652422168348195],[3.196257363815292,45.652623920416517],[3.196243865291169,45.652800438928253],[3.1962438577337,45.653160632793828],[3.196252235155281,45.653350620453864],[3.196300825823511,45.65365580005372],[3.196351451866628,45.653810595146567],[3.196424075978517,45.654013077535289],[3.196475743909697,45.65409943392136],[3.196541549164505,45.654189367547097],[3.196599560898209,45.654254101170942],[3.196581795376138,45.654313564182075],[3.196560308749997,45.654409953561334],[3.196543849549352,45.654475717679929],[3.196524850986362,45.654549590591451],[3.196527594842501,45.654599112464183],[3.196544591044304,45.654684628850376],[3.196554975281793,45.654716127690605]]]]}},
{"type":"Feature","properties":{"nom":"Laps","nom_m":"LAPS","insee_com":"63188"},"geometry":{"type":"MultiPolygon","coordinates":[[[[3.283058962932366,45.682783828180597],[3.283101150551415,45.68274320012889],[3.283391415620023,45.682476825819222],[3.283602470672201,45.6822970972188],[3.283709950091643,45.682212180548028],[3.283832854556576,45.682129025890951],[3.283804406938187,45.682093077970997],[3.283909307062426,45.682006366628016],[3.283984710191219,45.681929634937681],[3.284071457938698,45.681810551570301],[3.284211643492382,45.681590478474632],[3.284336342613392,45.681356936948703],[3.284504219054249,45.681026033355494],[3.284656742583296,45.680707775168351],[3.284754705932779,45.680522026696657],[3.285327347033187,45.679962274089817],[3.285848731465785,45.679429663336258],[3.285972497088141,45.679266360571845],[3.2860805022776,45.67903646146295],[3.286144830132673,45.67880667321095],[3.286155260295416,45.678587827731242],[3.286159574383959,45.678179894971542],[3.286187918673893,45.677947496644713],[3.286335732928951,45.677715695178506],[3.286521812708248,45.677431567797143],[3.286639463693947,45.677080978033452],[3.286782347041047,45.676642075940336],[3.286626666871717,45.676346211142011],[3.286629727819196,45.67619312013862],[3.286691588287767,45.675984049147694],[3.28676757812678,45.675774942154085],[3.286918990352115,45.675495404839602],[3.286951417035156,45.675308020430812],[3.286918403219285,45.67513431006924],[3.286869980135669,45.674961539436239],[3.286739563421107,45.674830400057758],[3.286581032717415,45.674727247235623],[3.286455820491063,45.674608701143569],[3.286464248155301,45.674499720496613],[3.286533023914787,45.674386083901496],[3.286644155114385,45.674266036058349],[3.28671192556127,45.67420643127388],[3.286825965602407,45.67415211156947],[3.286945512142795,45.674168916380673],[3.287125560745049,45.674210780555519],[3.287897770053383,45.674499667519399],[3.288358512671927,45.674669581922281],[3.288673627438959,45.674501283727054],[3.289298421475153,45.674108868298404],[3.29047810635154,45.673226053960789],[3.290548463968499,45.67317094263403],[3.290636586531336,45.67307436291042],[3.290861978523126,45.672700978466018],[3.291312828938025,45.67221264851824],[3.291863857438538,45.671724057214846],[3.2924047767973,45.671268807561873],[3.292672245841669,45.671083512530856],[3.292910171500427,45.670898293698691],[3.293016249069261,45.670798063456921],[3.292905493994995,45.670742521201916],[3.292804981101492,45.670680648786877],[3.292732758799651,45.670625006182263],[3.292641165776335,45.670549603098657],[3.292575294463189,45.670480436552658],[3.292508058023305,45.670395965195837],[3.29243301547556,45.670292603792738],[3.292351399031444,45.670160443747832],[3.292296807614139,45.670038118894965],[3.292243396252886,45.669895980191406],[3.292211786535638,45.669747481477629],[3.292208642636818,45.6696385304339],[3.292206816406779,45.669535879397174],[3.292206640546195,45.669502561751244],[3.292197160310656,45.669409835955008],[3.292172315064524,45.669326154911637],[3.292154081871889,45.669278476281036],[3.292121796572048,45.669245241923605],[3.292070255140859,45.669213858473583],[3.291969826691057,45.669167293428046],[3.291892849527626,45.669183701761867],[3.291709349619646,45.669215694311127],[3.29144245019601,45.669264111210055],[3.291153782138955,45.669325190601],[3.290961342724002,45.669367110420033],[3.290807429769993,45.669408029949764],[3.290674095095773,45.669454299095868],[3.290547205753109,45.669505053902519],[3.290426785349081,45.669564796776562],[3.290275666861167,45.669648931852144],[3.290133599996818,45.669744749766565],[3.290035140666258,45.669828748853348],[3.289921409778486,45.669939801841807],[3.289788530311349,45.670073416215281],[3.289743793170082,45.670114953816459],[3.289738794738621,45.669896147804579],[3.28973264391489,45.669702558457338],[3.289721421569503,45.669521589006997],[3.289728322014525,45.669367587613358],[3.289753217856267,45.669216241393173],[3.28979474915635,45.669053146007428],[3.289772858228531,45.669042396463006],[3.289735559533222,45.669032587041769],[3.289618648515009,45.669026584317002],[3.289199839109851,45.66900784975266],[3.288992965654884,45.668991271479108],[3.288761632877778,45.668963949671223],[3.288657476625303,45.668940803954527],[3.288337222437992,45.668856077846549],[3.287713507361115,45.668704589788774],[3.287352851761754,45.668506502482451],[3.286046600538858,45.66750488211089],[3.28546096162149,45.667011999680589],[3.284349186198998,45.666102617139494],[3.283585915553738,45.665526428009599],[3.283242764107036,45.665228329372539],[3.282434461824725,45.664631534553934],[3.281671642162336,45.664388512206386],[3.280619578315279,45.664088574576077],[3.277918708658649,45.663313648513665],[3.277520659167448,45.663071498340905],[3.277200104322909,45.662916503396424],[3.276879109967007,45.662673260790676],[3.276145056888311,45.662265341126769],[3.275999464454982,45.66217024631834],[3.275819275016355,45.662090544363735],[3.275572495307371,45.662048825592507],[3.275289735649523,45.662002691803693],[3.27501090065806,45.661970955529611],[3.274705084164509,45.661936582924135],[3.274266704527292,45.661844000709806],[3.273986519873879,45.661798757871132],[3.273310248994026,45.661642815845781],[3.272756318060073,45.661555010592679],[3.272628531945502,45.661684089798655],[3.272349549485597,45.661621730713073],[3.270797789723808,45.661272481745016],[3.270526459366367,45.661198393412583],[3.270226988295191,45.660883941736742],[3.270110559316681,45.660709526453793],[3.270163563493839,45.660518495910239],[3.270103656696129,45.660347546959322],[3.269992313221932,45.660162313515286],[3.269712977330518,45.660025208304567],[3.269629567910791,45.660038014879326],[3.269575694291199,45.660050750689216],[3.269488489274874,45.660075272584905],[3.268706348837616,45.660324775750915],[3.268489751463283,45.660413540174879],[3.268293608604007,45.660483345209585],[3.268175595160856,45.66051064094718],[3.267765041522971,45.660590860834922],[3.267589226426893,45.660615591922223],[3.267539156455675,45.660618412353813],[3.267503151555517,45.660608592525982],[3.267440422462753,45.660649263463768],[3.267375107520586,45.660686338555934],[3.26732254736645,45.660705373580342],[3.266936551173236,45.660818850183681],[3.266367148510975,45.660981385770754],[3.266009344403687,45.661083086161732],[3.265428404449356,45.661251047171199],[3.265263032341176,45.661311769507769],[3.264924620618674,45.661441335877385],[3.264295234951481,45.661685045944949],[3.263842760166376,45.661864403516681],[3.263823531352942,45.661871652467575],[3.263719979679604,45.661700802386612],[3.263580170930742,45.661467002958908],[3.263539919262359,45.661374346953352],[3.263532119784029,45.661354554481079],[3.263500874786771,45.661265479334844],[3.263463058955165,45.661144902492353],[3.263413831235648,45.661054968907749],[3.263385343449756,45.661005508731314],[3.263326266455438,45.661004746405013],[3.263263341176227,45.661004893531924],[3.263170960861643,45.661022218726259],[3.262632318716425,45.661174758146416],[3.262309115793739,45.661262858748216],[3.261998621726162,45.661323013742383],[3.261513535566461,45.661396180291369],[3.26095385416446,45.661446104960874],[3.260386411495343,45.661484338456994],[3.260144998694124,45.661488498360164],[3.259989546976128,45.661475350055873],[3.259570576782128,45.661407879534771],[3.259003752205794,45.6613038276396],[3.258826415218913,45.661279021730657],[3.258611832518196,45.66125340059741],[3.25840757400559,45.661238561212777],[3.258272632714509,45.661217259088225],[3.25804769721958,45.661174551366784],[3.25774038092459,45.661090609365452],[3.257422762737691,45.661000386667851],[3.257304416433104,45.660957433755087],[3.257224587573535,45.660912591768366],[3.25715374814892,45.660867729197676],[3.257063616791906,45.660816607213512],[3.256988966862448,45.660780758110725],[3.25681661882889,45.660723520118978],[3.256590222841992,45.660642091876987],[3.25592388063356,45.660397775238721],[3.25550585036393,45.660252845602329],[3.255363087123405,45.660205443622509],[3.254914260472159,45.660065084067774],[3.254744414714753,45.659992528973163],[3.254831418912283,45.659922994611627],[3.254908232497878,45.65987149299292],[3.254997912446118,45.659825365109072],[3.255131270328735,45.659782740150327],[3.255223576377928,45.659749212955376],[3.25529279649987,45.659722041434833],[3.255372227532535,45.659681339409609],[3.25541831602885,45.659650618319453],[3.255438746245716,45.659625358339298],[3.255442415932284,45.659585728584027],[3.255420319416777,45.659528147534822],[3.255355521938171,45.659400425332088],[3.255218463730689,45.65919722598376],[3.255144300499099,45.658987580573928],[3.255122225277241,45.658934501857104],[3.254571053992651,45.657758812830878],[3.25432074264084,45.657779189163861],[3.254012625251689,45.657795192920609],[3.253857168845642,45.65777843424484],[3.253729831016165,45.657732796418685],[3.253517337908131,45.657599102491474],[3.253366408835465,45.657449060895992],[3.253286089822498,45.657295258347247],[3.253272544471652,45.657141305571557],[3.253315544766336,45.656997130956555],[3.25335614145431,45.656888981205874],[3.253359581720704,45.656798924787132],[3.253297426274184,45.656685603290668],[3.253145245017641,45.656541867641252],[3.252979108308998,45.656435083100298],[3.252744751517674,45.656292431996938],[3.252451213426023,45.656124699484174],[3.251699748996972,45.655782395876244],[3.251249270754967,45.65555107641125],[3.250915902631218,45.655376224901644],[3.25057343820668,45.655177079518502],[3.250191085247655,45.654959111524896],[3.24999647415282,45.654800157670067],[3.249885688590501,45.654721160778436],[3.249764817835148,45.65468360852892],[3.24951156912948,45.654619334980033],[3.249344319289833,45.654547666560447],[3.249239870242746,45.654449744790455],[3.249003477657844,45.654421452247725],[3.248482751521996,45.654268619437843],[3.248184326953208,45.654151313904052],[3.24795803101268,45.65408337551505],[3.247763920938192,45.654034276066781],[3.247589107854127,45.653993238230989],[3.247018048958131,45.654069232865439],[3.245883502713134,45.654192381340522],[3.245789796332992,45.654198889338915],[3.24568200152819,45.654213532377561],[3.245601215294328,45.654238021752668],[3.245533269328454,45.654262483070241],[3.245476907555724,45.654293222496072],[3.245408961467206,45.654317683738718],[3.245324294928035,45.654335877967945],[3.245138261235585,45.654370501623383],[3.244966355704073,45.654405994720776],[3.245021851140495,45.654759765089295],[3.244848104866909,45.654960051007471],[3.244806471666502,45.655127631991448],[3.244660940922111,45.655320652383402],[3.244123083530244,45.655941354405151],[3.243835701655827,45.656290465331857],[3.243575420666566,45.656671033931282],[3.243742693235258,45.65674811379963],[3.243823686172432,45.656769550122831],[3.243929112634033,45.656799037837914],[3.244151538623598,45.65686158982561],[3.244436993132901,45.656948317704163],[3.244726356548222,45.657047643176945],[3.244821562983387,45.657088858595266],[3.244943791436746,45.6571426219665],[3.245118831742774,45.65723319020104],[3.245331227364361,45.657349790893299],[3.245499836443614,45.657437671092097],[3.24564263603485,45.657496791776964],[3.245688907906755,45.657506596177363],[3.245732615572452,45.657517306641246],[3.245822531214358,45.657523413788333],[3.246013923546815,45.657536503095869],[3.246123196961484,45.657564179386284],[3.246204200021567,45.657587414954314],[3.246312321705585,45.657644809637283],[3.246414323591725,45.657769754104343],[3.24648168681599,45.657901978201402],[3.246505165743828,45.657983871087062],[3.246503917702488,45.657991978198758],[3.24649284565748,45.658100961317743],[3.24645086237637,45.658189300902123],[3.246420339926209,45.658256003711898],[3.246427353674052,45.658389260385867],[3.246466057929752,45.658429697576636],[3.246399920271189,45.658573019695801],[3.246357800265142,45.658630743000522],[3.246343802976472,45.658659589196226],[3.246301795000838,45.65874252586174],[3.246207653687248,45.658941739292956],[3.246158012485354,45.659040901355681],[3.246105738773694,45.659125661363404],[3.246068698607916,45.659170766645012],[3.246032886513913,45.65920326241752],[3.24587064334834,45.659393619478443],[3.245675426498295,45.659677698868201],[3.245566991795447,45.659840022998146],[3.245541388394552,45.659858088564043],[3.245513196684768,45.659871657333696],[3.245473443489976,45.659884350813087],[3.24546060983065,45.659886179761983],[3.245479984078969,45.659911351156822],[3.245482616285519,45.659925753206316],[3.245474999121559,45.659945580519384],[3.245400968487686,45.660047496876246],[3.245320620460443,45.660172839602801],[3.245299012955302,45.660223313931034],[3.245280037581857,45.660288190309984],[3.245262545776358,45.660398087792494],[3.245252065105974,45.660641242045379],[3.245252248581463,45.660682664037445],[3.245255235755312,45.660777208643509],[3.245260320830672,45.661055447987856],[3.245034470499954,45.661093760101515],[3.244455299718723,45.661095018864657],[3.244589349638906,45.661497245386094],[3.245529513082046,45.661524015013413],[3.245541022307127,45.662092197134115],[3.244630608955315,45.662115790221492],[3.244733293338601,45.662684674821804],[3.244759503381162,45.662803482130919],[3.244993341196568,45.662827286799967],[3.245103844994832,45.662840553645701],[3.245184791544016,45.662849382305147],[3.245356954597397,45.662866116587502],[3.245530370042451,45.662875643980747],[3.245630568234629,45.66288172888332],[3.245865555032362,45.662874912680074],[3.245947753986528,45.662876534161448],[3.245981168066219,45.662881864101927],[3.246042875315129,45.662896137089554],[3.245923601526314,45.662932417099697],[3.245754302337313,45.662982313468227],[3.245673503340797,45.663006802913152],[3.245290027193747,45.663122901166652],[3.244629507230557,45.663319743607858],[3.244172880259172,45.663448603747732],[3.244008703001198,45.663495784920862],[3.244555893572293,45.664389682033949],[3.24508550734286,45.6642102342554],[3.2457560685044,45.665405520278298],[3.246039612990184,45.665340966583081],[3.246222151709564,45.665667444481166],[3.246618719131807,45.665603542653351],[3.247322240283988,45.665540766718841],[3.247327779736514,45.665630803274816],[3.247348891724853,45.665756825118883],[3.247366295740177,45.665915272645599],[3.247382041349784,45.66598997850069],[3.247401591637242,45.666053870149149],[3.247432640382216,45.666104229223627],[3.247463620759317,45.666139280156678],[3.247512549311132,45.666167087738884],[3.247618080209747,45.666215482069688],[3.247660587347968,45.666243303706629],[3.247694108371196,45.666272045579149],[3.2477083647337,45.666300829816059],[3.247709818263784,45.666338647084793],[3.247710184901516,45.6664205906213],[3.247664976737582,45.666650314308214],[3.247638541696674,45.666770137250175],[3.247616978032499,45.666830517313528],[3.247597837995586,45.66685847450124],[3.247572252145508,45.666881042931593],[3.247535067069525,45.666894631977947],[3.247456819730988,45.666916415629032],[3.247432445683279,45.666922772593246],[3.247524619306427,45.667143189442676],[3.24774031976608,45.667414662342431],[3.248981452727252,45.667514580899805],[3.249022000426113,45.667677479474591],[3.249127089968872,45.667912274282735],[3.249198434513236,45.668068801260979],[3.249272486030422,45.668255938779772],[3.249300029307845,45.668382846549747],[3.249329027405706,45.668547571568865],[3.249341641169031,45.668781670396356],[3.249357905367732,45.668970736768244],[3.249437491980703,45.6689606551693],[3.249547919786878,45.668954107132762],[3.250184725354688,45.668898665091142],[3.250671759622464,45.669805273656344],[3.251298745694951,45.670697160239357],[3.252081127516913,45.670451379689496],[3.252916905860397,45.670930366460539],[3.253174242894065,45.671028841960258],[3.253203233917892,45.671470015829179],[3.25347962608656,45.671521622434007],[3.253981497659278,45.672005854816184],[3.254220416845855,45.672008017271004],[3.254667362060416,45.672277153974491],[3.254864587897497,45.672429790820686],[3.255025713088671,45.672552792967423],[3.254358864894658,45.673066678550121],[3.25453184918101,45.673254489767423],[3.254318214922011,45.673444975310488],[3.254355686406743,45.673772668346629],[3.254427783177233,45.673808525035689],[3.254471617172107,45.673843545046971],[3.254519395774546,45.673898366865572],[3.254557072468433,45.673991031994547],[3.25469844511781,45.674286972987886],[3.254797169492653,45.674526279544899],[3.254827434366029,45.674682896013962],[3.254829523081917,45.674857585989074],[3.254822877214322,45.675088125993717],[3.25478181893227,45.675656426919751],[3.254816232294708,45.675876968687227],[3.254848660747282,45.675945332427531],[3.254911934779829,45.676017228310599],[3.255015042155053,45.6760917354488],[3.255143807433772,45.676158980472316],[3.255345945667456,45.676259377109574],[3.255474828106886,45.676351835163658],[3.255522709631424,45.676428268060164],[3.255551697203627,45.676585787750824],[3.255545245367941,45.676857749858151],[3.255565910667769,45.677160267053523],[3.255559749765459,45.677217011797097],[3.255571709994937,45.677303431543088],[3.255638004804334,45.677472572921133],[3.25577940876937,45.677772114554237],[3.255968876953582,45.678186809329546],[3.256146611575405,45.678563709972295],[3.256385425827758,45.679091753417232],[3.256572304612758,45.679500149714251],[3.256673632339568,45.679743050788183],[3.25669284067918,45.680006850171594],[3.256716132820516,45.680320167124222],[3.256683715162701,45.680809206318166],[3.256682764594708,45.680881247575435],[3.257850326643709,45.681114509168474],[3.25818904814254,45.681297433043916],[3.25876120196428,45.681398775964489],[3.25975157977793,45.681649534048347],[3.260561789978223,45.681832263166115],[3.261153245043297,45.681938051763893],[3.2617164595123,45.681776457670971],[3.262016646329962,45.681685710975763],[3.262046151089962,45.681676637457628],[3.262184665006444,45.681627688765104],[3.262260733490658,45.68168514298771],[3.264512478414868,45.682696530371885],[3.265389543179315,45.683151015573983],[3.265944089241226,45.683056957436072],[3.266255775265908,45.683220110231581],[3.266491621972309,45.683374436707027],[3.266577527374644,45.683605659183804],[3.266776723148124,45.683885239796886],[3.267487099343589,45.683868247021501],[3.268741101659016,45.684682906888447],[3.269532654380745,45.685240219807675],[3.269735189812767,45.68540992757039],[3.269990217113766,45.685541688630856],[3.271246105123977,45.68593938971123],[3.272015537946081,45.686169860870656],[3.272102101155578,45.686006663217398],[3.272168027900543,45.685827306542294],[3.272161998762834,45.685646322704415],[3.272299782638373,45.685448782549024],[3.273092277151019,45.685406342251277],[3.274792724869173,45.685287845243387],[3.276482963784775,45.685184655932197],[3.276999816797608,45.684746648794253],[3.277586787100184,45.684970326467777],[3.277657705559218,45.685021479619031],[3.277781556395657,45.685123830138835],[3.278004451089049,45.685249348894118],[3.278307223423663,45.685418793914103],[3.278374139387844,45.685440240343375],[3.278429433707213,45.68545000908842],[3.278561799806853,45.685456885794977],[3.278804564233009,45.685445479394183],[3.278997209482485,45.685431495130601],[3.279107712059849,45.685433922889011],[3.279187435028016,45.685447232698102],[3.279271107724024,45.685479442946445],[3.279518167518465,45.685555371874933],[3.279783078062052,45.685604241237961],[3.279964383990499,45.68563440748477],[3.280105753157442,45.685643060985285],[3.28029859943318,45.685668695552238],[3.28052481316678,45.685687042789581],[3.280684449256586,45.685497542300268],[3.28091298096566,45.685213318377663],[3.281094153184829,45.684964331273818],[3.281280554258429,45.684733340621364],[3.281446485043828,45.684519510109808],[3.281613699276057,45.684305676145833],[3.281798760805436,45.684064782596835],[3.28195067036555,45.68387349866132],[3.282047717032398,45.683757092546472],[3.2821703795161,45.683625313863445],[3.282331444913202,45.683466424114847],[3.282575633670099,45.683232585010252],[3.282730360658753,45.683090819895398],[3.282840334125207,45.682990589470272],[3.283038509144162,45.682803690347583],[3.283058962932366,45.682783828180597]]]]}},
{"type":"Feature","properties":{"nom":"Cournols","nom_m":"COURNOLS","insee_com":"63123"},"geometry":{"type":"MultiPolygon","coordinates":[[[[3.043762286345463,45.658665708944291],[3.044186030949079,45.658637628510128],[3.044099758956671,45.658343204582216],[3.043942725077613,45.657877716582249],[3.043807523759661,45.657412219890745],[3.044377462804111,45.657153558290617],[3.044577721149914,45.65707603771051],[3.044612767074992,45.657541573191999],[3.044973798944585,45.657781858362164],[3.045295014957552,45.65800865116816],[3.045826440001545,45.657762604459684],[3.046075473325195,45.657658947362933],[3.046311796352958,45.657712879357035],[3.04677694292447,45.658062074253529],[3.047017074866838,45.658061974244049],[3.047704633400476,45.658700127098562],[3.047983048928631,45.658419058283798],[3.049009787291592,45.65777387068254],[3.049605225109203,45.657333274066687],[3.050284075033384,45.656843110568111],[3.050622379263747,45.656079349993739],[3.051061973251081,45.655161560101774],[3.051414375935965,45.654392387959433],[3.051763005137513,45.653717767114784],[3.054824270685928,45.652565502057364],[3.057407353784932,45.649772720619666],[3.065389219380917,45.650549085634694],[3.075556707195997,45.64667605209344],[3.075826150896305,45.646553405417784],[3.076386413144366,45.645983922205737],[3.078167150861562,45.644192542298669],[3.078754277432281,45.64358971091275],[3.078687384636081,45.643494306643859],[3.078531720480711,45.643264792548102],[3.078424903703336,45.643079367817961],[3.07836048664557,45.642918226484895],[3.078338493051569,45.642798477752265],[3.078344704302228,45.642651694946487],[3.0783638016027,45.642539121468921],[3.078371411195525,45.642473381023791],[3.078341817067797,45.642425676105006],[3.078230012492452,45.642342909562323],[3.078074574330503,45.642270078476017],[3.077729121167997,45.642183871316924],[3.077501798712694,45.642114690979369],[3.077291139269041,45.64202658863411],[3.077095874260912,45.641930371021068],[3.076908279930477,45.641810735313733],[3.076657683050897,45.641619103705217],[3.076407050639423,45.641400457126416],[3.076203997739229,45.641239408602566],[3.076022820170075,45.641115264679208],[3.075844261431434,45.641028038436168],[3.075649047961944,45.640965136100192],[3.075388352457537,45.640893272485968],[3.075185455946545,45.640843881712193],[3.074972294854003,45.640798099335179],[3.074761678473384,45.640735205720318],[3.074485574455933,45.6406588478443],[3.074316075739616,45.640623841102212],[3.074199249671542,45.640618515280622],[3.074129950306854,45.64063476960073],[3.074054261175593,45.640672639632619],[3.073942688936963,45.640756457735343],[3.073836206859996,45.640806954581507],[3.073720704928729,45.640832243758275],[3.073602605519535,45.640835022482605],[3.073489625480204,45.6408260914843],[3.073380543187256,45.640852276602075],[3.073294572685366,45.64088204849341],[3.073154700887865,45.640923561617299],[3.073023797192303,45.640951561530755],[3.072883866955755,45.640948950772703],[3.072776016990354,45.640936413811239],[3.072664283986484,45.640899566258355],[3.072535823739441,45.640833013492305],[3.072339242784087,45.640702570206656],[3.072231324138332,45.640636904373693],[3.07212601892352,45.64060635553227],[3.071993782575821,45.640596534888488],[3.071856427739436,45.640599324094318],[3.071671583296604,45.640608446747585],[3.071509843487258,45.640615753459826],[3.07138274095803,45.640605028355616],[3.07125047694498,45.640573595306392],[3.071122056152936,45.640535856305135],[3.070969243691764,45.640497232056852],[3.070771498955474,45.640456834896732],[3.070514703449336,45.640416474395451],[3.070408131907511,45.640398531478759],[3.070288720971012,45.640378795516632],[3.070078128592507,45.640329400348833],[3.069898329852735,45.640267378933729],[3.069767310370702,45.640203526047792],[3.069695349885905,45.640145939827924],[3.069660612641729,45.640084728608819],[3.06964253652602,45.640001895524449],[3.069646235931247,45.639881228757943],[3.06963841482064,45.639786683073979],[3.069598520424612,45.63970746540501],[3.069538102763041,45.639640867138752],[3.069408341796388,45.639555401514848],[3.06913089316838,45.639419599595811],[3.068826493954302,45.639288315882681],[3.068466889743224,45.639150761572459],[3.068099584094079,45.639012310294632],[3.067823443822284,45.638891812549943],[3.067502372639691,45.638768639639586],[3.067228876556352,45.6387093715663],[3.067029879046455,45.638686978214537],[3.066830906685991,45.638685295560265],[3.066611435547688,45.638716942485296],[3.06644847416765,45.638771968145427],[3.066212458848484,45.638924288519057],[3.065870024655869,45.639184728451582],[3.06525707955485,45.639744284219788],[3.065126240298189,45.63982810473783],[3.065033829389985,45.639841665381518],[3.064914439509709,45.63983723188813],[3.064855369032358,45.639820156795693],[3.064827061128223,45.639763442791235],[3.06482823943965,45.639673394001427],[3.064835778272145,45.639533815088505],[3.064834166775584,45.639253766398859],[3.064802959949154,45.638913402527542],[3.064774592539238,45.638805361129748],[3.064674347632883,45.638704564894432],[3.064553631427525,45.638661411098163],[3.06437005813834,45.638655212856918],[3.064177551311865,45.638694043461122],[3.064044097647707,45.638736442077239],[3.063938854612896,45.638752710564795],[3.063829746984838,45.638757274892079],[3.063711626646452,45.638738431708518],[3.063566528452616,45.638701594018606],[3.063357298043132,45.638709816307873],[3.063157076942205,45.638738744217093],[3.063017191691398,45.638770339451561],[3.062868294960562,45.638779427520035],[3.062603848568027,45.638772371056334],[3.062118584959156,45.638743824500963],[3.061415090369364,45.638709992245765],[3.061104420126456,45.638692151697988],[3.060821983098625,45.638667091193305],[3.060452259193002,45.638644778333877],[3.059982402911075,45.638617114776537],[3.059805218525835,45.638582990776293],[3.059679347422977,45.63851732246988],[3.059597106976912,45.638438123717066],[3.059541785141394,45.638322891431066],[3.059483808202955,45.638125716756818],[3.059430856181479,45.637825884579101],[3.059403713932758,45.637653006572748],[3.05937538665659,45.637571978238157],[3.059307283636284,45.637507179517186],[3.059209685704145,45.637469410700561],[3.059087732181473,45.637463171417949],[3.058976081444068,45.637488443436396],[3.058852897832458,45.637532631473114],[3.058643773146732,45.637637196401656],[3.058393624761691,45.637793109642523],[3.057966485147771,45.638097692963811],[3.057803591238506,45.638223844060285],[3.057681694351446,45.638273433041725],[3.057593132414432,45.638284284160292],[3.057463486474163,45.638288852823351],[3.05726708131293,45.638285350992362],[3.057039868111762,45.638281864434347],[3.056763893039329,45.638295511155526],[3.05646098095395,45.638328981294997],[3.056315948163577,45.638350665490762],[3.056119604893568,45.638408394329666],[3.055905333407512,45.638509354816605],[3.05540633254784,45.638858087666783],[3.055289563259122,45.638904069610973],[3.055127831646293,45.638916755667246],[3.054912165575244,45.638909657233476],[3.054656686702867,45.638883667624768],[3.054299772416805,45.638832512946408],[3.05410847738586,45.638805590633361],[3.053900466648919,45.638749860610602],[3.053671883438367,45.638659021258569],[3.053475392009258,45.638567265721449],[3.053355940747532,45.638495283931569],[3.053253181869807,45.638427796524304],[3.053182500325418,45.638344985697586],[3.053150351526259,45.638285569142752],[3.053124602136803,45.638206338979465],[3.053080834039028,45.638077590860739],[3.053026852883556,45.638007378794903],[3.052961344741268,45.637964186553859],[3.052863756346892,45.637932715596754],[3.052789297982963,45.63792644717438],[3.052663516310053,45.63794451570979],[3.052500556151514,45.638013028379795],[3.05226962083768,45.63814460606072],[3.052083565436256,45.638225735582175],[3.051896187011389,45.638265443285547],[3.05168310719205,45.638275446611367],[3.051590677133175,45.638269185645946],[3.051531610760618,45.638250302603382],[3.051484094094817,45.638227812324395],[3.051414731714148,45.63818011854125],[3.051354348435884,45.638125216772487],[3.05127596729953,45.638041507783996],[3.051232221118925,45.637931669038366],[3.051218012585583,45.637836224534205],[3.051228196080522,45.637743470373273],[3.051279413980204,45.637604773003567],[3.051311375197245,45.637464283430283],[3.051313824878626,45.637337314519073],[3.051282913128018,45.637224768506336],[3.051199353856742,45.63709243586834],[3.051104266327746,45.636986222347169],[3.050996380099489,45.636920536180661],[3.050815296289757,45.636821565191624],[3.050580290661443,45.636711812386636],[3.05042874900038,45.636631737594882],[3.050268179879218,45.636504841633631],[3.049878911313802,45.636139419633416],[3.04967722633943,45.635964815572009],[3.049498710409931,45.635860438458444],[3.049375435370794,45.635806463761817],[3.049194438869075,45.635798438686699],[3.048953135746685,45.63581655350405],[3.048715670633972,45.635820258452362],[3.048474337316037,45.635804153991039],[3.048302306605395,45.635773611603405],[3.048177750098342,45.635720536626621],[3.048019790336073,45.635633257503258],[3.047873351618946,45.635509053553548],[3.047735870063299,45.635351527833613],[3.047627919783827,45.635202994262343],[3.047514787816436,45.63499863298059],[3.047350123019694,45.634571874580679],[3.047229284983823,45.63435941194134],[3.047114969902424,45.634269411797519],[3.047003252139691,45.634214529194224],[3.046783728835724,45.634176800471188],[3.046501330383818,45.634162509807474],[3.046316474643415,45.634137372572752],[3.046229166850652,45.634107692609085],[3.046152101470129,45.634046491560888],[3.046077579431358,45.633956474043273],[3.045909306484932,45.633805262082696],[3.045804010164278,45.633752176633848],[3.04568334098991,45.633735116546255],[3.045468989476168,45.63373970574473],[3.045193041531049,45.633762328893482],[3.045005668875924,45.633796622229404],[3.044877364114527,45.633860607573425],[3.044797836845274,45.633927274809672],[3.044675977714449,45.634026376098198],[3.044513033675676,45.634112886784116],[3.044374451083127,45.634166970334824],[3.044187083017123,45.634209366631254],[3.043980444579352,45.634231059095654],[3.043827701928648,45.634234720597213],[3.04347341594887,45.634210545020252],[3.043206412649079,45.634185434376718],[3.043069047065011,45.634155771166711],[3.042963758387165,45.63410988690088],[3.042881572781515,45.634062192776348],[3.042828887163265,45.633985671995497],[3.042732474932242,45.633798408703029],[3.042582097712148,45.633538226844841],[3.042398394998867,45.633337489058505],[3.042291789817279,45.633245680163071],[3.042135130621626,45.633159292799128],[3.041990042282914,45.633097213872631],[3.041820575016097,45.633045949585217],[3.041638243488923,45.632955969146131],[3.04134674611849,45.632778681971935],[3.04102829631795,45.632601403874439],[3.040777914291605,45.632476328098633],[3.0404363809256,45.63232156870157],[3.040252762649942,45.63222078072419],[3.040065285995821,45.632108287577985],[3.039853370028936,45.631921963393332],[3.039620880560211,45.631681617241448],[3.039468031739196,45.63152678833972],[3.039360156505869,45.631442180973089],[3.039249736275577,45.631388190719576],[3.03913034569375,45.631354014042373],[3.038953214484834,45.631344170203725],[3.038826143959326,45.631339711709543],[3.038661839765113,45.631318156743703],[3.038556561384301,45.631274069327183],[3.038488497341853,45.631219163329746],[3.03842938798324,45.631121031183881],[3.038374124348042,45.63101569385514],[3.038286775943813,45.630913969340241],[3.038207156164884,45.630851863263622],[3.038068497607188,45.630792478556373],[3.037877199443415,45.630708798441546],[3.037756549159182,45.630706137540059],[3.037667991745825,45.630711570094519],[3.037555052807529,45.630724214558931],[3.037474199358499,45.630734146790871],[3.037311197961793,45.630737802866435],[3.037181553508876,45.630720736647035],[3.037055744559672,45.630681157011317],[3.036855465067693,45.630599279078346],[3.036706552006032,45.630557005175788],[3.036542241454384,45.630521039437859],[3.036341998743263,45.630493189389874],[3.036163588469068,45.630485142536038],[3.03596721700475,45.63048880738269],[3.035829897077535,45.630509562225903],[3.035695160853275,45.6305564300066],[3.035561717719304,45.630618605380249],[3.035433393284845,45.630657366500337],[3.035347409027819,45.630672701700426],[3.035202382300373,45.630685353876849],[3.035083022532313,45.630693495467732],[3.034934165650072,45.630738565778273],[3.034604373299158,45.630844023839408],[3.034356724230426,45.630950356369972],[3.034247649023312,45.630986408820576],[3.034132144516508,45.631003553031668],[3.034001227421425,45.631003592657962],[3.033866446611722,45.630982021770315],[3.033753471689688,45.630937932179464],[3.033655885251666,45.630871325870537],[3.033568538645641,45.630757891455438],[3.033440040188194,45.630511198146891],[3.033311503890253,45.630199670140485],[3.033256246040472,45.630086225988421],[3.033221568329272,45.630046615105428],[3.033112442493724,45.629996220378729],[3.033012301728334,45.629946723391456],[3.032921136372205,45.62988191552887],[3.032822279458166,45.629832417997612],[3.032736273410457,45.629809931044896],[3.032643858558342,45.629801853566768],[3.032588674512036,45.629810874359954],[3.032515527632151,45.62982980559795],[3.032433374241414,45.629810919221008],[3.032373027843005,45.62977131547197],[3.03229601319993,45.629760531837306],[3.032212597982238,45.629778565344353],[3.032147160214945,45.62981190181732],[3.032080431073152,45.629831731419266],[3.032026519447456,45.629821841492529],[3.031998267945857,45.629795735606137],[3.031949477277954,45.62976333218468],[3.031872460138116,45.62974804586058],[3.031776202331122,45.629752575479301],[3.031674799293437,45.629737295902395],[3.031592650948119,45.629726513231205],[3.031515646764458,45.629733738660988],[3.031428388579898,45.629765279863754],[3.031369377409389,45.629815723210861],[3.031316784522474,45.629867965701685],[3.031273169259141,45.629908499432879],[3.031203878822434,45.629939134987801],[3.031139710069418,45.629948157561209],[3.031021631744059,45.629950891609596],[3.030876612442888,45.629975244450364],[3.030680294300003,45.630072549987034],[3.030503214305232,45.630145537006982],[3.030340233414226,45.630184301704993],[3.030179804053745,45.63019515059986],[3.030028349734066,45.630188887749945],[3.029928220618785,45.630156497137015],[3.029849902542297,45.630108792490987],[3.029766411009967,45.629987249792372],[3.029634083745854,45.629745956054151],[3.029455516941912,45.629437138274703],[3.02939130023494,45.629355211380606],[3.029286014397902,45.629275996584852],[3.029201294109883,45.629253506597962],[3.029042144073735,45.629251746818717],[3.028911224066133,45.629238273325946],[3.028827779950409,45.629201375050044],[3.02873533352179,45.629129360291088],[3.028613373429304,45.629068158724088],[3.02849528712851,45.629051980044309],[3.028330982688248,45.629008798484818],[3.028269358480411,45.628972794781006],[3.028125551754246,45.628854867933107],[3.028016422883625,45.628784657714057],[3.027921428101045,45.628745960682878],[3.027795639740384,45.628725280780401],[3.027608248675923,45.628710018745764],[3.027431131982527,45.62870826109485],[3.027301496211059,45.628692984457672],[3.027209079592216,45.628675897719276],[3.027141043223028,45.628647999268651],[3.027071718196364,45.62860929532755],[3.027015224638955,45.628564284904932],[3.026922793007126,45.628515681137195],[3.026840646525716,45.628503094039047],[3.026761077406428,45.628512117786777],[3.026675096680333,45.628532849237367],[3.026582689595301,45.628534672061527],[3.026494118194194,45.628505877588836],[3.026409392061452,45.628466276385005],[3.026291314097247,45.628463602591196],[3.02622330700827,45.628496035735502],[3.0261463293335,45.628557286281421],[3.025964154094838,45.628714912448402],[3.025870490567003,45.628775266175019],[3.025784509518349,45.628796897425595],[3.025686966493929,45.62879511877091],[3.0255932605134,45.628764523800449],[3.025522650070131,45.628719515837574],[3.025464857655734,45.628638485733006],[3.025377506592853,45.628471016194339],[3.025231077700286,45.628215312818824],[3.025150183190722,45.628131586293861],[3.025077008677664,45.628090180546849],[3.024980739796924,45.628064988519142],[3.024875495872472,45.628059608951069],[3.024666307955096,45.628085768910601],[3.024250500367708,45.628142589509437],[3.024004092607862,45.62816965673192],[3.023924519616873,45.628169673675693],[3.023866765802457,45.62817148689799],[3.023756385339936,45.628159804013158],[3.023744832494224,45.628155304051688],[3.023735846905992,45.628151704027516],[3.023648560262328,45.628121106086112],[3.023525326105669,45.628063501200202],[3.023277577779372,45.6279545946486],[3.022770535811749,45.627743085608728],[3.022493280448726,45.627655794817215],[3.022337968784781,45.627612602718337],[3.022194213206267,45.627582014844876],[3.022031210410046,45.627561335835708],[3.021839978513028,45.627555970229587],[3.021614104473701,45.627576724872533],[3.021347166656537,45.62761279501612],[3.021007067559924,45.627633570049127],[3.02066698668345,45.627703870442936],[3.020411606096192,45.627760647281498],[3.020288399190274,45.627766072438952],[3.020101006578196,45.627731887830151],[3.019950820534741,45.627661677125822],[3.019803193025312,45.627567152815672],[3.019649134871393,45.627433008323152],[3.019592615425355,45.62729434428401],[3.019548953258044,45.627220512531949],[3.019365394929509,45.627134098205552],[3.01922677806402,45.627109809017789],[3.019061217450175,45.627108036221081],[3.018831491513888,45.62712158209245],[3.018541455677314,45.627166654240369],[3.018082011475105,45.627219857305469],[3.017874061324533,45.627104629109894],[3.017657130478708,45.626996605779119],[3.017526202048387,45.626930891220645],[3.0173375178791,45.626856180624941],[3.017180924883862,45.626799474414298],[3.01702561920889,45.62675447402831],[3.016753528874934,45.626724799030107],[3.016630317697655,45.626709509148718],[3.016241434094575,45.626665442434643],[3.016150299795034,45.6266213320419],[3.015775499192332,45.62645299549186],[3.015541896436747,45.62636478098117],[3.015349373681147,45.626315281019103],[3.01517482343349,45.626282887420707],[3.015007975686863,45.626257696362529],[3.014774392986602,45.626237016236516],[3.014598560406402,45.626206422872414],[3.014484328347263,45.626166816525185],[3.014313612720305,45.626070487038916],[3.014071018777385,45.625937246637299],[3.013838701592914,45.625838222679185],[3.013620511263714,45.625775215720594],[3.013361260703782,45.62574282953068],[3.013154633879282,45.625731147637211],[3.012921058710943,45.625730274217737],[3.012638720494441,45.625752818271856],[3.012373069003599,45.625788866979406],[3.011953422124469,45.625874457904487],[3.011737820017235,45.625903295948156],[3.011597932414006,45.625908713329594],[3.011500393810013,45.625901519501895],[3.011365633069773,45.625874518802],[3.011205200822434,45.625827709946876],[3.010958783985906,45.625789013586186],[3.010723922090777,45.625771927097681],[3.010542965018947,45.625769242756753],[3.010362012511836,45.625790871075552],[3.010236250228213,45.62583950848726],[3.010114340994783,45.625905254526323],[3.010015534671174,45.62598360509562],[3.009879512266401,45.626075466047411],[3.00979609896586,45.626114193966075],[3.009704979064964,45.626117803779593],[3.009615139883439,45.626106105255062],[3.009520161929695,45.626063790784002],[3.009425181210446,45.626004367119116],[3.00933533453381,45.625946743908017],[3.008965672613106,45.625654118071999],[3.008646075315055,45.625420918850779],[3.008406062534638,45.625274158854516],[3.008223813540835,45.625202133950303],[3.008044135934517,45.625158923915365],[3.007886278242773,45.625132821179427],[3.007743823716082,45.625125627235157],[3.007561587746999,45.625139146821653],[3.00743967276963,45.625174273652277],[3.007363959800598,45.625216601174131],[3.007286961926705,45.62524812297292],[3.007200976523869,45.625249929466982],[3.007123970753326,45.625221119020146],[3.007062363967752,45.625180601320359],[3.006969956507176,45.625140085498842],[3.006813384622339,45.625129289331781],[3.006626014091546,45.625135603877105],[3.006334693918041,45.625168037918556],[3.006089573512818,45.625190563439737],[3.005933002139036,45.625184268445814],[3.005785413141094,45.62516626653764],[3.005664773715651,45.625136556847707],[3.005506911480513,45.625052820079723],[3.005216850795122,45.624834017358182],[3.005175778960831,45.624787194316291],[3.005147539165952,45.624723261561428],[3.005153947148353,45.624628710913029],[3.005151366459769,45.624478330944328],[3.00513339263656,45.624403591962782],[3.005083336110025,45.624338759707662],[3.005001196234395,45.62427572982012],[3.004886973428855,45.624218104148028],[3.004768903701095,45.624193796265999],[3.004603353388447,45.62420550939364],[3.004391605839458,45.624257745669134],[3.00413494299933,45.624339699030607],[3.003978378455004,45.624391932488045],[3.003853894211087,45.624399140656358],[3.003693474563827,45.62438203692431],[3.003425250394141,45.624309106564873],[3.003113392668482,45.624226271507403],[3.002778434813828,45.624125426568568],[3.002410110022872,45.623993965049777],[3.002216322641885,45.623912925877292],[3.001991734883435,45.623806673495118],[3.001592612185936,45.623607673884322],[3.001438610327916,45.623519428969693],[3.001243541994463,45.623406871360842],[3.000988157542929,45.623251991426585],[3.00062369163634,45.623020570820593],[3.000476109740417,45.622957537981812],[3.000384994180266,45.62292602155059],[3.000261795931959,45.622902609439677],[3.000120631437279,45.622892704405913],[3.000008983194035,45.622904410702674],[2.999933265591941,45.624655843300609],[2.999958931838963,45.625779641873827],[3.000719981405518,45.62618035303597],[3.002337098967081,45.627295124995179],[3.001844290126159,45.627973195453869],[3.001586346335877,45.628874579750068],[3.001667244389475,45.630223497588503],[3.001954800054005,45.631795731215185],[3.002089629304614,45.63337877303637],[3.003135762326414,45.633993776811423],[3.00494182507003,45.634882486142772],[3.006749240346798,45.635861214537215],[3.007704310608823,45.636305090113702],[3.008360269051193,45.636481537491363],[3.010548991069917,45.637197235711994],[3.01222168680884,45.637681525105229],[3.013703145859706,45.638167614070625],[3.014976638750343,45.638519539795226],[3.015694386418026,45.639130868443509],[3.016012779643706,45.639263194276957],[3.018033288629481,45.639192651219318],[3.018999851254993,45.639027704240362],[3.020111410369875,45.638714143825034],[3.020106312913776,45.638816799542433],[3.020094789176313,45.638897844869405],[3.020075570143955,45.638997801664814],[3.020062759700292,45.639070742892152],[3.020055071918143,45.639110365416769],[3.02005638006117,45.639177901243073],[3.020075669359976,45.639271547807567],[3.020109071847408,45.639344480790612],[3.020143755498955,45.639410209688499],[3.020064173208681,45.639429133998732],[3.019625185781957,45.639532766683224],[3.019199036844336,45.639645400275796],[3.018694584492108,45.639770652019088],[3.018860404013238,45.640421672023713],[3.017900227405242,45.640562303822136],[3.018161279835325,45.641955306046775],[3.018844317350777,45.642190219326281],[3.018900689413509,45.641857932379558],[3.019392369789527,45.641866853562853],[3.019858390438952,45.641918099735676],[3.020549492387629,45.643110212625984],[3.019246723204349,45.643884856676323],[3.019481688923859,45.643971262452105],[3.020632223986817,45.644639214521781],[3.021465595021104,45.645087498366657],[3.021348834066802,45.645262213936839],[3.021268004554713,45.645397301429156],[3.02122054235288,45.645500865734732],[3.021167956661885,45.645635947830556],[3.021130773397578,45.645762022200202],[3.021106428766652,45.645888994634014],[3.021091070623584,45.646015064899387],[3.021076983240154,45.646106916634842],[3.021042366818319,45.646232090018437],[3.021010327518701,45.646382476390116],[3.021010346990415,45.646433803824664],[3.021024483108587,45.646469820440636],[3.021046317616043,45.646493228876743],[3.021072000297395,45.646507631774639],[3.021114375926905,45.646529235388257],[3.021123383216011,45.646582362100226],[3.021127261596014,45.646652598920781],[3.021514458045293,45.648592162675577],[3.022152883938694,45.652609988219311],[3.022865692322677,45.653063688582492],[3.024432617595699,45.654038581404144],[3.024435210301138,45.654094410724035],[3.024448059409346,45.654114218538375],[3.02447247361577,45.65415383444185],[3.024570110014462,45.654265472944978],[3.024642051125443,45.654343799157026],[3.024693431677262,45.654386110554533],[3.024731963020336,45.654408614147734],[3.024792323142695,45.654431112923511],[3.024882222811982,45.654468012855176],[3.024959278897001,45.654497711706888],[3.025124953457223,45.654569713421182],[3.025258517779252,45.654621011013433],[3.025326580581345,45.654639005365034],[3.025395924586072,45.654650696012382],[3.02572987902097,45.654869437329026],[3.026072820268966,45.655079170758654],[3.026226964074727,45.655198899074726],[3.026673847074027,45.655260026878587],[3.028452393052055,45.655490114921129],[3.031185095736779,45.655853186017751],[3.031634561760955,45.65592149728144],[3.031976137046065,45.655939410441725],[3.033223011177076,45.655994879343858],[3.034328643308173,45.656057581446461],[3.036401225070548,45.656169490771646],[3.037762390580762,45.656222170958564],[3.039566611042557,45.656334111705249],[3.039939570725745,45.657130006343628],[3.040196734554752,45.657601767560415],[3.040321503775966,45.65788987729713],[3.040912070455207,45.657713169738194],[3.041150898036483,45.657687869206605],[3.041328051403075,45.657613964775543],[3.041718285457907,45.657431022962825],[3.041923770880409,45.657466965937552],[3.042459370130555,45.657627951588559],[3.042861412681766,45.657774577894024],[3.043226195248068,45.657892401640595],[3.043290534512791,45.658062568090791],[3.043484930045926,45.658689228935835],[3.043762286345463,45.658665708944291]]]]}},
{"type":"Feature","properties":{"nom":"Veyre-Monton","nom_m":"VEYRE-MONTON","insee_com":"63455"},"geometry":{"type":"MultiPolygon","coordinates":[[[[3.186038891213419,45.670864383365924],[3.18600929807862,45.670849123986685],[3.1859912284442,45.670823039742857],[3.185979559751003,45.670790641527169],[3.1859712391456,45.670607856676291],[3.185960854924421,45.670575456338376],[3.185942791451308,45.670551173048693],[3.185963287633335,45.670534930467298],[3.186020998514714,45.670508721081418],[3.186087691150275,45.670479795369495],[3.186293012340935,45.670424526321867],[3.186643325742836,45.670325793406619],[3.186870517216933,45.670281292888276],[3.186939790112596,45.670255964332618],[3.18699750632427,45.670231555408179],[3.18705514337611,45.670183733958503],[3.18713707443478,45.670103454632795],[3.187270183340786,45.669964558597009],[3.187462178712247,45.669767933325701],[3.187527499898195,45.669713795445077],[3.187586466115919,45.66967947879521],[3.18768650231768,45.669636088824973],[3.187525648379723,45.669167203759002],[3.187415063472629,45.669129567436521],[3.187317255490043,45.669072099073404],[3.187091971640802,45.668919390987924],[3.186950446955134,45.668847587152456],[3.186775568428258,45.668787544770467],[3.186740455988972,45.668658833562027],[3.18688240273957,45.667333983953675],[3.186959177275292,45.667249210898468],[3.187001374882728,45.667194211228427],[3.187057584477676,45.667104969824102],[3.187132870164513,45.666959866600315],[3.187222164298972,45.666779621109256],[3.187514841673792,45.666355906040309],[3.187926345792816,45.666509203133394],[3.188404815789138,45.665582704728159],[3.188771269604071,45.664954452791008],[3.189234247708192,45.664388171012369],[3.189588023563915,45.663813066382872],[3.189692299994446,45.663136626370957],[3.189518696114887,45.663069382272923],[3.189094312348471,45.662899003485833],[3.188401008693004,45.662576891338773],[3.187193114053975,45.661986386479015],[3.18706310672762,45.662277459190406],[3.185862805139906,45.661647306157278],[3.185360972256424,45.661351873749489],[3.184405002434231,45.660810450847137],[3.184155112135554,45.660583037105596],[3.183017667406079,45.659134210485036],[3.182191069692719,45.658084685298611],[3.181540974537671,45.657985781472142],[3.180410591169089,45.657878639581774],[3.179958516307822,45.657859552317497],[3.179262534790117,45.657864264395926],[3.179039255072388,45.657913245796664],[3.178812160394737,45.657973939111393],[3.178614585555474,45.658030082723762],[3.178388753751471,45.658084469788719],[3.178177064283993,45.658144236930504],[3.17799243947036,45.658234577370493],[3.177768069591363,45.658344790919756],[3.177556514172651,45.658446879455383],[3.177132951612703,45.658510580455342],[3.176677307640986,45.658581534077491],[3.176331963655657,45.658609990413474],[3.175740574350811,45.658394798657291],[3.174965163854831,45.658054722551533],[3.174657579143692,45.657839984281232],[3.174633135424884,45.657825614442153],[3.174576560345718,45.657802289573631],[3.173779982574241,45.657668449085534],[3.173099085788504,45.657568643603888],[3.172515870897554,45.657496599410365],[3.171471528023812,45.657382032103321],[3.171172244223116,45.657354572442884],[3.170679004865793,45.65730939646037],[3.17058908402909,45.657298726912209],[3.170515806708623,45.657271823372952],[3.17049519722686,45.657251143442075],[3.170480961159515,45.657215145625649],[3.17048550149918,45.657021534634637],[3.169870988426311,45.656790138433664],[3.168532194619012,45.656118588030893],[3.168493135166301,45.655942151595717],[3.168757964698823,45.655622083132656],[3.167737971509433,45.655053600819215],[3.167204804972433,45.65538577194684],[3.166957526329118,45.655141207217362],[3.165014207530298,45.655824837863278],[3.164116830648244,45.654590685391767],[3.162469374437446,45.654584069769243],[3.161601746371106,45.654717689481068],[3.161473304807718,45.654705266975732],[3.161332062180008,45.654706369924327],[3.16109591003556,45.654745428847562],[3.16078788215665,45.654795395742262],[3.160243716018454,45.654889821811686],[3.160015238018701,45.654918962222709],[3.159852191914347,45.654929099135948],[3.159743044813276,45.65492835355289],[3.15963258510753,45.654917704402706],[3.159478519527439,45.654925126590982],[3.159169130073531,45.654948976951971],[3.158735238738151,45.654991011725137],[3.158266669526162,45.655030392122413],[3.157796828421589,45.65507427477047],[3.157432248561211,45.655107202526459],[3.157120278873141,45.655127448927864],[3.156941812721667,45.655134001206392],[3.155071134556359,45.655205930313087],[3.153494486586409,45.655272024992762],[3.152763952671453,45.655308137355092],[3.152051369957544,45.655335215899946],[3.151508273045938,45.655358460073295],[3.151107694468616,45.655377008038066],[3.15078926139502,45.65538283782859],[3.150428402773799,45.655369813248804],[3.150029002908262,45.655349635003439],[3.149688696988855,45.655339282117708],[3.149335511715671,45.655314537547618],[3.149006726353287,45.655290660066861],[3.148693337918381,45.655262258876789],[3.148496828279487,45.655244508536825],[3.148236086827362,45.655216036630648],[3.147868787953999,45.65519490797621],[3.14762219571172,45.65517542090295],[3.14741794881071,45.655145072054587],[3.147206009756547,45.655119235310679],[3.146947868737261,45.65510246331003],[3.146619097585108,45.655083081260145],[3.145720091814875,45.655021214461776],[3.14514729209279,45.654979631576545],[3.144772258682382,45.654945896026085],[3.144330457316295,45.654913145315355],[3.143992746666897,45.654911776728227],[3.143904102542689,45.654894780867473],[3.143851379187471,45.654865132282531],[3.143829381903394,45.654800325572552],[3.143801876663153,45.654592349021158],[3.143688197286058,45.653834287095592],[3.143630571947883,45.653399427142567],[3.143612357495059,45.65330760107274],[3.143603353037806,45.653301309173898],[3.142964201459411,45.653413782473159],[3.142508567274469,45.653489100200218],[3.141815551532083,45.653628649637525],[3.141316413424598,45.653765250190851],[3.141118091501355,45.654041046834578],[3.140904377460652,45.654324066262966],[3.140702226802426,45.654610672774304],[3.140560193676187,45.654806255070419],[3.140442451540939,45.654960384656334],[3.14037207964828,45.655059525585933],[3.14033370628363,45.655118104841399],[3.140294062466954,45.655182088567528],[3.140259545678972,45.655242463959766],[3.140223774397065,45.655314547188716],[3.14018546908849,45.655400140813356],[3.140156129335113,45.655476718431373],[3.140120524105597,45.655614536714978],[3.140072251087203,45.65582080749256],[3.140049385993735,45.655918988634212],[3.139996042141218,45.656151379712327],[3.139929973020397,45.656429711243504],[3.1398893348938,45.656608957960657],[3.139870250922894,45.656679219384209],[3.139956337580287,45.65669982353824],[3.140145265864704,45.656765323852937],[3.140497428081783,45.656890952695449],[3.140987105445532,45.657061432522873],[3.14171591318402,45.657342369008887],[3.141857294416709,45.657392618068343],[3.142075840450036,45.657488694281085],[3.142326568814692,45.657615345843134],[3.142642943803364,45.657802246116169],[3.143103347662499,45.6580682051246],[3.144083468656599,45.658688289060564],[3.145005793971243,45.659296732675315],[3.145671061779182,45.659812751777558],[3.145856660191919,45.660070049930475],[3.145965003088075,45.660249105848642],[3.145959564941566,45.66062191325409],[3.146259049502845,45.661695802103331],[3.146417723434244,45.662452002537655],[3.146453038312971,45.662694186845115],[3.146429821489658,45.663141757657421],[3.146244288762331,45.663400437705555],[3.146026149156194,45.663470058057491],[3.145881296843642,45.663572000504765],[3.145534804958158,45.664158664029912],[3.145332805460722,45.664507412290796],[3.145289317319273,45.664575004722344],[3.145289534719851,45.664657848992782],[3.14528080941244,45.664758714485743],[3.145272069896571,45.664854177091527],[3.145220887507176,45.664926281844465],[3.145154225075651,45.664972292483881],[3.145045192843356,45.665022860082942],[3.144592907025083,45.665432261554386],[3.144618117814191,45.665741995784408],[3.144653269284265,45.665923848473483],[3.144665696710979,45.666747775701801],[3.144605295554662,45.667225110009106],[3.144421929351521,45.667830470845203],[3.144271713314309,45.668343939527603],[3.144252562816,45.668388087798235],[3.14421569856917,45.668534913983535],[3.14417246854588,45.668703359935861],[3.144152136638125,45.668787131022015],[3.144143410952202,45.668888896942136],[3.144145154874938,45.669065389680696],[3.144166584342482,45.669403043962966],[3.144193297076716,45.669796521532128],[3.144208312127282,45.67013688549283],[3.144202807229914,45.670488982035806],[3.144198635942089,45.670859987059202],[3.14420601744557,45.671228275848279],[3.144205122399299,45.671377757456519],[3.144186489131649,45.671620912187819],[3.144163208028423,45.672052274184153],[3.144147211261341,45.672321539605619],[3.144135271709653,45.672669142016595],[3.1441413615251,45.673034731061108],[3.144161693286048,45.673443525162007],[3.1441586559085,45.673756897786255],[3.144153714924763,45.673832544840657],[3.144137283825216,45.673935221146401],[3.144133479579704,45.673954136197409],[3.144090474781373,45.674210829418726],[3.144053744485429,45.67441078405313],[3.144027015880278,45.674505369151774],[3.143984910542604,45.674614381660923],[3.143907016600681,45.674791876741082],[3.143848338453373,45.674949536561385],[3.143741091337176,45.675200908781029],[3.143596834831347,45.675545978529236],[3.143547060347347,45.675670308903342],[3.143511371194908,45.675777512096225],[3.143482113938753,45.675888309025758],[3.14343527431401,45.676154011765355],[3.143375775313221,45.676491769409608],[3.143326309588503,45.676735863815779],[3.143264025744826,45.67699078032895],[3.143203065502679,45.677261003376259],[3.143165019781445,45.677451054097872],[3.143140987750299,45.67759606274528],[3.143116999830339,45.677758180550789],[3.143103297776881,45.677923887226974],[3.143102523030846,45.678121094462547],[3.143109628140601,45.67838492759445],[3.143128152714121,45.67859381662462],[3.143163586939112,45.678883727836009],[3.143226268762263,45.679278060691466],[3.143247137266772,45.679399599666233],[3.14325635102252,45.679485134049706],[3.143275065322678,45.679766962141791],[3.143276401233214,45.679786771119069],[3.143311937254559,45.68011540305158],[3.143352710232661,45.680481848701838],[3.143388181834684,45.680785267120804],[3.14341167890521,45.680929314868884],[3.143440317071788,45.681074256553053],[3.143474068365507,45.681209286380351],[3.143515492798202,45.681330799142863],[3.143565980166342,45.681479314904287],[3.143602189215175,45.681571118265467],[3.143628062575835,45.681640422658283],[3.143656549757916,45.681726832935702],[3.143677408442778,45.681843869441352],[3.143732031371857,45.682100438115754],[3.143785627445057,45.682456061483258],[3.143830095579654,45.682759468330545],[3.14385755641049,45.682944933283167],[3.143872050968068,45.683084490029778],[3.143895924861625,45.683372614911491],[3.143914777198368,45.683705770488544],[3.143932218576193,45.683990301651562],[3.143944289337738,45.684185691604903],[3.143959867740167,45.684247805206148],[3.143976702802305,45.684299111372155],[3.144012848769767,45.68436570110746],[3.144054112681907,45.684424179916803],[3.144104351098268,45.684475443347054],[3.144142963624621,45.684502408518732],[3.144189284629905,45.684529363811528],[3.144729732659422,45.684856447581382],[3.145870913070838,45.68546550506543],[3.147615780970216,45.686487084670482],[3.147889842144146,45.686637106383557],[3.147983679900086,45.686654992881984],[3.148047962732125,45.686671117172359],[3.14814055678311,45.68670431343439],[3.148280734065934,45.6867545562353],[3.148527684749178,45.686855085358232],[3.148764387004892,45.68696643330555],[3.148907205376868,45.687042785933478],[3.148992145103569,45.687095802304661],[3.149074554200849,45.687163229735503],[3.149140261062841,45.687230679217876],[3.149181534956378,45.687290056644372],[3.149211243260862,45.687348548888252],[3.149246151565697,45.68742954638482],[3.149558880526722,45.687621835670505],[3.149975784273257,45.687851805878431],[3.150700274094617,45.688268664638009],[3.151558582780541,45.688752875288181],[3.15281334374062,45.689491379996404],[3.15365366674663,45.689962992366432],[3.15504704865072,45.690629244307644],[3.15577672724968,45.691037058607456],[3.156201821498063,45.691419176775597],[3.157770922915311,45.692402122684719],[3.158324637617859,45.692820072203254],[3.159158583894736,45.693721184820305],[3.159542603331079,45.694103348532792],[3.159915221494234,45.694095616422459],[3.161269574808328,45.694535825089311],[3.16163495137825,45.694687483805232],[3.162131714558301,45.694069936725761],[3.162390898818207,45.693940793890469],[3.162559323567049,45.693972968549076],[3.162712331643991,45.69400606570666],[3.162740621942664,45.694013228743593],[3.162903941735404,45.694057116587885],[3.16293866749603,45.69406787221763],[3.163019696976152,45.694093869128295],[3.163107172577901,45.694127060543458],[3.163177935796509,45.694157574634801],[3.163298892405208,45.694215030550879],[3.163419867880574,45.694278789717359],[3.163616779191393,45.694383860904694],[3.164031249046835,45.694622787773426],[3.164300161524437,45.694741260235411],[3.164516321389571,45.694836396435925],[3.164724747985926,45.694923439147878],[3.164873945286976,45.694970046251029],[3.164949823645678,45.694991546881766],[3.164965232697072,45.694987922376264],[3.164989631252628,45.694982483732552],[3.165014035174049,45.694978846049281],[3.165038441777992,45.694976108843605],[3.165065418343592,45.694973367867867],[3.165091117984305,45.694973330216982],[3.165120677945216,45.694975087876927],[3.165184838341178,45.694945277772703],[3.165252842853209,45.694911860047021],[3.16534900113576,45.694839680037312],[3.165667925633899,45.694493424652855],[3.166066400333936,45.694109230709024],[3.166344270695666,45.693787347057857],[3.166718237548037,45.693375271903903],[3.167092193392689,45.692961394555859],[3.16727273776022,45.692752213752463],[3.168936744524847,45.692756935023525],[3.168958948515991,45.692874865494886],[3.170013754124432,45.692832756936767],[3.171357728978356,45.692810009806998],[3.172419037543323,45.692793982955571],[3.172697122242607,45.692966450550394],[3.173441266209314,45.69301843626409],[3.17415320028315,45.69304255176074],[3.174149677038754,45.693147914173792],[3.174204971951926,45.693161336000372],[3.175459849705436,45.692999102191763],[3.17655544599094,45.692855113836082],[3.177428862222846,45.692748384873347],[3.178324118851713,45.692641614571933],[3.178352381450436,45.692639768864431],[3.178435875597167,45.692631532287145],[3.178798053397532,45.692577829410304],[3.17970610414634,45.692455719538692],[3.179762652461473,45.692459231282065],[3.180150922039503,45.69252704816958],[3.180237097048809,45.692553024477313],[3.180277003072435,45.69257547281066],[3.180309249450292,45.692613241667225],[3.180415194733672,45.692791368508864],[3.180501702188196,45.692919099119827],[3.180655511814479,45.693195302144794],[3.180711167115991,45.69331857962711],[3.18161400919775,45.693173050074755],[3.183231864241563,45.692817439781805],[3.183139999338116,45.692625785381672],[3.183099764369781,45.692504285014223],[3.183713399020877,45.692334895070495],[3.183624623060887,45.691912711342901],[3.183489914504585,45.691587854973321],[3.183392609749249,45.691305260467757],[3.183268254715098,45.691001998687476],[3.183121909058845,45.69065374817373],[3.183022484797285,45.69050622986169],[3.182900608091445,45.690174148091984],[3.182809852134363,45.689927561966904],[3.182761883919274,45.689797969672533],[3.182710025677945,45.689657577825017],[3.182619633944377,45.689520850367465],[3.182597559660621,45.689450648168282],[3.182576918826284,45.689425467986005],[3.182522848098885,45.689393138066968],[3.182461053483354,45.689356318196687],[3.182414742451968,45.689339283936],[3.182372268194666,45.689316840524697],[3.182204893769555,45.689212654851204],[3.182101865945272,45.689139881986122],[3.181831299738935,45.688912495806235],[3.181699876418569,45.688800146980917],[3.181618724752763,45.688737243750921],[3.181547925804358,45.688696835951291],[3.181472028959724,45.688669043133942],[3.181387167864722,45.688650269565976],[3.181297194040248,45.688639608542623],[3.181232925780164,45.688631607561106],[3.181047894923526,45.688627402613868],[3.180700922081923,45.688607248450765],[3.180375753502847,45.688575351985548],[3.180269071303556,45.688562915916776],[3.18019450702928,45.688549527896321],[3.180062057962419,45.688515521157676],[3.17986529142624,45.688458204306706],[3.179465312077479,45.688336375951259],[3.179049890373994,45.688206466341853],[3.178750252881788,45.688122296385892],[3.178385046915333,45.688024722170439],[3.178016028334441,45.687939759611311],[3.177630351628649,45.687868329410477],[3.177416919067966,45.687820939921892],[3.177346179187002,45.687797638644341],[3.177298563140867,45.687773400448442],[3.177261170846518,45.687732036901501],[3.177245626188754,45.687692439946467],[3.177233898498635,45.687641130658932],[3.177227206257912,45.687557395931421],[3.177197321189225,45.687452986492318],[3.177157192387245,45.687359398993642],[3.177106845815885,45.687284737762745],[3.176912135302446,45.687064424469114],[3.176591122993812,45.686720942230025],[3.176560187485355,45.686689473686691],[3.17631398373008,45.686435922062039],[3.176213503979223,45.686352334022104],[3.176151699759951,45.686310107807728],[3.176051329333316,45.686260737940437],[3.175841707159784,45.68619713077414],[3.175745265892021,45.686171167151059],[3.17568834120672,45.686046988803056],[3.175586192651578,45.685841837139407],[3.175389483665636,45.685392800818363],[3.175366255280531,45.685360419467287],[3.175353359193155,45.685345131271696],[3.17531467667869,45.685301067640083],[3.175508238092818,45.685162991842049],[3.175637718180404,45.685074542386218],[3.175715965106318,45.685035699454694],[3.175780102552211,45.685004082375777],[3.175835283870458,45.684984185562435],[3.175955944418468,45.684950679176026],[3.176170382837299,45.684914324594004],[3.176419509150033,45.684877915288574],[3.176596692210302,45.684842518715534],[3.176674984128181,45.684818082829082],[3.176725005830079,45.684791890265956],[3.176764726519429,45.684758509952516],[3.176903588295262,45.684792510471034],[3.177293232447082,45.684906259726695],[3.177586438120271,45.684994045591004],[3.177634002768196,45.685002975468016],[3.177761279795417,45.685029789305808],[3.177936072479747,45.685050224557273],[3.178123628763386,45.685044525250639],[3.178246930061844,45.68503352439469],[3.17838300915977,45.685000891496905],[3.178513908437253,45.684955659831886],[3.178601155130631,45.684919502091738],[3.178706295128193,45.684854500334808],[3.178793471719583,45.684796730881594],[3.178826764532783,45.684762459553838],[3.178866460651624,45.684721874644708],[3.178924049951616,45.684652445738301],[3.178989274743745,45.684560492510322],[3.179080030906011,45.684418071422073],[3.179243643101018,45.684160272103206],[3.179330593372354,45.684033165139937],[3.179395889728968,45.683963723725235],[3.17946892638726,45.683904175292845],[3.179432869438118,45.683878118622104],[3.179410994102988,45.68386734762489],[3.179376291971364,45.683862900452503],[3.179310779821164,45.68386570620418],[3.179178540743061,45.683892931199196],[3.178911542230922,45.683962692994697],[3.178778020906895,45.683990820041849],[3.178636782364485,45.684016257708663],[3.178554588877032,45.6840253928751],[3.178378587030081,45.684027472664184],[3.178273219076721,45.684021336048232],[3.178131855600558,45.684008052364341],[3.178016146177139,45.683982121158934],[3.177928721094028,45.683962448571002],[3.177995289370428,45.683888503530326],[3.178074542446002,45.683764111163363],[3.178178126543694,45.683615367129569],[3.178308587549723,45.683435063441763],[3.178364914714392,45.683372840715457],[3.178410726042385,45.683236794734761],[3.178443597181931,45.683071953671536],[3.178495526648657,45.682841346903373],[3.178532132297505,45.682639579962554],[3.178532647253428,45.682400950276723],[3.178493081444103,45.682083141316568],[3.178484595114361,45.681841824444462],[3.17851121900202,45.681731922936244],[3.178543051185327,45.681643624837676],[3.178596681978495,45.681542685366026],[3.178660636422398,45.68145613727652],[3.178724611020421,45.681375892522595],[3.178803960674726,45.681283016522571],[3.178908959632939,45.681176592440949],[3.179143338576802,45.680955600839361],[3.179410991062789,45.680695834856351],[3.17965556128651,45.680449612345882],[3.179755459401151,45.680355802418354],[3.179784933047468,45.680333243228453],[3.179865669411829,45.680272781772075],[3.17949879351391,45.680041041533116],[3.180905054985139,45.678733087046218],[3.180971532548681,45.679027439224612],[3.180959125086273,45.67916163158997],[3.181108485084295,45.679266748432433],[3.181210173229664,45.67932871844102],[3.181273644463473,45.679488902855653],[3.181397437400818,45.679631880879271],[3.181446447988806,45.679691234034195],[3.181496766931931,45.679757788949701],[3.181521357963129,45.679813579469986],[3.181551022587092,45.679849551112106],[3.181581974834927,45.679886421157192],[3.181639925082604,45.679929551067559],[3.181658013371619,45.67996103891673],[3.181664525200881,45.679988043001678],[3.1816710340809,45.680014146604847],[3.181649369659668,45.680067310228004],[3.181645625095395,45.680100634256071],[3.181654720985303,45.680132136606133],[3.181663754820349,45.680144728845043],[3.181683062803529,45.680156404027045],[3.181851545573246,45.680215564257836],[3.181961796565669,45.680146048783435],[3.181960026438347,45.679998371902485],[3.182500488100918,45.679495926781328],[3.18250933496443,45.679451788624625],[3.182538714946815,45.679401313793051],[3.182591191277903,45.679342697143376],[3.182619390494914,45.679323741221367],[3.182697594668769,45.679275888644348],[3.182703928582839,45.679248863785901],[3.182739722437151,45.679195677040717],[3.182849800723212,45.67907483326568],[3.182907275003311,45.678973885506302],[3.183003126533152,45.678824249124588],[3.18309890009712,45.678651200148977],[3.183190834168088,45.678482659768093],[3.183252023863386,45.678340283430856],[3.183334902178464,45.678152847457945],[3.183373078939627,45.6780438264962],[3.183470905786051,45.677715890258625],[3.183533247117256,45.677533890510972],[3.183594222824183,45.677327579832586],[3.18360566449272,45.677291541740594],[3.183624750834818,45.677236580978395],[3.183642582445861,45.677190627119387],[3.183724167175202,45.677001392008712],[3.183777676393105,45.676868032784846],[3.18381079389823,45.676783333060044],[3.183875863700605,45.676649954925715],[3.183994555158063,45.676417435716317],[3.18408002412356,45.676238099356773],[3.18410940096796,45.676187624128168],[3.184174469350549,45.676054245827558],[3.184206313207945,45.675973150016532],[3.184262425315004,45.675850592144748],[3.184294274922473,45.675771297272313],[3.184368331098415,45.675637003670886],[3.184479386178724,45.675427008610157],[3.184529158555352,45.675329674598622],[3.184549485797757,45.675262104849317],[3.18456848042876,45.67518012950508],[3.184597682095464,45.675077426254063],[3.184615488177434,45.675024268400698],[3.184718689775597,45.674771062657982],[3.184788664604105,45.674569239036572],[3.184888011056404,45.674316039469709],[3.184915999368795,45.674234949794403],[3.184948999229807,45.674116031476586],[3.185004680460436,45.673865604961129],[3.185017191297038,45.673765630480638],[3.185020746798516,45.67367647654055],[3.185029235556116,45.673526081459677],[3.185039171289282,45.673424310237735],[3.185053014606708,45.673338741340729],[3.185129234111821,45.673084679088426],[3.185198077497986,45.67292968235499],[3.185227394318947,45.672862097711892],[3.185334466592177,45.672616088957831],[3.185379187563179,45.672545777470894],[3.185529733852662,45.672241165399363],[3.185818965289027,45.671543712634644],[3.185948713570876,45.67116709547372],[3.186038891213419,45.670864383365924]]]]}},
{"type":"Feature","properties":{"nom":"Saint-Maurice","nom_m":"SAINT-MAURICE-ES-ALLIER","insee_com":"63378"},"geometry":{"type":"MultiPolygon","coordinates":[[[[3.221965311491439,45.67461917640577],[3.223276496790279,45.674861517404658],[3.224662784043628,45.675248671826317],[3.226770460502899,45.676130527689054],[3.22804745295974,45.676789807765097],[3.229089085990079,45.677373911426358],[3.229470771126969,45.677723424142208],[3.230032134870136,45.678032046865617],[3.231536053504698,45.678256789008287],[3.231576689677085,45.678758277064716],[3.232764818542321,45.678725211665402],[3.233681146556467,45.678819666668765],[3.234047681397001,45.678918859838809],[3.234475581233523,45.678947686061271],[3.235171819155687,45.678941732233582],[3.235892522021818,45.678949230189389],[3.236415337873433,45.678943631706076],[3.236913147539951,45.679098370221105],[3.239400309057961,45.679129131381856],[3.239994076589118,45.679191802562421],[3.240268925036002,45.679177709341644],[3.240394050494726,45.679000946750968],[3.240734687036709,45.679049746132343],[3.241881465628396,45.679548861346255],[3.242584482670045,45.679915649215481],[3.242575062012078,45.68011107541453],[3.242582310012589,45.680299261817076],[3.242581862047266,45.680490166259332],[3.242801831342259,45.680849887607721],[3.242817381467789,45.680880470687249],[3.24284194788165,45.68091643725738],[3.243099472352639,45.681343613693173],[3.243586425426478,45.681941386468928],[3.243727236297044,45.682118478093173],[3.244071506615843,45.682694945722666],[3.244528222658326,45.684004165875038],[3.244640253288264,45.684353312161655],[3.244856018625519,45.684627492391023],[3.245400339236768,45.685403429611078],[3.245675568913783,45.685468565418667],[3.246122908947951,45.685522518820591],[3.246676696329455,45.68553391445954],[3.247122612378154,45.685556349911792],[3.247848319503929,45.686087844995235],[3.247973246746722,45.68586875134298],[3.248038351551246,45.685488601809929],[3.248096584745274,45.684722157768284],[3.248379231691875,45.684722435452535],[3.248673295649802,45.684690269636945],[3.248972348340109,45.684624773949196],[3.24938917004293,45.684464465517223],[3.249608571286486,45.684400044922263],[3.249750835307655,45.684324088580169],[3.249808294604517,45.684245618672577],[3.249856671211242,45.684147358130652],[3.249865265896768,45.684059091184118],[3.249870193394994,45.684012254847289],[3.249912003766525,45.683882491745187],[3.250162145816752,45.683798191120559],[3.250535546561509,45.683697407095998],[3.250720292835886,45.683641165791705],[3.250763973154847,45.683641068570537],[3.25153812031237,45.683521378695872],[3.252307051392709,45.683385486381511],[3.252826753946958,45.683251949399235],[3.25343900208965,45.683129007717199],[3.25365726132104,45.683097899871996],[3.254064222656752,45.683033948596922],[3.254214404455765,45.683005694648585],[3.254338821761285,45.68296219036317],[3.254460586674205,45.682900682157253],[3.254563109861512,45.68284552072231],[3.25460926366295,45.682824705179286],[3.254674555272275,45.682775030715959],[3.2547577537256,45.682708206435855],[3.25496861225012,45.682465497937677],[3.255126875824061,45.6822400174553],[3.25518796763563,45.682115611645173],[3.255229743344467,45.681981344192245],[3.255290793104825,45.681847933536325],[3.255336775478777,45.681790198047821],[3.255386657473933,45.681742359075251],[3.255562066977496,45.681614091887475],[3.255661975755847,45.681549930494569],[3.255745890998001,45.681638888394829],[3.255822223348894,45.681754878114305],[3.255884266408799,45.681836681672387],[3.255956549573597,45.681910357532949],[3.256281396728509,45.682149148975583],[3.256508314256029,45.682324227818008],[3.256554804988928,45.682376350296813],[3.256571647828821,45.68240692855511],[3.256587030667917,45.682399689609049],[3.256603568768729,45.682364532878339],[3.256620907218695,45.682224917628474],[3.25666054300181,45.681906954811922],[3.256664541706755,45.681661112284765],[3.256673010884949,45.681271181388183],[3.256682764594708,45.680881247575435],[3.256683715162701,45.680809206318166],[3.256716132820516,45.680320167124222],[3.25669284067918,45.680006850171594],[3.256673632339568,45.679743050788183],[3.256572304612758,45.679500149714251],[3.256385425827758,45.679091753417232],[3.256146611575405,45.678563709972295],[3.255968876953582,45.678186809329546],[3.25577940876937,45.677772114554237],[3.255638004804334,45.677472572921133],[3.255571709994937,45.677303431543088],[3.255559749765459,45.677217011797097],[3.255565910667769,45.677160267053523],[3.255545245367941,45.676857749858151],[3.255551697203627,45.676585787750824],[3.255522709631424,45.676428268060164],[3.255474828106886,45.676351835163658],[3.255345945667456,45.676259377109574],[3.255143807433772,45.676158980472316],[3.255015042155053,45.6760917354488],[3.254911934779829,45.676017228310599],[3.254848660747282,45.675945332427531],[3.254816232294708,45.675876968687227],[3.25478181893227,45.675656426919751],[3.254822877214322,45.675088125993717],[3.254829523081917,45.674857585989074],[3.254827434366029,45.674682896013962],[3.254797169492653,45.674526279544899],[3.25469844511781,45.674286972987886],[3.254557072468433,45.673991031994547],[3.254519395774546,45.673898366865572],[3.254471617172107,45.673843545046971],[3.254427783177233,45.673808525035689],[3.254355686406743,45.673772668346629],[3.254318214922011,45.673444975310488],[3.25453184918101,45.673254489767423],[3.254358864894658,45.673066678550121],[3.255025713088671,45.672552792967423],[3.254864587897497,45.672429790820686],[3.254667362060416,45.672277153974491],[3.254220416845855,45.672008017271004],[3.253981497659278,45.672005854816184],[3.25347962608656,45.671521622434007],[3.253203233917892,45.671470015829179],[3.253174242894065,45.671028841960258],[3.252916905860397,45.670930366460539],[3.252081127516913,45.670451379689496],[3.251298745694951,45.670697160239357],[3.250671759622464,45.669805273656344],[3.250184725354688,45.668898665091142],[3.249547919786878,45.668954107132762],[3.249437491980703,45.6689606551693],[3.249357905367732,45.668970736768244],[3.249341641169031,45.668781670396356],[3.249329027405706,45.668547571568865],[3.249300029307845,45.668382846549747],[3.249272486030422,45.668255938779772],[3.249198434513236,45.668068801260979],[3.249127089968872,45.667912274282735],[3.249022000426113,45.667677479474591],[3.248981452727252,45.667514580899805],[3.24774031976608,45.667414662342431],[3.247524619306427,45.667143189442676],[3.247432445683279,45.666922772593246],[3.247456819730988,45.666916415629032],[3.247535067069525,45.666894631977947],[3.247572252145508,45.666881042931593],[3.247597837995586,45.66685847450124],[3.247616978032499,45.666830517313528],[3.247638541696674,45.666770137250175],[3.247664976737582,45.666650314308214],[3.247710184901516,45.6664205906213],[3.247709818263784,45.666338647084793],[3.2477083647337,45.666300829816059],[3.247694108371196,45.666272045579149],[3.247660587347968,45.666243303706629],[3.247618080209747,45.666215482069688],[3.247512549311132,45.666167087738884],[3.247463620759317,45.666139280156678],[3.247432640382216,45.666104229223627],[3.247401591637242,45.666053870149149],[3.247382041349784,45.66598997850069],[3.247366295740177,45.665915272645599],[3.247348891724853,45.665756825118883],[3.247327779736514,45.665630803274816],[3.247322240283988,45.665540766718841],[3.246618719131807,45.665603542653351],[3.246222151709564,45.665667444481166],[3.246039612990184,45.665340966583081],[3.2457560685044,45.665405520278298],[3.24508550734286,45.6642102342554],[3.244555893572293,45.664389682033949],[3.244008703001198,45.663495784920862],[3.244172880259172,45.663448603747732],[3.244629507230557,45.663319743607858],[3.245290027193747,45.663122901166652],[3.245673503340797,45.663006802913152],[3.245754302337313,45.662982313468227],[3.245923601526314,45.662932417099697],[3.246042875315129,45.662896137089554],[3.245981168066219,45.662881864101927],[3.245947753986528,45.662876534161448],[3.245865555032362,45.662874912680074],[3.245630568234629,45.66288172888332],[3.245530370042451,45.662875643980747],[3.245356954597397,45.662866116587502],[3.245184791544016,45.662849382305147],[3.245103844994832,45.662840553645701],[3.244993341196568,45.662827286799967],[3.244759503381162,45.662803482130919],[3.244733293338601,45.662684674821804],[3.244630608955315,45.662115790221492],[3.245541022307127,45.662092197134115],[3.245529513082046,45.661524015013413],[3.244589349638906,45.661497245386094],[3.244455299718723,45.661095018864657],[3.245034470499954,45.661093760101515],[3.245260320830672,45.661055447987856],[3.245255235755312,45.660777208643509],[3.245252248581463,45.660682664037445],[3.245252065105974,45.660641242045379],[3.245262545776358,45.660398087792494],[3.245280037581857,45.660288190309984],[3.245299012955302,45.660223313931034],[3.245320620460443,45.660172839602801],[3.245400968487686,45.660047496876246],[3.245474999121559,45.659945580519384],[3.245482616285519,45.659925753206316],[3.245479984078969,45.659911351156822],[3.24546060983065,45.659886179761983],[3.245431101990465,45.659892547486123],[3.245289823947738,45.659888352883556],[3.245026526405218,45.659879020756385],[3.244719559415139,45.659867981951798],[3.24441765765298,45.659840722556275],[3.244155481848321,45.659794466004939],[3.244071983513143,45.65978834360881],[3.243991077328631,45.659787618454317],[3.243917895953234,45.6597913789426],[3.243803692742847,45.659811436966251],[3.243140215564707,45.65991192502355],[3.24305037539469,45.65992382529555],[3.242993848408005,45.659918544368608],[3.242952711657753,45.659908727776418],[3.242919244355372,45.6598907902451],[3.242888298001868,45.659862041426791],[3.242761186566599,45.659574159810674],[3.242726395897222,45.659547220210015],[3.242677542691845,45.659534718691262],[3.242619755655959,45.659534843212718],[3.24241690625901,45.659546085923793],[3.242361699348469,45.659548906218113],[3.242360480658729,45.658977099870143],[3.241578354780525,45.65895987030364],[3.241577355795454,45.65814223071613],[3.24125766381625,45.658155522931366],[3.241117211947826,45.658045063934907],[3.24078228669277,45.657508190227588],[3.24020199030347,45.657537344679014],[3.239992290063595,45.657447743177428],[3.239949423134944,45.657038113251382],[3.239669524718022,45.657046813732308],[3.239643881713301,45.657055873172894],[3.23926166765742,45.657160241893557],[3.239041058770092,45.657220142533028],[3.238947474694381,45.657256360614227],[3.238876996608616,45.657290728629675],[3.238829612911148,45.657320545188519],[3.238518479118512,45.657531017981555],[3.237744616429666,45.657937873375097],[3.237497268000398,45.658051856615437],[3.23737559293531,45.658125953057024],[3.237337161849777,45.658147645736925],[3.23731534717156,45.658151293659223],[3.237302521362785,45.658154922634431],[3.237258783957263,45.658137005072419],[3.237209898512008,45.658116396879521],[3.23707354236081,45.658060853892842],[3.236817624569696,45.657973144750436],[3.236700604089172,45.657934669886799],[3.236566890228796,45.657896229974178],[3.236422961284104,45.65787131864532],[3.236164795937888,45.657858353101972],[3.236010690287405,45.657855974746191],[3.235578026883425,45.657876691452223],[3.234910464928003,45.657920408935155],[3.234553514089254,45.657929257407169],[3.234310834550806,45.657934265079284],[3.234173418515239,45.657930948992792],[3.234050085942154,45.65791769811856],[3.233928014721621,45.657899041571909],[3.23366717519343,45.657860862246068],[3.233281769078212,45.657821139479886],[3.232991414635034,45.657787522163929],[3.23276910731165,45.657751061997708],[3.232571198459068,45.657714551003124],[3.232469681572988,45.657697651395083],[3.232396468164199,45.657693300090358],[3.232336122355787,45.657695225591546],[3.232268117184516,45.657707972693011],[3.232189891927063,45.657733347633311],[3.232077040764106,45.657769599722364],[3.231917912219171,45.657794240701392],[3.231529058354196,45.657850871052382],[3.230842562088591,45.657973846117713],[3.23036136146137,45.658057676291456],[3.230263813072145,45.658068681643613],[3.230173961897024,45.658077870205432],[3.230096892054766,45.658072624801569],[3.230064751564102,45.658063685612959],[3.229955234636311,45.657975661684645],[3.229870153695938,45.657896592630223],[3.229828826421004,45.657839946368448],[3.229793942234443,45.657788689859629],[3.229775736664497,45.657733797363399],[3.229739082786375,45.657565481267561],[3.229715303826451,45.657405243271732],[3.22970361611528,45.65737375010486],[3.229695859178758,45.657361159124484],[3.229679143382639,45.657355790305601],[3.22964448371207,45.657358562454888],[3.229600850227291,45.657364954835806],[3.22952523350536,45.657400227949672],[3.229256111523699,45.657531346666119],[3.228993308288152,45.6576381387666],[3.228754775750309,45.657714264425287],[3.228469999497612,45.657786881471118],[3.228249331898807,45.657835955228791],[3.22793623330245,45.657891519095692],[3.227783567614168,45.657926946977042],[3.227705354804577,45.657955920716297],[3.22753078842503,45.65797428330621],[3.226933509986656,45.658249236336026],[3.226492510541072,45.658431121906567],[3.226240224646387,45.658600019947286],[3.226054602173256,45.658741769035743],[3.225167614959761,45.659146063393912],[3.223602342699475,45.659811039620173],[3.223361927893389,45.660379723411936],[3.222696674567999,45.66132655132359],[3.222316392610816,45.661287681335722],[3.2221763427631,45.661269948015679],[3.222033699333545,45.66124591623322],[3.221672565972828,45.661178190763842],[3.221645576239627,45.661172840973713],[3.221567791650554,45.661310768407994],[3.22154361526796,45.661366646107545],[3.221491373726808,45.661469404280083],[3.221432728975028,45.661576677450185],[3.221394620509447,45.66168120875944],[3.221374454830617,45.66177669992485],[3.221379714082622,45.661807306111825],[3.221387566965928,45.661844210602112],[3.221399301301088,45.66188831134945],[3.221414906298921,45.661936906915749],[3.221431777531915,45.661980997559922],[3.221455062664062,45.662023274616658],[3.221487340946394,45.662066434467341],[3.221531173629863,45.662108671093605],[3.221571099672629,45.66213740809841],[3.221620015285557,45.662166127398116],[3.22167532320239,45.662187630205025],[3.221766592911536,45.662209962657329],[3.221869431498779,45.662234973701665],[3.221923444532872,45.662253777480011],[3.221963342004253,45.662275310514133],[3.221681390260982,45.662419943676348],[3.221058160379665,45.6623257172742],[3.220337170644939,45.66219115687494],[3.219945387223456,45.66249088412652],[3.219980243788712,45.662536740831541],[3.220050017933005,45.662643762354158],[3.220087514731781,45.662707623589412],[3.220125076058623,45.662787693436115],[3.22017424573916,45.662880347381119],[3.220245376570122,45.66300537585694],[3.220308666119799,45.663096201157551],[3.220391316288965,45.663211301661121],[3.22056813284235,45.663430674102536],[3.221071607004114,45.664085240814103],[3.221115563242376,45.664158093900603],[3.221240964524435,45.664364959445798],[3.221291414546396,45.664455809433612],[3.221371611854717,45.664598829132458],[3.221428591731187,45.664716680813633],[3.221482270160421,45.664972313362583],[3.221450359123158,45.665342475988268],[3.221390088619878,45.665686580264712],[3.221362546898287,45.665864930700629],[3.221343869153322,45.666011746688284],[3.221250428168823,45.666411746250319],[3.221117089003631,45.666791112899411],[3.220818916490548,45.667383317508936],[3.220801154812591,45.667438282006273],[3.220779777082096,45.66755268569591],[3.220765122621797,45.66774271706705],[3.220772560596763,45.667997540161323],[3.220816979283323,45.668185654758659],[3.220854663928109,45.668295440220305],[3.220924626693518,45.668447485225272],[3.22101513253577,45.668597688904505],[3.221104365287255,45.668750596472762],[3.221187126289562,45.668890909871344],[3.221276485961462,45.669075334089911],[3.221356833944808,45.66925437303388],[3.221430789327009,45.669440628385473],[3.221493045175179,45.669591787722595],[3.221584896493106,45.669756396104781],[3.221909019306341,45.670189792529655],[3.222040790639915,45.670379535519665],[3.222488308469842,45.67115307097778],[3.222594717709731,45.671423006764371],[3.222620956800768,45.671559828898502],[3.222618873171803,45.671680498249721],[3.222574059842354,45.672035378625743],[3.222557886965135,45.672165981176576],[3.222541945692717,45.672354214427713],[3.222519513242863,45.672525351252844],[3.222486917146786,45.672724423245931],[3.222434384442189,45.673076617379621],[3.222367360067968,45.673338791415098],[3.222203270949593,45.673739831932679],[3.22208799030824,45.674140775992797],[3.221988078728813,45.674530883811627],[3.221965311491439,45.67461917640577]]]]}},
{"type":"Feature","properties":{"nom":"Busséol","nom_m":"BUSSEOL","insee_com":"63059"},"geometry":{"type":"MultiPolygon","coordinates":[[[[3.277666606588858,45.700879991765866],[3.277663995689706,45.700871893782008],[3.277650746897856,45.700792683236976],[3.277628118308261,45.70063695408443],[3.277613372164399,45.700515424159832],[3.277577879220753,45.700357025219525],[3.2775411646193,45.70021123614945],[3.277500612990923,45.700069058481212],[3.277436798974295,45.699900823843635],[3.277392379033995,45.699755954192391],[3.277375365923846,45.699694762702997],[3.277376177017425,45.699600209183707],[3.277378322847026,45.699515557777154],[3.27739472193183,45.699454284043426],[3.277435316249142,45.699348826698369],[3.277568781362957,45.699055838560412],[3.2776983040003,45.698745750660422],[3.277858458550578,45.698394164518],[3.278004520778943,45.698051617826074],[3.278205204079236,45.697582867424387],[3.278244587422784,45.697492721124533],[3.278263699927981,45.697460256267995],[3.278276437056967,45.697437712549146],[3.27830709217861,45.69740071672674],[3.278353194827282,45.697369085681657],[3.278407066514235,45.697349141800537],[3.278482792762972,45.697330944865961],[3.278550831440552,45.697317269337169],[3.278645851199926,45.697302626560301],[3.278728011531058,45.69728621453126],[3.278770322268184,45.697267199562745],[3.278883118988568,45.697210189546958],[3.278964906842752,45.697119938037709],[3.279039061480763,45.69704501371173],[3.279117002852609,45.696956572598225],[3.279213896670936,45.696804149638716],[3.279266068907702,45.696702264913675],[3.279288681071684,45.696599552944583],[3.279299428055132,45.696437438004622],[3.279308358158689,45.696169970174644],[3.279298490445377,45.695997100450136],[3.27928669364474,45.695951204672802],[3.279271100950036,45.695917024679289],[3.279229740154919,45.695869401184034],[3.279178167607293,45.69583531033301],[3.279147250457019,45.69582007859082],[3.279134296014429,45.695799399400819],[3.279136738814977,45.695774179615015],[3.279151931620067,45.695729117451933],[3.279160799378366,45.695703881748379],[3.27917319500243,45.695613801987164],[3.279189640130931,45.69530759447337],[3.279201467674618,45.695104954809317],[3.27923422635244,45.694721264696703],[3.279274817054553,45.694361868413914],[3.279298819702575,45.693771087211857],[3.279296443957526,45.693554975409128],[3.279288084383587,45.693426226007318],[3.279308202558386,45.693338828573324],[3.279370509915692,45.693209003491738],[3.279434333819175,45.693125099623032],[3.279592801165916,45.692953613343704],[3.279946385215841,45.692489883358476],[3.280146927687261,45.692254356938882],[3.280403415801527,45.691902527695724],[3.280557834760842,45.69169413003096],[3.280723990203738,45.691519921544945],[3.280911960346182,45.691340255485365],[3.281382644138745,45.690914950059913],[3.281493842606482,45.690799409541192],[3.281612520751422,45.69063882570385],[3.281780014184212,45.690476318687168],[3.281787677565149,45.690467294618458],[3.281850420739775,45.690424814636401],[3.281968114998516,45.690323665243255],[3.282053655041801,45.690216292794091],[3.28219386532116,45.689995321591276],[3.283476593151784,45.689324838210524],[3.283445074267645,45.689191644951308],[3.283388802362133,45.688991877671],[3.283367959087039,45.688936099701472],[3.28332883311012,45.688822736332206],[3.283271632081912,45.688692309083628],[3.283271456930564,45.688658090895942],[3.283287970729789,45.688621129275994],[3.283294325731009,45.688607605943552],[3.283330001273969,45.68854898436917],[3.283347573915072,45.688467896057894],[3.28335580233416,45.68831839399089],[3.283370173542346,45.6881139465739],[3.28339143904269,45.688001331813638],[3.283421541345854,45.687858078154683],[3.283478190884122,45.687630111620834],[3.283527384882737,45.687451690781664],[3.283549519378817,45.687258029697041],[3.283566731402288,45.687106704035756],[3.283602140013229,45.686745518374977],[3.283617780839636,45.686538366280907],[3.283604457740606,45.686445649342119],[3.283582265832295,45.686377267958711],[3.283545904541472,45.686301718313466],[3.283468278394856,45.68619655632051],[3.283362115575832,45.68603833714208],[3.283232495782494,45.685815341560051],[3.28313643278597,45.685621977674977],[3.283076629159964,45.6854843529891],[3.283012824219843,45.685317922646306],[3.282964666844066,45.685196477467606],[3.282917918712614,45.68509934195972],[3.28285711218439,45.685016649570791],[3.28278732643645,45.684936681159314],[3.282673671104272,45.684819902701761],[3.282558593594095,45.684676113001423],[3.282511887983774,45.684587081634263],[3.282494781951032,45.684507881418668],[3.282499442866572,45.684414218781953],[3.282506746767957,45.684334957356121],[3.282562318623459,45.684147516090569],[3.282706785641743,45.683757241535716],[3.282857651147937,45.683362448287525],[3.282978418393506,45.683111808823149],[3.283035695773894,45.68300720811321],[3.283061048953487,45.682940508165835],[3.28307109165041,45.682894557951045],[3.283073430765656,45.68284952758291],[3.283058962932366,45.682783828180597],[3.283038509144162,45.682803690347583],[3.282840334125207,45.682990589470272],[3.282730360658753,45.683090819895398],[3.282575633670099,45.683232585010252],[3.282331444913202,45.683466424114847],[3.2821703795161,45.683625313863445],[3.282047717032398,45.683757092546472],[3.28195067036555,45.68387349866132],[3.281798760805436,45.684064782596835],[3.281613699276057,45.684305676145833],[3.281446485043828,45.684519510109808],[3.281280554258429,45.684733340621364],[3.281094153184829,45.684964331273818],[3.28091298096566,45.685213318377663],[3.280684449256586,45.685497542300268],[3.28052481316678,45.685687042789581],[3.28029859943318,45.685668695552238],[3.280105753157442,45.685643060985285],[3.279964383990499,45.68563440748477],[3.279783078062052,45.685604241237961],[3.279518167518465,45.685555371874933],[3.279271107724024,45.685479442946445],[3.279187435028016,45.685447232698102],[3.279107712059849,45.685433922889011],[3.278997209482485,45.685431495130601],[3.278804564233009,45.685445479394183],[3.278561799806853,45.685456885794977],[3.278429433707213,45.68545000908842],[3.278374139387844,45.685440240343375],[3.278307223423663,45.685418793914103],[3.278004451089049,45.685249348894118],[3.277781556395657,45.685123830138835],[3.277657705559218,45.685021479619031],[3.277586787100184,45.684970326467777],[3.276999816797608,45.684746648794253],[3.276482963784775,45.685184655932197],[3.274792724869173,45.685287845243387],[3.273092277151019,45.685406342251277],[3.272299782638373,45.685448782549024],[3.272161998762834,45.685646322704415],[3.272168027900543,45.685827306542294],[3.272102101155578,45.686006663217398],[3.272015537946081,45.686169860870656],[3.271246105123977,45.68593938971123],[3.269990217113766,45.685541688630856],[3.269735189812767,45.68540992757039],[3.269532654380745,45.685240219807675],[3.268741101659016,45.684682906888447],[3.267487099343589,45.683868247021501],[3.266776723148124,45.683885239796886],[3.266577527374644,45.683605659183804],[3.266491621972309,45.683374436707027],[3.266255775265908,45.683220110231581],[3.265944089241226,45.683056957436072],[3.265389543179315,45.683151015573983],[3.264512478414868,45.682696530371885],[3.262260733490658,45.68168514298771],[3.262184665006444,45.681627688765104],[3.262046151089962,45.681676637457628],[3.262016646329962,45.681685710975763],[3.2617164595123,45.681776457670971],[3.261153245043297,45.681938051763893],[3.260561789978223,45.681832263166115],[3.25975157977793,45.681649534048347],[3.25876120196428,45.681398775964489],[3.25818904814254,45.681297433043916],[3.257850326643709,45.681114509168474],[3.256682764594708,45.680881247575435],[3.256673010884949,45.681271181388183],[3.256664541706755,45.681661112284765],[3.25666054300181,45.681906954811922],[3.256620907218695,45.682224917628474],[3.256603568768729,45.682364532878339],[3.256587030667917,45.682399689609049],[3.256571647828821,45.68240692855511],[3.256554804988928,45.682376350296813],[3.256508314256029,45.682324227818008],[3.256281396728509,45.682149148975583],[3.255956549573597,45.681910357532949],[3.255884266408799,45.681836681672387],[3.255822223348894,45.681754878114305],[3.255745890998001,45.681638888394829],[3.255661975755847,45.681549930494569],[3.255562066977496,45.681614091887475],[3.255386657473933,45.681742359075251],[3.255336775478777,45.681790198047821],[3.255290793104825,45.681847933536325],[3.255229743344467,45.681981344192245],[3.25518796763563,45.682115611645173],[3.255126875824061,45.6822400174553],[3.25496861225012,45.682465497937677],[3.2547577537256,45.682708206435855],[3.254674555272275,45.682775030715959],[3.25460926366295,45.682824705179286],[3.254563109861512,45.68284552072231],[3.254460586674205,45.682900682157253],[3.254338821761285,45.68296219036317],[3.254214404455765,45.683005694648585],[3.254064222656752,45.683033948596922],[3.25365726132104,45.683097899871996],[3.25343900208965,45.683129007717199],[3.252826753946958,45.683251949399235],[3.252307051392709,45.683385486381511],[3.25153812031237,45.683521378695872],[3.250763973154847,45.683641068570537],[3.250720292835886,45.683641165791705],[3.250535546561509,45.683697407095998],[3.250162145816752,45.683798191120559],[3.249912003766525,45.683882491745187],[3.249870193394994,45.684012254847289],[3.249865265896768,45.684059091184118],[3.249856671211242,45.684147358130652],[3.249808294604517,45.684245618672577],[3.249750835307655,45.684324088580169],[3.249608571286486,45.684400044922263],[3.24938917004293,45.684464465517223],[3.248972348340109,45.684624773949196],[3.248673295649802,45.684690269636945],[3.248379231691875,45.684722435452535],[3.248096584745274,45.684722157768284],[3.248038351551246,45.685488601809929],[3.247973246746722,45.68586875134298],[3.247848319503929,45.686087844995235],[3.247628954351998,45.686449423337912],[3.247093739047964,45.68714667623339],[3.246934758650672,45.68750992175827],[3.246467482023539,45.688464562557677],[3.246529811609323,45.688612106350426],[3.247033181351013,45.68883522549249],[3.246886538651867,45.689373138770115],[3.246807809750184,45.689582224678453],[3.246791945945169,45.689770461604823],[3.247018236368536,45.690380497188642],[3.247585619382773,45.691696667226935],[3.247742648682352,45.69204391083867],[3.247800288370024,45.692864129659753],[3.247861030961534,45.692942338609129],[3.247884345278658,45.692983709820318],[3.247896091197253,45.693024205990064],[3.247892405821059,45.693062034642331],[3.247887415335725,45.693095363720133],[3.247874715230316,45.69312870975854],[3.247854273224611,45.6931548689127],[3.247820989896111,45.69318285728589],[3.247692818654293,45.693255178249338],[3.247537735837529,45.693343766997046],[3.247239113101222,45.693516416077308],[3.247114795165532,45.693588727926446],[3.247028952989377,45.693644746486115],[3.246961075812803,45.693695322671346],[3.246907304837384,45.693739564481419],[3.246870189930434,45.693772963904138],[3.246848462260563,45.693799125692344],[3.246835685049165,45.693815362488522],[3.246791016958656,45.693883897508627],[3.246746388910629,45.693961437315075],[3.246717115982537,45.694024535656723],[3.246684100514318,45.694112855881379],[3.246661328500337,45.694193049270588],[3.246643732392612,45.69428133572849],[3.246631235952272,45.694360606130047],[3.24662004852207,45.694445276600668],[3.246624348904255,45.694545221488958],[3.246623465271165,45.694635272343213],[3.246623573631986,45.694659585314582],[3.246601038072561,45.694792907040124],[3.24658344970335,45.694882994453359],[3.246568350984225,45.694955066631863],[3.246530122588826,45.695027189416585],[3.246383456525146,45.695276045240206],[3.246234038840437,45.695484384871421],[3.246144598222794,45.695598942421334],[3.246074292014083,45.695681940991761],[3.246038460297338,45.695715337339003],[3.245589990501936,45.696583486851459],[3.245372528853748,45.697097239503023],[3.245424029822657,45.697119639578325],[3.245564365678712,45.697179666623555],[3.245731919439978,45.697291862525176],[3.245805502310629,45.697367343142048],[3.245812007488782,45.697385338738655],[3.245800522180479,45.697403373579689],[3.245777439547091,45.6974142298006],[3.245736310419064,45.697412518522455],[3.245669456600767,45.697405460380452],[3.245607770918535,45.697404694359776],[3.245574415957005,45.697417373907072],[3.245559059472222,45.697431815202478],[3.245536132618537,45.697477790119038],[3.245529823311912,45.697503918057969],[3.245529005778289,45.69760927709401],[3.245626562985788,45.69787470884706],[3.245682487677208,45.698024968657563],[3.245678728486323,45.698046588598956],[3.245671054169342,45.698054709735011],[3.245642823041785,45.698063776173861],[3.245544018018522,45.698096409134891],[3.24545172202379,45.698147938108463],[3.245357147239915,45.698265207693773],[3.245148237417204,45.698680787988209],[3.245052523571484,45.698831377905535],[3.245038635068894,45.698887238451441],[3.245034907470401,45.698916062218728],[3.245042801337332,45.698957467567048],[3.24464442716909,45.69953914883336],[3.244301820725742,45.700237771443064],[3.244092631378495,45.700884776216171],[3.244510322163306,45.701181032254283],[3.244705164270662,45.701358906263067],[3.245454155995363,45.701883163301488],[3.245790925413566,45.702185894297749],[3.246154710770918,45.702493968233107],[3.246394366847514,45.702632119917112],[3.247129691440236,45.702966392479297],[3.246999460970424,45.703158482307266],[3.24805758946282,45.703539766847889],[3.247923565846925,45.703745373452243],[3.24877271332165,45.703949714371454],[3.248949424131658,45.704091601554701],[3.248836959202129,45.704232326359254],[3.24867987204387,45.704453293126186],[3.248563821147303,45.704654358395643],[3.248443954220546,45.704864436858315],[3.248372597031506,45.705001468611748],[3.24833578264503,45.705103305102085],[3.248292622868273,45.705223165359676],[3.248282510863422,45.705261008215068],[3.248259756781547,45.705345704396223],[3.248844485765375,45.705619964744372],[3.248831081348631,45.705782983029486],[3.249377923440774,45.70563409396852],[3.25108872674998,45.705667215483537],[3.251353548911209,45.705681033006819],[3.251597774806219,45.705687691969445],[3.251879280551595,45.70569606807075],[3.252149088003106,45.705675653959219],[3.252449753015539,45.705657871554592],[3.252768373971215,45.705631943665352],[3.253061269529489,45.705601570191824],[3.253054435789722,45.705231484093922],[3.253065899763494,45.705208946099283],[3.253069635959012,45.705182823496273],[3.253084086392898,45.704970275381093],[3.253118008428866,45.704800006570032],[3.25314437972959,45.704664873824406],[3.253166973591974,45.704546858870827],[3.253185785940279,45.704445061230345],[3.253220041176835,45.704347731340022],[3.253254448806328,45.704283719229565],[3.253311895002811,45.704198944055356],[3.253378390968858,45.704125854876374],[3.253396325900069,45.704113207690725],[3.253411731687997,45.704109571089923],[3.253438716561842,45.704108609918123],[3.253542874756972,45.704120982494615],[3.253614870201866,45.704126223438465],[3.253673993107213,45.704126990862036],[3.253767762472179,45.704115973873122],[3.253986075374761,45.704078561977852],[3.254191519545294,45.704037576725355],[3.25438412395504,45.703999321551251],[3.254620432741708,45.703962768292946],[3.254793858332093,45.703946167509841],[3.254936489142621,45.703940442007436],[3.255219217688309,45.703937100608513],[3.25560737307263,45.703942524332035],[3.255820718181162,45.703942940731885],[3.255806764324654,45.703982593972256],[3.25574599108577,45.704180839734555],[3.255708084585908,45.704321402213914],[3.255687006159989,45.704488040718218],[3.255674645213587,45.704594326601821],[3.25604384395182,45.704668229091965],[3.256344819333074,45.704718872832224],[3.256938993596185,45.70480576779174],[3.25737879809663,45.704861495116972],[3.257504882567344,45.704890022785222],[3.257633600485734,45.704932051646608],[3.25778800602184,45.704970419645306],[3.25796166894487,45.705004240904131],[3.258078791164625,45.705039992368093],[3.258207514070576,45.705082921055102],[3.258271942857903,45.705118793034195],[3.258291296734586,45.705134957504761],[3.258336581967328,45.705199689010023],[3.258406656549703,45.705343606809166],[3.25848047357041,45.705463202744752],[3.258534776895003,45.705532415941015],[3.258563249604436,45.705574673666639],[3.25857758908928,45.705617864303655],[3.258589715903148,45.705737601695731],[3.258586466298322,45.705867279763154],[3.258807660824655,45.705895587716647],[3.258933684965716,45.705635957016405],[3.259207741779868,45.705700162331439],[3.259703932412123,45.705718830801082],[3.259882043189287,45.706151556114357],[3.260110459832355,45.70607538797131],[3.260249597431375,45.705872456413381],[3.2603439036388,45.70570204591116],[3.260421420829224,45.705514564809469],[3.260483531833237,45.705330721226851],[3.261070885132619,45.705331163120427],[3.261514464243242,45.705367955284373],[3.261531827306841,45.705234642408335],[3.261558080347933,45.705078796638091],[3.261592231835102,45.704962554107986],[3.26162780891029,45.704876024442243],[3.261705559128459,45.704738969377047],[3.261815417689959,45.704597337218331],[3.262014855736617,45.70437445258581],[3.262167068673948,45.70422101522972],[3.262353801526164,45.704029676715749],[3.262554550453755,45.703813091508124],[3.262695065466781,45.703632665979313],[3.262835506839632,45.703436932110982],[3.263606382050938,45.703117258485683],[3.264224950183971,45.702661962731675],[3.264631384229777,45.702460199709286],[3.264884089161236,45.702361452563125],[3.265014324670442,45.702183749767045],[3.265135274239293,45.701945735814135],[3.265263883267179,45.701161106071488],[3.265490172636128,45.701183085438586],[3.265853987577032,45.70120834195486],[3.266264054275041,45.701230786553204],[3.266864280472461,45.701244675089804],[3.266967107704022,45.701248033498871],[3.267090557778065,45.701263949803071],[3.267197314357811,45.701282607025881],[3.267354260482616,45.701315552933274],[3.267711978298699,45.701408354702231],[3.267852240223793,45.701445842004141],[3.268103110669868,45.701501075847958],[3.268306335726611,45.701536611793003],[3.268549413207216,45.701574753880671],[3.268806636220359,45.701614662685095],[3.268954500772292,45.70162961822146],[3.269117690632646,45.701624726176071],[3.269310359598125,45.701603554620164],[3.269518401735014,45.701572440572875],[3.269664726681201,45.701535170410004],[3.269808476781307,45.701497005731063],[3.269979223158118,45.701460577176668],[3.270232103096447,45.701400538684645],[3.270391282765046,45.701364137240972],[3.270644183839385,45.701308600224465],[3.270921470880292,45.701246700581798],[3.271128141806616,45.701198477534327],[3.271365571355956,45.701133070722456],[3.271696619451003,45.701027816149981],[3.271869867000021,45.700977871336931],[3.272045755308348,45.700942327730978],[3.272353965909888,45.700897459221032],[3.272441313808814,45.700889143666615],[3.272469568591815,45.700885473391736],[3.272675067089002,45.700860663091923],[3.272910025292521,45.700815970283116],[3.273107799325899,45.700788476428045],[3.273256801185019,45.700773707369713],[3.27340458014844,45.700771547949628],[3.273520262467605,45.700775769679218],[3.273647573163009,45.700792569921937],[3.273863659223056,45.700829865595495],[3.274099053510993,45.700873417327863],[3.274304872664257,45.700913438600992],[3.274532597171167,45.70096511251478],[3.2747384482789,45.701011436354783],[3.274916009230193,45.701054226876131],[3.275097501927135,45.701112315862353],[3.275205608739927,45.701143569077907],[3.275313706713304,45.701173021230289],[3.27543847552134,45.701195228608114],[3.275617228526281,45.701219104809105],[3.275840951998196,45.701241069677465],[3.276038937245747,45.701255893225401],[3.276213731940584,45.701259066890017],[3.276343511369077,45.701255146753908],[3.276513107083406,45.701246626323247],[3.27668267572715,45.701232702759086],[3.2767854089323,45.701217142135306],[3.276904803593629,45.701192535570691],[3.276997197087387,45.701165293779788],[3.27709723356383,45.701124525758125],[3.277313981013711,45.701036644980128],[3.277434551800989,45.700990423179952],[3.277517894684744,45.700952397353163],[3.277611518372967,45.700914346138354],[3.277666606588858,45.700879991765866]]]]}},
{"type":"Feature","properties":{"nom":"Tallende","nom_m":"TALLENDE","insee_com":"63425"},"geometry":{"type":"MultiPolygon","coordinates":[[[[3.142964201459411,45.653413782473159],[3.142934385475259,45.653303961358127],[3.142935504466512,45.653240025619915],[3.14296231068646,45.653178758719548],[3.143016041553447,45.653102149400006],[3.143087769343617,45.653033621535464],[3.143290377225812,45.652930708772573],[3.143422424729666,45.652851298114079],[3.143467236605078,45.652801714440528],[3.143534014460956,45.652309965447266],[3.143501975902125,45.651838153053724],[3.143348766785894,45.651181895952455],[3.143290224058823,45.650886611989442],[3.143113881750887,45.650716644961115],[3.143122583193236,45.65060587447271],[3.143152776573018,45.65036540708919],[3.143190792086899,45.650170854392918],[3.143235252646236,45.649986198801535],[3.143281015481771,45.649808745402559],[3.1433446761372,45.649601553259942],[3.143384086286206,45.649450221920922],[3.143413273805935,45.649317813736019],[3.143448745504875,45.649133169521861],[3.143477886044352,45.648982751722727],[3.143524970857408,45.648820604764445],[3.143592495194087,45.648618810469216],[3.143680346548632,45.648334145762263],[3.143733800623412,45.64815308045327],[3.143770701671474,45.64802516475541],[3.143802506736021,45.647912563766013],[3.143839327947507,45.647754031729917],[3.143876113858033,45.647581992484888],[3.14388488814673,45.647500037325315],[3.143882088780004,45.647410893094204],[3.143910275624334,45.647388344994596],[3.143928186740402,45.647364009059366],[3.143972855609648,45.647261296893156],[3.143662530580772,45.646910504992611],[3.142704042960439,45.645634839406746],[3.142127127289344,45.644951202362392],[3.141207573975982,45.64381324901337],[3.140712610596983,45.64303224993855],[3.140471148757082,45.642482356704605],[3.13957811511888,45.642159293843498],[3.138298352598463,45.641704328791143],[3.136888871368677,45.641216189206602],[3.136062714757725,45.640926335042295],[3.134188464645161,45.640396399878504],[3.133191611768731,45.640111230458658],[3.13295396758058,45.640045776197489],[3.132961760619843,45.640083587241556],[3.132964444767316,45.640132210105392],[3.132952999442902,45.640177247729994],[3.132922313533775,45.640228611449785],[3.132862166940702,45.640307024401075],[3.132826354649007,45.640361996074098],[3.132816164811906,45.640395325936296],[3.132812451848478,45.640452961173956],[3.132808803650912,45.640537610799804],[3.132809023881591,45.640629459719463],[3.132797615030103,45.640689805483682],[3.132777192016132,45.640738455611597],[3.13274907308508,45.640789816258334],[3.132713223690148,45.640829479744077],[3.132650433211471,45.640876378826228],[3.132578652211921,45.640921487498026],[3.132476089571172,45.640978338621672],[3.132317109210241,45.641063170928454],[3.132087615313253,45.641186806506376],[3.131924797560822,45.641277946137251],[3.131860715736515,45.641322144846178],[3.131790270820394,45.641389763505451],[3.13174802734917,45.641440239956665],[3.131716081577319,45.641502410612198],[3.131703323375654,45.641535743381169],[3.131696998866729,45.64157537199759],[3.131702236619917,45.641618589015948],[3.131710029025971,45.64165640015198],[3.131720401785485,45.641699611161656],[3.131728249896942,45.641760834769364],[3.131725815176669,45.641816667516501],[3.131715671520495,45.641869807837367],[3.131699098377685,45.641918453268524],[3.131664567643223,45.641973423077921],[3.131554611850718,45.642161752419057],[3.131465152758855,45.642332048074941],[3.131374415758776,45.642505046599844],[3.131297739889975,45.642652815150363],[3.131238938279659,45.642759140627859],[3.131205718068253,45.642825815041498],[3.13118526300896,45.64286185817236],[3.131180170567311,45.642879873752719],[3.131177635008707,45.642893383941903],[3.131171393139759,45.642968131246704],[3.131163961304652,45.643082501160123],[3.13115136659187,45.643185170818896],[3.131136146699584,45.643263530512179],[3.131109391881787,45.64335000797967],[3.131060846687694,45.643450918529744],[3.130952276154128,45.643684269806649],[3.130867971344117,45.643864464316138],[3.130793857717156,45.644011329076385],[3.130732507345852,45.644126662084396],[3.130690335191829,45.644208654948493],[3.13065578715849,45.644257321099964],[3.13061355533123,45.64431410049783],[3.130545727890029,45.644405127895773],[3.130483024866478,45.644491646901848],[3.130420313165247,45.644574563953768],[3.130392198580951,45.644629525949007],[3.130374348112517,45.644681774603846],[3.130345070406602,45.644788065433637],[3.130320870664473,45.644870037352455],[3.130304301754522,45.6449213840311],[3.130272345999976,45.644980852855966],[3.130213529363965,45.645082675419538],[3.130155964597079,45.645170989268728],[3.130044641606047,45.645328702351108],[3.129912837876483,45.645512552953129],[3.129784783503886,45.645653175920515],[3.129727171057534,45.645721678993297],[3.129691322632048,45.645764042974108],[3.129641415120464,45.645833437609561],[3.129573672703477,45.645962284597701],[3.129518694756528,45.646059599973476],[3.129473989525504,45.646157803991763],[3.129429290449128,45.646258709433468],[3.129393569781014,45.646356002609004],[3.12936804833053,45.646422667647549],[3.1293438485311,45.646505539848171],[3.129324828258194,45.646607316228156],[3.129294530638953,45.646827969257856],[3.12927064793049,45.647046813952493],[3.129249023864695,45.647133285109582],[3.129223489275516,45.647194547238669],[3.129190221966288,45.647243211479434],[3.129142867649804,45.647307200074977],[3.129089106424033,45.647376598893068],[3.129077601884246,45.64739822366667],[3.129071209769831,45.647409937269231],[3.129064861721528,45.647440560955999],[3.129068778418297,45.647468471427203],[3.129086849299336,45.647509872909488],[3.129143480788173,45.647570140298164],[3.129214237232547,45.647631291930765],[3.129257977581706,45.647669061991358],[3.129286317659673,45.647709551169299],[3.129308242546859,45.647751848673984],[3.129317301248702,45.647782454679401],[3.129321237021153,45.647818469464823],[3.129311075240697,45.647865306235218],[3.129293205891385,45.647910350891351],[3.129271484836407,45.647955399967493],[3.129265094800482,45.647968014061881],[3.129230551574505,45.648020281712974],[3.129162700520025,45.64810410446492],[3.129067958762865,45.648218574418699],[3.128886167017051,45.648443002870451],[3.128610855487848,45.648756685690749],[3.128306100432491,45.649109122159089],[3.128078189697741,45.64938042696874],[3.128007800680687,45.649478659641986],[3.127988620849023,45.64951289979232],[3.127975877286428,45.649554336485764],[3.127966987576297,45.649596669280406],[3.127969751031207,45.649681311520233],[3.127975681660362,45.650025289205487],[3.127974978289005,45.650276524710229],[3.127970406408964,45.650520560754721],[3.127966716854401,45.650590802610239],[3.127957812406439,45.650626832044537],[3.127939945226022,45.650673677457583],[3.127902878982884,45.650746658682898],[3.127877191526608,45.650743085929861],[3.127842745040719,45.65083857623177],[3.127798053760315,45.650945784430249],[3.1277354553523,45.651082728864282],[3.127663891693909,45.651229588742488],[3.127597471841398,45.65138004467893],[3.127543800126038,45.651490864889119],[3.127479922714449,45.651630512083685],[3.127418590151066,45.651760251051137],[3.127362355956178,45.651873775526333],[3.12730481270418,45.651976495659092],[3.127230610498359,45.652093642316423],[3.12713847965536,45.652231520280104],[3.127033518735999,45.652373915060714],[3.126955446916255,45.652483862041478],[3.126899105798907,45.652551461778906],[3.126844013480212,45.652603751870821],[3.126776101659961,45.652665061200814],[3.126724906454761,45.652737157472394],[3.126637975203607,45.652903844635176],[3.126535822540734,45.653152492794348],[3.126403045728696,45.653485820654844],[3.12628307679765,45.653805626756245],[3.126242215771463,45.653905626197712],[3.126189798304701,45.65400563857731],[3.12612202555384,45.654129080694332],[3.12603244434461,45.654261552015441],[3.125978668371938,45.654329148427969],[3.125959454881395,45.654349881034662],[3.12588901075201,45.654428301847027],[3.125768603230023,45.654557205489134],[3.125622575464882,45.654713152083843],[3.125459876635418,45.654879022381486],[3.125350988983838,45.654992604529994],[3.12528306646894,45.655051211529255],[3.125266408359818,45.655066538276245],[3.12518054752233,45.655142274348748],[3.125088276317213,45.655222519893393],[3.125002392633975,45.655288350541184],[3.124922902656844,45.655342467749193],[3.124842136580093,45.655400188248677],[3.12444710901248,45.656178643007237],[3.12435352666588,45.656248083604197],[3.124297168435536,45.656311179656235],[3.124171713683065,45.656483310368948],[3.12412180372244,45.656559005988171],[3.124138811841634,45.656699462624168],[3.124140192838204,45.656742684297555],[3.124133911646777,45.656804824566613],[3.124116041256298,45.656852569878417],[3.124077611114855,45.656894034461729],[3.124018609088464,45.656923815409186],[3.123859594161096,45.65701944166053],[3.123676210863497,45.657128601704137],[3.123499187129438,45.657210739976193],[3.123042541287281,45.657434559739464],[3.12268212075057,45.65762225352217],[3.122611580082419,45.65766105113628],[3.122507698061397,45.65772059610098],[3.122778347366396,45.658164239595216],[3.122956500982635,45.658589073345944],[3.123043286668856,45.658925759333698],[3.123110873158589,45.659290381243132],[3.123336502927766,45.659695351888672],[3.123553020190283,45.660043601638087],[3.123716776093314,45.660341481885709],[3.12376593319941,45.660501713935304],[3.123808361585185,45.660524179383394],[3.123835395905446,45.660553865613643],[3.123875332544753,45.660610552151098],[3.123955244371171,45.660741034329575],[3.124046742544526,45.660884110460451],[3.124104726970772,45.660971393477638],[3.124125372993252,45.661015494417093],[3.124142204820524,45.661076708745782],[3.124157714121671,45.661120815342414],[3.124164155303059,45.661129813076336],[3.12409997164962,45.661141590113573],[3.124013968697894,45.661158794046692],[3.12387412201128,45.661217479401088],[3.123798418647656,45.661246378125774],[3.123741968160752,45.661270753227271],[3.123493110308284,45.661395293144146],[3.123454644422441,45.661422349828328],[3.123440562338207,45.661442175904554],[3.123429048654981,45.661461999163919],[3.12342138155973,45.661479116755537],[3.123420145527666,45.661500729716458],[3.123421512032096,45.661537648046199],[3.123426767295228,45.661590770818627],[3.123417838051844,45.661617795113173],[3.123415301748264,45.661632205630504],[3.123397387035519,45.661661040737904],[3.123329464301165,45.661724148998402],[3.123315380089798,45.661743074578048],[3.123256466702017,45.661815177764829],[3.123182166616476,45.66189810355651],[3.123098886795418,45.661985541533959],[3.122993776976286,45.662073903778413],[3.122891195291922,45.662144253493501],[3.12278734709668,45.662222708848965],[3.122656583742649,45.662325506486106],[3.122605296473805,45.662362482165399],[3.122552708963783,45.662392255367195],[3.122471894278932,45.662433765533819],[3.122303833449867,45.66251229025999],[3.121985663840364,45.662657613227609],[3.121766267883676,45.66275240145314],[3.121462135191396,45.662858086481741],[3.121210603940424,45.662940301508804],[3.12108099417392,45.662985465121267],[3.121345593744295,45.663592106323499],[3.121469536146996,45.663890032817463],[3.121241187955923,45.66400464032133],[3.120768767151739,45.664091594372387],[3.1210582011193,45.664895415623569],[3.121046902429629,45.66501429163111],[3.120265754926818,45.665468071893315],[3.120072257444473,45.665667285290688],[3.119592079773418,45.665738033961141],[3.119567148232614,45.666087448168149],[3.119531502424995,45.666233364394003],[3.119416047512183,45.666890840119549],[3.119731150814682,45.667094915418957],[3.120061680249523,45.667304376302397],[3.120262467809503,45.667502268547388],[3.120457021184359,45.667785713087206],[3.119648138051461,45.667906339697616],[3.119565419266368,45.668260317761266],[3.11961550917359,45.668854584043515],[3.119716870638609,45.669400169703636],[3.119677484766023,45.669599218551454],[3.119545829945015,45.669894717165434],[3.119536052494044,45.670125251485295],[3.119576804664335,45.670558341114123],[3.119174354653245,45.670956781685433],[3.119142352533732,45.671007242658376],[3.119099226395628,45.671260324336416],[3.119062285777274,45.671403540386137],[3.119035488817079,45.671485512776243],[3.119006159677759,45.67158459703677],[3.118980600539629,45.671644956484748],[3.118887524744662,45.671965627168078],[3.119003218100949,45.672008728235419],[3.118577824103046,45.672496338891577],[3.118883841191298,45.672642795252045],[3.11857936143688,45.67321402328988],[3.118433753550225,45.673598683316392],[3.118456909005376,45.673614867685522],[3.118492942121934,45.67364634673801],[3.118617796051782,45.673766880231447],[3.11880830466573,45.673954880686168],[3.118859773426662,45.673996248668708],[3.118904798500779,45.674027718101705],[3.1189703988163,45.674069971599629],[3.11909002568594,45.674148187327958],[3.119218656042225,45.67423179630751],[3.119281697535343,45.674278554755873],[3.119310001240481,45.674299235921247],[3.119343442982534,45.674319911635735],[3.11936916218854,45.674333391649093],[3.11940901678468,45.674349558125563],[3.119447584956008,45.674364825467755],[3.119487433766468,45.674378290469335],[3.119534993518967,45.67439354824289],[3.119574832645561,45.674402510801578],[3.119624953671463,45.674414163880293],[3.11972903567286,45.67443116249796],[3.119717572488418,45.674476198905843],[3.119706115127225,45.67452393675994],[3.119675442663325,45.674596008111337],[3.119651186840384,45.67466537118527],[3.119635961474915,45.674752734352907],[3.119631049165155,45.674857195771608],[3.119637716968323,45.674970649736892],[3.119634026887282,45.675046294354921],[3.119627752182689,45.675114737842186],[3.119618904522835,45.675181383092827],[3.119615072355328,45.675191292492158],[3.119602314667366,45.675231827842765],[3.119579269080837,45.675266971207208],[3.119548485188455,45.6752877150278],[3.119518964412754,45.675298552169927],[3.120527635443152,45.675443355868886],[3.121069880407564,45.67552201698544],[3.121530033405709,45.675653892685673],[3.123536864251805,45.676400912809513],[3.123893889121048,45.67636450129659],[3.124230364755789,45.676329912286363],[3.124534758643353,45.676309765499518],[3.124763382154738,45.676297806202427],[3.124965044259894,45.6762921797486],[3.125197576244338,45.676304528320742],[3.12531448455046,45.676310701712275],[3.125355596267865,45.676313357421556],[3.125586870437473,45.676337412891257],[3.125783463973151,45.676362407103447],[3.126120143584958,45.676417860691089],[3.126244806784869,45.676444735583054],[3.126427316156234,45.676489555120838],[3.126564851980375,45.676528121511886],[3.126707544771179,45.676574786297195],[3.126850235738979,45.6766205504195],[3.126941509508391,45.676651064077014],[3.127243647629533,45.676766885711608],[3.12767822788047,45.67693928703634],[3.128051093222064,45.677086543289143],[3.128719684175366,45.677350523795049],[3.129304720689768,45.677587581743339],[3.129763746222477,45.677770752802807],[3.130042765342488,45.677882991643919],[3.13019577726461,45.677944948352632],[3.131111115116985,45.677159564329131],[3.131526334908483,45.677286949118994],[3.131584939130287,45.677622761541954],[3.131679006969603,45.677746018050442],[3.132188020153368,45.677878693641425],[3.132378936785585,45.677674959843216],[3.132464799020898,45.677589312837043],[3.132522516704781,45.677552325066408],[3.132518591826117,45.677522613681489],[3.132527527815893,45.677499190560518],[3.132549296628404,45.677470349429505],[3.132623618685717,45.677393720731061],[3.132696677551413,45.677326098320961],[3.132804350541396,45.677229619542359],[3.132877415454701,45.677164698462967],[3.133896175563873,45.67773439954172],[3.134281200876403,45.677589863621741],[3.13447498600199,45.678041675904886],[3.13443960800519,45.678284849084193],[3.135012972514693,45.678462459360475],[3.134963294692586,45.678635412019297],[3.135342486168674,45.678730408478927],[3.135822094919797,45.678913530169382],[3.136238254490315,45.678369134637293],[3.136940714047044,45.678800515697866],[3.137603294253277,45.679204926573043],[3.138308522068817,45.679707434105751],[3.138450559477023,45.679484839783449],[3.138764795609122,45.678773970342156],[3.138911851939086,45.678505444525392],[3.139032314874024,45.678390033814182],[3.139678378971719,45.678354115636495],[3.143109628140601,45.67838492759445],[3.143102523030846,45.678121094462547],[3.143103297776881,45.677923887226974],[3.143116999830339,45.677758180550789],[3.143140987750299,45.67759606274528],[3.143165019781445,45.677451054097872],[3.143203065502679,45.677261003376259],[3.143264025744826,45.67699078032895],[3.143326309588503,45.676735863815779],[3.143375775313221,45.676491769409608],[3.14343527431401,45.676154011765355],[3.143482113938753,45.675888309025758],[3.143511371194908,45.675777512096225],[3.143547060347347,45.675670308903342],[3.143596834831347,45.675545978529236],[3.143741091337176,45.675200908781029],[3.143848338453373,45.674949536561385],[3.143907016600681,45.674791876741082],[3.143984910542604,45.674614381660923],[3.144027015880278,45.674505369151774],[3.144053744485429,45.67441078405313],[3.144090474781373,45.674210829418726],[3.144133479579704,45.673954136197409],[3.144137283825216,45.673935221146401],[3.144153714924763,45.673832544840657],[3.1441586559085,45.673756897786255],[3.144161693286048,45.673443525162007],[3.1441413615251,45.673034731061108],[3.144135271709653,45.672669142016595],[3.144147211261341,45.672321539605619],[3.144163208028423,45.672052274184153],[3.144186489131649,45.671620912187819],[3.144205122399299,45.671377757456519],[3.14420601744557,45.671228275848279],[3.144198635942089,45.670859987059202],[3.144202807229914,45.670488982035806],[3.144208312127282,45.67013688549283],[3.144193297076716,45.669796521532128],[3.144166584342482,45.669403043962966],[3.144145154874938,45.669065389680696],[3.144143410952202,45.668888896942136],[3.144152136638125,45.668787131022015],[3.14417246854588,45.668703359935861],[3.14421569856917,45.668534913983535],[3.144252562816,45.668388087798235],[3.144271713314309,45.668343939527603],[3.144421929351521,45.667830470845203],[3.144605295554662,45.667225110009106],[3.144665696710979,45.666747775701801],[3.144653269284265,45.665923848473483],[3.144618117814191,45.665741995784408],[3.144592907025083,45.665432261554386],[3.145045192843356,45.665022860082942],[3.145154225075651,45.664972292483881],[3.145220887507176,45.664926281844465],[3.145272069896571,45.664854177091527],[3.14528080941244,45.664758714485743],[3.145289534719851,45.664657848992782],[3.145289317319273,45.664575004722344],[3.145332805460722,45.664507412290796],[3.145534804958158,45.664158664029912],[3.145881296843642,45.663572000504765],[3.146026149156194,45.663470058057491],[3.146244288762331,45.663400437705555],[3.146429821489658,45.663141757657421],[3.146453038312971,45.662694186845115],[3.146417723434244,45.662452002537655],[3.146259049502845,45.661695802103331],[3.145959564941566,45.66062191325409],[3.145965003088075,45.660249105848642],[3.145856660191919,45.660070049930475],[3.145671061779182,45.659812751777558],[3.145005793971243,45.659296732675315],[3.144083468656599,45.658688289060564],[3.143103347662499,45.6580682051246],[3.142642943803364,45.657802246116169],[3.142326568814692,45.657615345843134],[3.142075840450036,45.657488694281085],[3.141857294416709,45.657392618068343],[3.14171591318402,45.657342369008887],[3.140987105445532,45.657061432522873],[3.140497428081783,45.656890952695449],[3.140145265864704,45.656765323852937],[3.139956337580287,45.65669982353824],[3.139870250922894,45.656679219384209],[3.1398893348938,45.656608957960657],[3.139929973020397,45.656429711243504],[3.139996042141218,45.656151379712327],[3.140049385993735,45.655918988634212],[3.140072251087203,45.65582080749256],[3.140120524105597,45.655614536714978],[3.140156129335113,45.655476718431373],[3.14018546908849,45.655400140813356],[3.140223774397065,45.655314547188716],[3.140259545678972,45.655242463959766],[3.140294062466954,45.655182088567528],[3.14033370628363,45.655118104841399],[3.14037207964828,45.655059525585933],[3.140442451540939,45.654960384656334],[3.140560193676187,45.654806255070419],[3.140702226802426,45.654610672774304],[3.140904377460652,45.654324066262966],[3.141118091501355,45.654041046834578],[3.141316413424598,45.653765250190851],[3.141815551532083,45.653628649637525],[3.142508567274469,45.653489100200218],[3.142964201459411,45.653413782473159]]]]}},
{"type":"Feature","properties":{"nom":"Pignols","nom_m":"PIGNOLS","insee_com":"63280"},"geometry":{"type":"MultiPolygon","coordinates":[[[[3.302406323813714,45.627928916982654],[3.30230218496032,45.627895878761436],[3.302160728859179,45.627844930913476],[3.302104228984291,45.62783967967512],[3.302041312028901,45.627834445630725],[3.30196813755653,45.627831040047013],[3.30191423399332,45.627831184665531],[3.301853928057559,45.627834047889678],[3.301764181970354,45.627851397806964],[3.301685976791498,45.627866915743262],[3.301584714136525,45.627890599793268],[3.30144244074522,45.627925199442558],[3.301292456854856,45.627958018581204],[3.301065487044875,45.627994645438299],[3.300950081785215,45.62801386431655],[3.300864146271147,45.628023999433857],[3.300791010732415,45.628027796871237],[3.300663966535168,45.628030837807451],[3.300481735136722,45.62803402595992],[3.300412396116891,45.628027907664567],[3.3003687255661,45.628021720822126],[3.30032373743301,45.628009234074234],[3.300278729797699,45.627993145415026],[3.300233688029287,45.627970753424485],[3.300206643467916,45.627953716328157],[3.300180823795559,45.627925870122127],[3.300071719125338,45.627686631715143],[3.30003168455639,45.627640813650096],[3.299947906762912,45.62757530146574],[3.299879715313524,45.627543966169057],[3.299716614861139,45.627524589951122],[3.29960748595044,45.627517676635591],[3.299532936134357,45.627497163892102],[3.299460894786263,45.627465838589323],[3.299432416428075,45.627420890049649],[3.29934065704324,45.627303170449927],[3.299240060134838,45.627212488864032],[3.299151077381823,45.627133482639309],[3.29906623187295,45.62710759403889],[3.298941635024154,45.627088114376654],[3.298824864946934,45.62709202643665],[3.298715843812706,45.627104922669979],[3.298573405651158,45.627108902596476],[3.298469387052215,45.627097472191267],[3.298335840572165,45.627084318997326],[3.298156159571321,45.62708389468613],[3.298004660117905,45.627073490119706],[3.297900559390667,45.627046751141727],[3.297700169920208,45.627013963415152],[3.297344450773481,45.626974381948173],[3.297101787026729,45.626956112621372],[3.296834825723975,45.62695411561144],[3.29643302572838,45.626937164951705],[3.296156955604608,45.626911777688022],[3.29589134046663,45.626921481217217],[3.295617010518364,45.626981634231392],[3.295287724133891,45.627085154116564],[3.294877606048153,45.627193387288806],[3.294569948206487,45.627261729440221],[3.293948002985113,45.627358807145548],[3.293237443099737,45.62744530650528],[3.293086119837912,45.627468212840327],[3.292862868322711,45.627480500338734],[3.292758916821531,45.627481671285729],[3.292580575051304,45.627492040417494],[3.292445835920117,45.627495992569195],[3.292336788748945,45.627504380255274],[3.292249550038218,45.62751091023334],[3.292126423265578,45.627526538164396],[3.291977651910053,45.627546734925474],[3.291821179970038,45.627566951457538],[3.291613433006498,45.627599006962399],[3.291424960698693,45.627635514603369],[3.291277704190151,45.627699830326783],[3.291166610183541,45.627807275629841],[3.291063320349027,45.627934511331055],[3.290927977535952,45.628068133202341],[3.290772226836446,45.628226120760822],[3.290620169662467,45.628354382528769],[3.290475798224201,45.628479922796359],[3.290286548307328,45.628613683017186],[3.29009736820469,45.628760950028934],[3.289911999730208,45.628901003015564],[3.289721402348322,45.629023059437117],[3.289543577439172,45.629133376358219],[3.289448931534654,45.629196653832835],[3.289380010897736,45.62927067091703],[3.289334211060113,45.629348230466],[3.289319152901449,45.629414004655452],[3.289323214888848,45.629454516083882],[3.289333727089615,45.629501314332401],[3.289354445836279,45.629536380021399],[3.289350764773902,45.629568806982199],[3.289318894614629,45.629610311271719],[3.289285670415143,45.629638311742234],[3.289187351585393,45.629735816906759],[3.28906118614393,45.629908133850527],[3.288935095060446,45.630094858239516],[3.288835834051863,45.630258100998489],[3.288770780481139,45.630335709731284],[3.288744146611674,45.630397011117026],[3.288744456373137,45.63045644240303],[3.288712665027388,45.630513254582922],[3.288666755309687,45.630570102966132],[3.288531494075658,45.630721731469038],[3.288462767245697,45.630833567912909],[3.288420599648654,45.630869695424686],[3.288343871498163,45.630923921190266],[3.288264585584854,45.630979954426692],[3.288131566081888,45.631069443166638],[3.287831021049939,45.631277323979326],[3.287596940141739,45.631431905491972],[3.287380752271346,45.631572033052912],[3.287276046473708,45.63167675674466],[3.287172665802101,45.631789581333031],[3.28706682500552,45.631923123282114],[3.286694844369396,45.632466164076689],[3.28641678613475,45.632805454805606],[3.286186675692794,45.632985236889361],[3.286058921678367,45.633101724372111],[3.285748889949774,45.633215973163189],[3.285634928481308,45.633269391113771],[3.28553519255644,45.633343484043081],[3.285463731556132,45.633424709064741],[3.285373095946432,45.633521290923873],[3.285282353361614,45.63359716179886],[3.285183918472559,45.633674853063539],[3.285095584922674,45.633720101153258],[3.285031680504977,45.633773391687733],[3.284929403538464,45.63385289343136],[3.284803762930784,45.633882026975769],[3.284588069437179,45.633871766717107],[3.284128666091423,45.633894539023238],[3.283830838707197,45.633887186077807],[3.283357053214403,45.633858663790591],[3.283092571043221,45.633845822023936],[3.282924664008282,45.63389306948946],[3.28280955277802,45.633973502045855],[3.282685456268966,45.634053957051471],[3.282556243510264,45.634138026708278],[3.282448690308509,45.634190524851228],[3.282328305813236,45.634243955563392],[3.282232244670379,45.63428471835276],[3.282137457783397,45.634323676893558],[3.282052856800131,45.634346401079846],[3.281927153983021,45.634363825244293],[3.281788555827364,45.63436957523362],[3.281344133880479,45.634310354420421],[3.281177278982751,45.634312572339958],[3.280978471853958,45.634341884362918],[3.280755468347185,45.634409076806534],[3.280473561259123,45.63450433067036],[3.280026376842542,45.634660327704474],[3.279707498026253,45.634806098839775],[3.279470894143196,45.634976878426258],[3.279312446979266,45.635119548526248],[3.279223090540415,45.635217923211968],[3.279227141030781,45.635257534551137],[3.279291739558572,45.635595056565045],[3.27935462839503,45.635847937100685],[3.27938758599381,45.636019848152408],[3.279431248778282,45.636278179294216],[3.279459458543106,45.636526643445208],[3.279499389315121,45.636808396481364],[3.279590368509979,45.637285428240162],[3.279652663454786,45.637674283560301],[3.279715009293623,45.63807304408482],[3.279744322999332,45.63828548601284],[3.279771966668021,45.638421390748086],[3.27982382275275,45.638522116322974],[3.279901516227469,45.638655195140871],[3.279936584903322,45.638736151708592],[3.279925482372599,45.638825327471714],[3.279883485124473,45.63889747081425],[3.279588428640785,45.63918996165561],[3.279440434558822,45.639371326912965],[3.279367841198164,45.639485868875475],[3.279320925922744,45.639601247563554],[3.279274242001443,45.639762550467388],[3.279226423909612,45.639953572219916],[3.279191106659952,45.64007792695179],[3.279073545853241,45.640185376356207],[3.278991701640539,45.640247712798441],[3.278929262516773,45.640339717152919],[3.27885894864366,45.640397522494759],[3.278745083577856,45.640474345860241],[3.278686309174247,45.640529421059583],[3.278572891954843,45.640695391304043],[3.278473341465614,45.640810899888365],[3.278326347108135,45.640937331537614],[3.278217922666358,45.641075373999271],[3.278094495308603,45.641293596721376],[3.277983931460442,45.641517190464356],[3.277936021550465,45.641691102666137],[3.277922912519239,45.641892844019267],[3.277926261702145,45.642048619926577],[3.277888232640118,45.642145065873422],[3.277837311706016,45.642230737788005],[3.277823619516934,45.642316317806561],[3.277839453702077,45.642401824953595],[3.277842856886824,45.64256840657594],[3.277838259374401,45.642675575830275],[3.277773631929677,45.642844126316284],[3.277627968513563,45.642981359614652],[3.277546244888577,45.643068908335628],[3.277503034247711,45.643156362066136],[3.277498449563768,45.64326623273876],[3.277505888100905,45.643469724387622],[3.277489659105858,45.643561614033032],[3.277420677549944,45.643630221035224],[3.277326033603035,45.64370159267709],[3.277225114697491,45.643801795265944],[3.277139636978003,45.643909163645354],[3.27702493791871,45.644077836967064],[3.276935441395692,45.644151897073449],[3.276835633728524,45.644217878085001],[3.276733186233724,45.644269457709846],[3.276595734126362,45.644252686263101],[3.276122833238744,45.644161097049128],[3.275688322292849,45.644044198219696],[3.275105984685711,45.6438889381443],[3.274612383536273,45.643764075183114],[3.27420118765816,45.643687635651247],[3.273948049963532,45.643641426641715],[3.27378492899323,45.643625614718246],[3.273660584185428,45.643662837008328],[3.273560715679206,45.643717108929117],[3.273414861718194,45.643818317756988],[3.273259825194467,45.643879927277716],[3.273054520617533,45.643901136628777],[3.272876228769547,45.643933085969039],[3.272714723580343,45.643984805065251],[3.272563581513134,45.644055409055795],[3.272485766144575,45.644156451923216],[3.272455468831452,45.644260981690095],[3.272438067017081,45.644377186567624],[3.272392576401379,45.644524976440664],[3.272240750608815,45.644718047822259],[3.272044078668405,45.644929237111505],[3.271807730513946,45.645165735483076],[3.271626518663241,45.645388593041105],[3.271476950936623,45.645519524371785],[3.27128618957975,45.64562804261265],[3.271128577954509,45.645689655395444],[3.270955498279392,45.645738698374529],[3.270822080716261,45.64575973059771],[3.270699962301394,45.645728507272239],[3.270587987112446,45.645671145324918],[3.270454380489562,45.645653456644418],[3.27035829081923,45.645694209340881],[3.27021893724375,45.645814308625965],[3.270079244941707,45.645865071085275],[3.269907236985167,45.645870886524008],[3.269607839693065,45.64581757473622],[3.269181115664249,45.645717741371151],[3.268928104053618,45.645698535347073],[3.268661153908553,45.645717182451925],[3.268480443156293,45.645781548101716],[3.268361482723555,45.645871880387958],[3.268260530560066,45.645969373530519],[3.268234202284394,45.646100006807487],[3.268229777776223,45.646246796651582],[3.268224187143244,45.646417902412082],[3.26818110306215,45.646535068302576],[3.268094284863601,45.646635229087913],[3.267992243059888,45.646773246481644],[3.267844269129539,45.646970805184061],[3.26771668803824,45.647137698657431],[3.267571227689161,45.647324445186328],[3.267356632658379,45.647551877624508],[3.267072740950093,45.647786677955992],[3.266805485322585,45.648010632307624],[3.266776268212834,45.648075536579746],[3.26676387607752,45.648168316064421],[3.266781095872651,45.648278134629074],[3.266777829780412,45.648399708063515],[3.26671152248849,45.648494416261755],[3.26655410131867,45.648598345045023],[3.266468426533036,45.648670586786693],[3.266420114722725,45.648769754653173],[3.266373272887579,45.648907639947723],[3.266321182582816,45.649022124985947],[3.266222836528474,45.649129515494415],[3.2661090138662,45.649222534712045],[3.266050256546142,45.649285707643394],[3.266031322207366,45.649353288886168],[3.266034171215688,45.649411813788532],[3.266008808553755,45.649477609244258],[3.26593704729784,45.649506594346555],[3.265835587154661,45.649500530550291],[3.265759766589059,45.649486301763268],[3.265662223063351,45.649493735865832],[3.265591784394782,45.649530822006881],[3.265481677805044,45.64959591673572],[3.265416344378136,45.649626687321593],[3.265308628374509,45.649654856291328],[3.26519959383736,45.649675824370256],[3.265117573415612,45.649707534574276],[3.26505491956565,45.649761711293586],[3.264986065687177,45.649861827391241],[3.264912123209394,45.649971860773924],[3.264831519610717,45.650031482522479],[3.264754720292685,45.650081189913806],[3.264684340522498,45.650130882160944],[3.264643637513929,45.650211121158577],[3.264632421997548,45.650282285969716],[3.264632770539058,45.650355224573325],[3.264597138531502,45.650421944335264],[3.26451528870312,45.650489673166589],[3.264383308853399,45.650545813339001],[3.264164015970468,45.650601257764166],[3.264024198715838,45.650629500815306],[3.263955080083242,45.650674687214824],[3.263909196899216,45.65074593322457],[3.263887871760581,45.650851340153991],[3.263838882958409,45.651079278104596],[3.263777651807722,45.651163166841229],[3.263685481015794,45.651221013894279],[3.263609804385358,45.651237399864875],[3.263245462844355,45.651302186876158],[3.263032508668653,45.651341405509768],[3.262869714361706,45.651398516374805],[3.262777520865131,45.651451860302032],[3.262689345685829,45.651540313760485],[3.262618045484628,45.651667448719472],[3.262787523582877,45.651936298820928],[3.262500232392727,45.652004505497125],[3.26223882009785,45.652386020558893],[3.262314093395148,45.652555136728949],[3.262439711903641,45.652780866183889],[3.261938445932822,45.653217869068968],[3.261771066565458,45.653392952779896],[3.261022295998866,45.653354169206573],[3.260734677290802,45.653354835613904],[3.260569705116228,45.653223746450443],[3.260371286056965,45.65307922709777],[3.260212488245661,45.653168742392218],[3.260237053663269,45.653204705087269],[3.260291291007141,45.653270315249557],[3.260367462524716,45.653358386836295],[3.260381667106757,45.653375463236848],[3.260438506697648,45.653448271206337],[3.260495405741376,45.653533685825444],[3.26054459661441,45.653618217767075],[3.260630214876666,45.653803519896478],[3.260741963688059,45.65408421306153],[3.260814620003261,45.654243430957962],[3.260917161732396,45.654477319972536],[3.260940588420388,45.654543901713353],[3.261003393749324,45.654792290529464],[3.261028329691571,45.654906594562362],[3.261040208738162,45.654975004029119],[3.261039336444926,45.655062353283277],[3.261042651663394,45.655220831298166],[3.261049428528116,45.655296456490127],[3.261058633435633,45.655342359983351],[3.26108341689566,45.655424246833185],[3.2611262961948,45.65553130534893],[3.26126256303203,45.655836254339221],[3.261446631317661,45.65620232531333],[3.261497093083724,45.656283251967707],[3.261551356202678,45.656353363925959],[3.26161588787036,45.656422551514218],[3.261676465315591,45.656470136566242],[3.261803879167134,45.65653107351276],[3.261721714706614,45.656534866468988],[3.261616440943319,45.656539613546933],[3.261452179987932,45.65656160676091],[3.261254613363623,45.656600786269372],[3.261093005177003,45.65664078254482],[3.260933990395332,45.656686175500468],[3.260760952130959,45.656753212396644],[3.260568711384133,45.656832900282801],[3.260408547040719,45.656907110740505],[3.260306052303145,45.656956874516794],[3.260230506486742,45.657002973973647],[3.26016649203949,45.657043643814717],[3.260117861301107,45.657078875160586],[3.260075659456213,45.657115892610939],[3.260034771256302,45.657159210421185],[3.260001596057033,45.657204311381385],[3.259926396262525,45.657324249773453],[3.259840948640082,45.657449614686499],[3.259792401834544,45.657502855439368],[3.259728470963428,45.657561534579628],[3.259668328947749,45.657606697640233],[3.259628627068493,45.6576293013648],[3.259592747941109,45.657645592853022],[3.259533758996442,45.657662838084086],[3.25944912995819,45.657689147235359],[3.259355490957749,45.657710974640338],[3.259225858759038,45.657724780450266],[3.259210546350577,45.657745526902737],[3.259201599704942,45.657754552368083],[3.259168318102835,45.657777141150923],[3.259124801477407,45.657807857861002],[3.259105602950839,45.657821409345431],[3.259078750277344,45.657845784282401],[3.259023861838574,45.657916148548267],[3.25889510481254,45.65811725327449],[3.258825113647891,45.658253387723867],[3.258730997185008,45.658448109227123],[3.258680305062303,45.658592303627415],[3.258655139778053,45.658703121350086],[3.25864421348886,45.658838219515488],[3.258646195872193,45.658987695825907],[3.258648089933037,45.659118262110951],[3.258614815697041,45.659142651687745],[3.258603943895985,45.659289456061657],[3.258590343924599,45.659402048188859],[3.258576689230176,45.65950293410777],[3.258559064276553,45.659578615500998],[3.258540007954605,45.659622783126849],[3.258510674129308,45.659666073856847],[3.258472292291669,45.659696778527369],[3.258422352971386,45.659727509708702],[3.258373760785318,45.659771745084676],[3.258298377547872,45.65985386235802],[3.258263982358193,45.659913373402944],[3.258225826987298,45.659992703778499],[3.257949647356643,45.659975327017015],[3.256868448244151,45.659715756769231],[3.256459676676852,45.659628440741969],[3.256072995246241,45.659596903201781],[3.255442415932284,45.659585728584027],[3.255438746245716,45.659625358339298],[3.25541831602885,45.659650618319453],[3.255372227532535,45.659681339409609],[3.25529279649987,45.659722041434833],[3.255223576377928,45.659749212955376],[3.255131270328735,45.659782740150327],[3.254997912446118,45.659825365109072],[3.254908232497878,45.65987149299292],[3.254831418912283,45.659922994611627],[3.254744414714753,45.659992528973163],[3.254914260472159,45.660065084067774],[3.255363087123405,45.660205443622509],[3.25550585036393,45.660252845602329],[3.25592388063356,45.660397775238721],[3.256590222841992,45.660642091876987],[3.25681661882889,45.660723520118978],[3.256988966862448,45.660780758110725],[3.257063616791906,45.660816607213512],[3.25715374814892,45.660867729197676],[3.257224587573535,45.660912591768366],[3.257304416433104,45.660957433755087],[3.257422762737691,45.661000386667851],[3.25774038092459,45.661090609365452],[3.25804769721958,45.661174551366784],[3.258272632714509,45.661217259088225],[3.25840757400559,45.661238561212777],[3.258611832518196,45.66125340059741],[3.258826415218913,45.661279021730657],[3.259003752205794,45.6613038276396],[3.259570576782128,45.661407879534771],[3.259989546976128,45.661475350055873],[3.260144998694124,45.661488498360164],[3.260386411495343,45.661484338456994],[3.26095385416446,45.661446104960874],[3.261513535566461,45.661396180291369],[3.261998621726162,45.661323013742383],[3.262309115793739,45.661262858748216],[3.262632318716425,45.661174758146416],[3.263170960861643,45.661022218726259],[3.263263341176227,45.661004893531924],[3.263326266455438,45.661004746405013],[3.263385343449756,45.661005508731314],[3.263413831235648,45.661054968907749],[3.263463058955165,45.661144902492353],[3.263500874786771,45.661265479334844],[3.263532119784029,45.661354554481079],[3.263539919262359,45.661374346953352],[3.263580170930742,45.661467002958908],[3.263719979679604,45.661700802386612],[3.263823531352942,45.661871652467575],[3.263842760166376,45.661864403516681],[3.264295234951481,45.661685045944949],[3.264924620618674,45.661441335877385],[3.265263032341176,45.661311769507769],[3.265428404449356,45.661251047171199],[3.266009344403687,45.661083086161732],[3.266367148510975,45.660981385770754],[3.266936551173236,45.660818850183681],[3.26732254736645,45.660705373580342],[3.267375107520586,45.660686338555934],[3.267440422462753,45.660649263463768],[3.267503151555517,45.660608592525982],[3.267539156455675,45.660618412353813],[3.267589226426893,45.660615591922223],[3.267765041522971,45.660590860834922],[3.268175595160856,45.66051064094718],[3.268293608604007,45.660483345209585],[3.268489751463283,45.660413540174879],[3.268706348837616,45.660324775750915],[3.269488489274874,45.660075272584905],[3.269575694291199,45.660050750689216],[3.269629567910791,45.660038014879326],[3.269712977330518,45.660025208304567],[3.269992313221932,45.660162313515286],[3.270103656696129,45.660347546959322],[3.270163563493839,45.660518495910239],[3.270110559316681,45.660709526453793],[3.270226988295191,45.660883941736742],[3.270526459366367,45.661198393412583],[3.270797789723808,45.661272481745016],[3.272349549485597,45.661621730713073],[3.272628531945502,45.661684089798655],[3.272756318060073,45.661555010592679],[3.273310248994026,45.661642815845781],[3.273986519873879,45.661798757871132],[3.274266704527292,45.661844000709806],[3.274705084164509,45.661936582924135],[3.27501090065806,45.661970955529611],[3.275289735649523,45.662002691803693],[3.275572495307371,45.662048825592507],[3.275819275016355,45.662090544363735],[3.275999464454982,45.66217024631834],[3.276145056888311,45.662265341126769],[3.276879109967007,45.662673260790676],[3.277200104322909,45.662916503396424],[3.277520659167448,45.663071498340905],[3.277918708658649,45.663313648513665],[3.280619578315279,45.664088574576077],[3.281671642162336,45.664388512206386],[3.282434461824725,45.664631534553934],[3.283242764107036,45.665228329372539],[3.283585915553738,45.665526428009599],[3.284349186198998,45.666102617139494],[3.28546096162149,45.667011999680589],[3.286046600538858,45.66750488211089],[3.287352851761754,45.668506502482451],[3.287713507361115,45.668704589788774],[3.288337222437992,45.668856077846549],[3.288657476625303,45.668940803954527],[3.288761632877778,45.668963949671223],[3.288992965654884,45.668991271479108],[3.289199839109851,45.66900784975266],[3.289618648515009,45.669026584317002],[3.289735559533222,45.669032587041769],[3.289772858228531,45.669042396463006],[3.28979474915635,45.669053146007428],[3.289753217856267,45.669216241393173],[3.289728322014525,45.669367587613358],[3.289721421569503,45.669521589006997],[3.28973264391489,45.669702558457338],[3.289738794738621,45.669896147804579],[3.289743793170082,45.670114953816459],[3.289788530311349,45.670073416215281],[3.289921409778486,45.669939801841807],[3.290035140666258,45.669828748853348],[3.290133599996818,45.669744749766565],[3.290275666861167,45.669648931852144],[3.290426785349081,45.669564796776562],[3.290547205753109,45.669505053902519],[3.290674095095773,45.669454299095868],[3.290807429769993,45.669408029949764],[3.290961342724002,45.669367110420033],[3.291153782138955,45.669325190601],[3.29144245019601,45.669264111210055],[3.291709349619646,45.669215694311127],[3.291892849527626,45.669183701761867],[3.291969826691057,45.669167293428046],[3.292012154136929,45.669156377820556],[3.292177496566632,45.669091113782251],[3.292306899913717,45.669030445228032],[3.292500288472114,45.668925486394969],[3.292646254606246,45.66883956073508],[3.292760215863872,45.668773528846877],[3.292861447511743,45.668729141686029],[3.292983233615938,45.668685601454577],[3.293126882337789,45.668647407127111],[3.293416800411658,45.668580916475491],[3.293934999520357,45.668450795277977],[3.294273606351059,45.668362563592744],[3.294532701785689,45.66829705108352],[3.294628889563908,45.668270685305487],[3.294712300806411,45.668256959728858],[3.294807319158533,45.668252208600606],[3.295032067002562,45.668248918603865],[3.295237511070042,45.668238474849666],[3.29529393624869,45.668222118113093],[3.29538239338556,45.668191269513009],[3.295451604343874,45.668164073291429],[3.29550663447969,45.668127008854086],[3.295605101714288,45.668046606902465],[3.29575468285167,45.667917444227314],[3.295868474881762,45.667820792993069],[3.295936299709608,45.66777468983917],[3.296015688330356,45.667729456740169],[3.296078462238616,45.667699575583022],[3.296152799974832,45.667670564472445],[3.29624129429946,45.66764691901205],[3.2963208367195,45.667630500949848],[3.296322851127556,45.667526939382277],[3.29634688241172,45.667457538476384],[3.29639781236718,45.667374559438279],[3.296498787764616,45.667283344231087],[3.296677831964139,45.66714059541691],[3.296817123881245,45.667009657452894],[3.296986761279102,45.66702902100544],[3.297045869317401,45.667034268055858],[3.297095924255209,45.667027832597149],[3.297168995563756,45.66700242611158],[3.297230406347653,45.666958140078677],[3.297305736667389,45.666875096228495],[3.297437122157558,45.666707258306545],[3.297569781486962,45.666537615887194],[3.297798506672472,45.666319993398176],[3.297966940392032,45.666116037316371],[3.298118827269168,45.665940039952105],[3.298199292070636,45.665856981912135],[3.298274658249678,45.665781141232401],[3.298300159844924,45.665746855096998],[3.298411248186896,45.665626795728457],[3.298570760353802,45.665436369721412],[3.298666445753402,45.665318151914327],[3.298743927248271,45.665158559813598],[3.298785706016534,45.665046788316715],[3.29880444050207,45.664948585287917],[3.298845869028801,45.664771979477671],[3.29890544237107,45.664625942127813],[3.298987947433207,45.664445625279342],[3.299141611690342,45.664124643065996],[3.299180333767872,45.663922830633389],[3.299134518841121,45.663762665273588],[3.299069065931232,45.663533214390768],[3.29901717121401,45.663198370253852],[3.298962382890211,45.662803201019642],[3.298942774925374,45.662501589246638],[3.2987563761736,45.661991506649223],[3.298702070138418,45.661923213547382],[3.298660596593034,45.661853085409334],[3.2986269546602,45.661806349201605],[3.298579103979644,45.661744342346246],[3.298630292457548,45.661710888521199],[3.298669913332412,45.661675664375473],[3.298717079048872,45.661610704066952],[3.298789782870903,45.661518661313025],[3.298868975485712,45.661439208136223],[3.298943084571367,45.661369673777187],[3.299019781311533,45.661303734453909],[3.299132357426016,45.661223291952524],[3.299251373633192,45.661146434180132],[3.299374256682794,45.661072267468413],[3.299384500979566,45.661066837299728],[3.299492041620642,45.661005318092528],[3.299626506069298,45.66093562274726],[3.300050460503963,45.66025552525614],[3.300073908104418,45.660079867441311],[3.300319876953477,45.65997025256442],[3.300348396715732,45.659782874811114],[3.300125456277508,45.659639391004852],[3.300043471207846,45.659439700961698],[3.299918036848121,45.659042019057445],[3.299882155547194,45.658818793398105],[3.299747949346975,45.658460756197378],[3.300156278058821,45.658218337514533],[3.299746482075861,45.658189712991124],[3.299497859210744,45.65828222439044],[3.299294402990848,45.658178308657206],[3.298499373987964,45.657912973858124],[3.298431609917421,45.65772945378874],[3.298461562515026,45.657330457938691],[3.298637327307997,45.656348459364629],[3.298908667488049,45.654756576213956],[3.299231750713464,45.653000666205813],[3.299676329124164,45.650447500133602],[3.300088412643662,45.648065512090113],[3.300406127748954,45.646280798216054],[3.300805200924958,45.644114960007158],[3.30118748481988,45.642172486545419],[3.301765973862066,45.639019231205289],[3.301868840575594,45.638579517581753],[3.301969948229499,45.637817434159452],[3.303065082120272,45.631512882684788],[3.303139879902429,45.631108362695223],[3.303264039293258,45.630342614505849],[3.303368486918668,45.62996232764209],[3.303543228633067,45.629059568889886],[3.303684353723205,45.628112776802425],[3.303721484087998,45.627862341354536],[3.303642470054799,45.627730183050218],[3.303412861925563,45.627753314468343],[3.303302640947428,45.627781526649933],[3.303141157059968,45.627823384112581],[3.302847726899644,45.627910620806375],[3.302610594234493,45.627966188345681],[3.302446193415721,45.627944118114037],[3.302406323813714,45.627928916982654]]]]}},
{"type":"Feature","properties":{"nom":"Saint-Saturnin","nom_m":"SAINT-SATURNIN","insee_com":"63396"},"geometry":{"type":"MultiPolygon","coordinates":[[[[3.05749746958184,45.684630376949436],[3.057607943537519,45.684616813246649],[3.057804484923523,45.684593299979163],[3.058171872346454,45.684546285686352],[3.058406948845977,45.684516448072415],[3.058563667324358,45.684497456541209],[3.05870883735591,45.684491978076501],[3.058845017043942,45.684489205574195],[3.059199617136571,45.684499825608626],[3.05971609771575,45.684513060288936],[3.059934503789623,45.684512944307322],[3.06009509062383,45.68450745585335],[3.060286503371539,45.684494746803608],[3.060497181238762,45.68447662417848],[3.060701432303451,45.684455803169165],[3.060939092397867,45.684440366629104],[3.061107389349004,45.684436673529966],[3.061157494202086,45.684436646341069],[3.061442712439893,45.684441894052171],[3.061659841515092,45.684448979297237],[3.062267547894247,45.684470256673357],[3.062699241132638,45.684488026931056],[3.063137353218926,45.684501289515445],[3.063412303331794,45.684514642354387],[3.063584470086279,45.684524450642932],[3.063660277104527,45.684530711222621],[3.063685975052555,45.684533398151643],[3.06387099972849,45.684552203577333],[3.064199947071719,45.684597941307487],[3.064446651382387,45.684626615950862],[3.064621393414372,45.684640923604135],[3.064734454091661,45.684643560148288],[3.064816677744628,45.684643512871659],[3.065178952383216,45.684623493199823],[3.065617028769469,45.684605229206916],[3.066083358466039,45.684577942096375],[3.066365987896065,45.684566069657642],[3.066499601142691,45.684565990867632],[3.066685896436676,45.684572184138418],[3.067134290274034,45.684587226062561],[3.067514587452833,45.684597804610029],[3.067659763465695,45.684597717514059],[3.067772807659109,45.684586843751816],[3.06784602256837,45.684574192900698],[3.067919225288432,45.684551636680119],[3.067989855146428,45.684526380511329],[3.068055339331378,45.684495724500039],[3.068134937850879,45.684450652163818],[3.068164464691034,45.684432624612853],[3.068192707882251,45.684415498315659],[3.068249244181686,45.684421767470717],[3.06829806650063,45.684423538851895],[3.068341748752911,45.684424412845722],[3.068379000633997,45.684419887818997],[3.068448366535066,45.684411741334827],[3.068547261336639,45.684387368124298],[3.068743754756261,45.684329617389082],[3.068882450340862,45.684284508448052],[3.06903140111738,45.684221383363607],[3.069221448376978,45.684146526540346],[3.069494978908348,45.684052707755313],[3.069862281197869,45.683948924865128],[3.06996373603719,45.683918245432402],[3.070007395136395,45.68390110910552],[3.070038206939838,45.683883980749592],[3.07007161439881,45.683887561913082],[3.070169255930651,45.683889302107175],[3.070360688265857,45.683895486099907],[3.070660031986674,45.68389709971288],[3.071288242689957,45.683880495216236],[3.071737886553841,45.683872105426758],[3.072007661559646,45.683858426047962],[3.072111730252169,45.683862861903556],[3.072170839406599,45.68387182889672],[3.072226103800889,45.683888002199666],[3.072317358241276,45.683917659645317],[3.07244460992441,45.683966204048652],[3.07245617837748,45.683970699031249],[3.072585998583288,45.684018341138732],[3.07271323180465,45.684052477499399],[3.072819890521732,45.684072219265722],[3.072914977239272,45.684084764545588],[3.073076874808373,45.684100868364922],[3.073254190450352,45.684117862411739],[3.073408378624847,45.684133070283032],[3.073534294384126,45.684141993009632],[3.073670476061812,45.684141904037688],[3.07382334244982,45.684129197185932],[3.073995468915538,45.68410837311739],[3.074176588372487,45.684087542864894],[3.074292194870697,45.684073058934679],[3.07440524032077,45.684064879968865],[3.074540129799625,45.684059387891956],[3.074660887213478,45.684053905020136],[3.074820173131279,45.684038491107415],[3.074965320831565,45.684018583955812],[3.075087339632115,45.683995990581778],[3.075165689780953,45.68398243106531],[3.075281295800749,45.683967946120234],[3.075457274173456,45.683946216759196],[3.075612700454987,45.683927202372764],[3.075786089384696,45.683891066483817],[3.075923518109729,45.683863959413763],[3.076028845875868,45.683849480627842],[3.076042976624441,45.683848570605981],[3.07611619238154,45.683838615831945],[3.076240789689454,45.683823223342195],[3.076398778591177,45.683799703714179],[3.07661456623907,45.683766239242296],[3.076829067652738,45.683731874749682],[3.077056419785553,45.683700202512966],[3.077252940849678,45.683670351932733],[3.07739809300575,45.683654944065509],[3.077539398487157,45.683644941565987],[3.077746213302801,45.683626789338199],[3.077923461665049,45.683596050402379],[3.078082736463532,45.683574328491808],[3.078270268588918,45.683548084304519],[3.078468071899783,45.683517330228703],[3.078653044451544,45.683498291062961],[3.078795632741728,45.683487385607265],[3.078949782146701,45.683475571385024],[3.079109072927984,45.683465554310565],[3.079251662333393,45.683455548761316],[3.079335156016603,45.683446485148451],[3.079462315807433,45.683427485352261],[3.079527820803103,45.683416633314572],[3.079607462825801,45.683409373187857],[3.079705099922734,45.683408403666135],[3.079832253004738,45.683384901034444],[3.079940131358044,45.683358710484605],[3.080026185096899,45.6833433411512],[3.08014434880956,45.683322546006082],[3.080310035062035,45.683293612508265],[3.080429474114332,45.683266512763197],[3.08059642771486,45.683225871640538],[3.080694022458454,45.683196085787273],[3.080828822400383,45.683131154265162],[3.080902012654735,45.683104987677154],[3.081018875003308,45.683073386734904],[3.081223062945923,45.683018310146942],[3.081564654234492,45.682922611986257],[3.081747002455121,45.682868450743413],[3.08183304827291,45.682848577612688],[3.081899839485944,45.682839524230069],[3.082129751781909,45.682806038921953],[3.082348112210026,45.682779765465369],[3.08247527211838,45.682762563236317],[3.082607558652619,45.682737252743991],[3.082701300045236,45.682709268946041],[3.082800161278154,45.682668674524052],[3.08295678651537,45.682596520535888],[3.083144223735798,45.682510836325925],[3.083317520621777,45.68241975935625],[3.083484392126364,45.682327786397565],[3.083606343870342,45.68226556252651],[3.083673102779154,45.682235796973018],[3.083753991818296,45.68220512039106],[3.083865700974949,45.682166316450498],[3.084019786838438,45.682115774503082],[3.084143068742529,45.682084165531414],[3.084238106642044,45.682065184331059],[3.084311324052496,45.682058826166191],[3.084411523932898,45.682055149192244],[3.084577241313326,45.682050522474512],[3.08468129383529,45.682045941883544],[3.084793037888692,45.682030549593513],[3.084908631785435,45.682012452837512],[3.085052454033441,45.681971822541932],[3.085198826026875,45.681918583351596],[3.085291277267086,45.681888797404973],[3.085369598320844,45.681859922575917],[3.085464593700689,45.681813925838441],[3.085550603139413,45.681772438267735],[3.085617363193713,45.681744472530042],[3.085648173145567,45.681730041358158],[3.085685407856861,45.68171650577569],[3.085716230326413,45.681710178935937],[3.085813848960978,45.681699298802435],[3.085939747199876,45.681699202827659],[3.086046361300552,45.68169011659878],[3.086210767528921,45.681669279758161],[3.08644451372097,45.681627678347091],[3.086671829144802,45.681581578976413],[3.08693383599377,45.681539054318584],[3.08704428806088,45.681520058853899],[3.087143183681685,45.681504674159058],[3.087202257283653,45.681491121179171],[3.087274169044672,45.681472155316065],[3.087374319334182,45.681437859272201],[3.087496287520193,45.681390038928335],[3.087677284587675,45.681300750239544],[3.087818495046278,45.681235805363912],[3.087912199795186,45.681188006599427],[3.087989190880936,45.681132116452815],[3.08809570035849,45.681058193484255],[3.088113689912955,45.681060880867882],[3.088131678035328,45.681062667765318],[3.088183055870898,45.681057224651603],[3.088272943362587,45.681032841171238],[3.088414174015216,45.680981402800185],[3.088538709613116,45.680933579312793],[3.08862986842739,45.680901090188264],[3.088701783261943,45.680884824864663],[3.088800675842279,45.680868538232168],[3.08893937968363,45.680844115728028],[3.089021581736369,45.680834145468985],[3.089054976990984,45.680830517135661],[3.089200138729572,45.680827700831863],[3.089541881887487,45.680842737945632],[3.089712767401853,45.680858810705111],[3.089859250385903,45.680878504611492],[3.090072573751257,45.680921557499609],[3.090467072602968,45.680987877228361],[3.090810138688992,45.681025421545748],[3.091113359995223,45.681050390269945],[3.091160907274194,45.681059356647978],[3.091222590293767,45.681071013013451],[3.091317698308995,45.681097050006962],[3.091378101201461,45.681111408778605],[3.091471909814662,45.681128441851065],[3.091618383704228,45.681141830087284],[3.091840652791723,45.681155156365158],[3.092032079581768,45.681162204014385],[3.092213218610935,45.68116295636846],[3.092399478259158,45.681152898417075],[3.092702630094927,45.6811355401491],[3.0932755198469,45.681093644961031],[3.093662186258633,45.681083418805017],[3.093889563700349,45.681078727102246],[3.094098948191506,45.68106954754905],[3.09441364562385,45.68104317018566],[3.094571631172508,45.681026828943679],[3.094674391661148,45.681019538751642],[3.094852964025639,45.681022089986868],[3.094972448223454,45.681028292708319],[3.095093221749643,45.681037195668338],[3.09517158912878,45.681038930456857],[3.095278209741992,45.681035238390891],[3.095400230742848,45.681022528337429],[3.095623710246962,45.680992622867528],[3.0958086450746,45.680960048289144],[3.09595503370595,45.680923904308912],[3.096074470923569,45.680903091364726],[3.096197762021617,45.680882275002901],[3.096328767233293,45.680865053848123],[3.09646234481407,45.680849631307368],[3.096676838323439,45.680824233864683],[3.096937574477466,45.680796094776589],[3.09705058935749,45.680776186808032],[3.097164906198748,45.680766182933247],[3.097271513493338,45.680755285115218],[3.097392266195167,45.680752479328682],[3.097554132562816,45.680752339269702],[3.097739132237076,45.680757581816657],[3.097876585419069,45.680754761019784],[3.098008895188717,45.680749243076519],[3.098109083806096,45.680741051503652],[3.098198982386946,45.680725664935558],[3.098376214895478,45.680697595277529],[3.098642086591148,45.68066854727369],[3.098880989987693,45.680644925224932],[3.099049268012783,45.680638473997135],[3.099146891813094,45.680632985209876],[3.099244510750172,45.680624794888573],[3.099428181831858,45.680605722748162],[3.099637527952198,45.68057672227139],[3.099780102952991,45.680564889775276],[3.09917818222119,45.679455123889596],[3.09889870291734,45.679054654011779],[3.098504947491807,45.678682198462624],[3.098248550146943,45.67825379180006],[3.098250021254846,45.677635157748753],[3.098154679600275,45.677475855137331],[3.097651548703832,45.67698822992832],[3.097681028577444,45.676951284511468],[3.097701497386332,45.67690354109159],[3.097707828016341,45.676851307511285],[3.097697486347818,45.676814396625375],[3.097682020749094,45.67678559454076],[3.097652426584335,45.676757705187732],[3.097625423804478,45.676742420361116],[3.097606144279828,45.676736133678808],[3.097512323773457,45.676709200408425],[3.097450637948882,45.676693945559279],[3.097421075646577,45.676684065803819],[3.097394071382123,45.676667880438927],[3.097374764980178,45.676646285507658],[3.097358024541495,45.676622887386813],[3.097337424111047,45.676595890662064],[3.097296115679534,45.676480664364412],[3.097225189970406,45.676324041345012],[3.09714647045887,45.676117898372226],[3.097066470150382,45.675913557420394],[3.097007086142668,45.675745218030535],[3.096961955398648,45.675647104110723],[3.09693747038174,45.67560210097529],[3.096972374094772,45.674995144598135],[3.097028868993037,45.674248594604833],[3.096687088513312,45.673454661558907],[3.096910311021848,45.672562090066506],[3.097273396500125,45.672324049311086],[3.097455501032175,45.672160003811044],[3.097752955382925,45.671854481985861],[3.097830643062564,45.671478912736141],[3.097844338976266,45.671233969216743],[3.097136224631815,45.671011262140802],[3.097655861187226,45.669967152017783],[3.09781166585137,45.669461845412641],[3.097553538704222,45.668753388585806],[3.098186906921946,45.66812520105794],[3.099199686607828,45.66708335445],[3.099974084591686,45.667051152757075],[3.099914712624924,45.666889118394351],[3.099859163130266,45.666709971425156],[3.099773959330345,45.666466916372578],[3.099727422027731,45.666299467647129],[3.099722231229353,45.666269756285899],[3.099727318216031,45.666241836790952],[3.099752923431647,45.666196789936173],[3.099621778997701,45.666116762983897],[3.099322188110355,45.665924324120297],[3.099099730146972,45.665772338375987],[3.099062441767338,45.665748058126795],[3.099035432692444,45.665726470276944],[3.099012271720949,45.665702177587008],[3.099007124841155,45.665696779210826],[3.098986519622118,45.665665280400738],[3.098967181022975,45.665623875155347],[3.0989555337775,45.665574358797357],[3.098947702438736,45.665504127965313],[3.098955311669244,45.66545009226985],[3.098966791483254,45.665405958491164],[3.099162576135554,45.665007772572714],[3.099366108898064,45.664634793024462],[3.099565852499448,45.664298736287478],[3.099812192441539,45.664165246680049],[3.099936615351818,45.664081391377842],[3.100046987449263,45.664039871141853],[3.100145859633673,45.664030778427332],[3.10026273759311,45.664036077331296],[3.100478528562619,45.664054795156247],[3.100651865212407,45.664033028766198],[3.100676215500652,45.664005092014449],[3.100687752597221,45.663993375415608],[3.100701835288178,45.663969049771588],[3.100703093346644,45.663954640912067],[3.100699206161264,45.663935734236439],[3.100683690197115,45.663878117171613],[3.100669497821449,45.663842110523326],[3.100593400827679,45.663662982327338],[3.100548342260948,45.663602690180213],[3.100521318939231,45.663572998353217],[3.100481444931787,45.663538815569787],[3.100448015112612,45.663517233791843],[3.100405598812789,45.663497460983294],[3.100360594450303,45.663466884664913],[3.100320722250136,45.663433602306775],[3.100293700764202,45.663404810907501],[3.100270527165372,45.663373314625687],[3.100267919526202,45.663351705346869],[3.100266625491836,45.663346303598885],[3.100275559790139,45.663315679209767],[3.100409364048325,45.662741051618767],[3.100566771143317,45.661021888630806],[3.100648444939103,45.66003218467705],[3.100738816524943,45.658883987947441],[3.10110820320134,45.655825616881927],[3.101202988572608,45.654291109126518],[3.101335594729079,45.653078940219459],[3.101422920867336,45.651684014126204],[3.101140167480843,45.651532086937991],[3.100636315499138,45.651238981138796],[3.1004813912355,45.650771769128312],[3.100328703050176,45.650119956048641],[3.099922406749483,45.649804248071312],[3.099674279764044,45.649622570585557],[3.09947349797446,45.649350802507541],[3.099353567893527,45.649058251667441],[3.099395507305104,45.648818686370547],[3.099651546163241,45.648405138693136],[3.099821458065183,45.647934936464239],[3.09983105882016,45.647563028817409],[3.099684251965288,45.647316426794582],[3.099648968329942,45.646972473862583],[3.099204431509373,45.646795471485177],[3.09751882275135,45.646128786526347],[3.095701842811427,45.645195645510242],[3.094473606762593,45.644671701996977],[3.09313442042476,45.643811056787492],[3.092094729647695,45.643150958548269],[3.091272462375718,45.642759018220517],[3.090858725683824,45.642538734909941],[3.091119040131088,45.642362030107101],[3.091234455725397,45.642287196653086],[3.091567873493311,45.642069009389793],[3.091834576851626,45.64187698955196],[3.091908929880115,45.641813895159657],[3.091969170468975,45.641756215138528],[3.0920268254826,45.641687731420177],[3.092139482208518,45.641499438618247],[3.092229045860142,45.641320169444207],[3.092406815582655,45.640918408890755],[3.09250268928462,45.640675200139796],[3.092546168904111,45.640575210955802],[3.092584567674482,45.640507643268393],[3.092630652098975,45.64043016394772],[3.09272673351311,45.64031212176873],[3.092623959446958,45.64026628182566],[3.092576401797417,45.640230301688533],[3.092517244164993,45.64016641614046],[3.092433612007682,45.640052123699967],[3.092337132615509,45.63993153836779],[3.092257383794397,45.639836152723923],[3.092155813801316,45.639741685372577],[3.092032434712311,45.639655340096233],[3.091963041619044,45.639611273220098],[3.091891102153288,45.639579815119852],[3.091839722842816,45.63956094694089],[3.091796059186598,45.639550176779451],[3.09175112378222,45.639546611488925],[3.091719029837504,45.639545737162187],[3.091688231516564,45.639552065622226],[3.091649747387597,45.639568305627165],[3.091626663155631,45.639581831640633],[3.091585638389737,45.639614282356973],[3.091510011682916,45.639681879967974],[3.091406189394828,45.639777415351134],[3.09134463696688,45.639817086498219],[3.091292048125903,45.639843243121291],[3.091245854029044,45.63985498683374],[3.091193236937094,45.63986403428656],[3.091122637578064,45.639866792902851],[3.091003236685188,45.639856984198417],[3.090818304862256,45.63980940803696],[3.090734805082144,45.639773456116657],[3.090572900897864,45.639677234993364],[3.090500937124151,45.639630467840924],[3.090425128255068,45.639587305657187],[3.090359603778869,45.639553139981452],[3.090295374824537,45.63952617707961],[3.090163067479901,45.639473154731064],[3.089844507728997,45.639348242529302],[3.089686490942998,45.63927272810529],[3.089671074978707,45.639265536536037],[3.08944116185107,45.639183775649578],[3.088478095319406,45.63899723663615],[3.08766264293217,45.63880066923597],[3.086320699562859,45.638482935940573],[3.085837897348426,45.638392356540059],[3.083089788890196,45.638549301382426],[3.082663472997381,45.638458666659638],[3.081235332520976,45.637985152804553],[3.080024241975105,45.637572699483762],[3.078393198984544,45.637005643679494],[3.076307680208128,45.6363623324306],[3.075410080892645,45.636109001735079],[3.075303791484658,45.636293671485738],[3.074770112940559,45.637473657345858],[3.074583264988926,45.637893405473164],[3.074254200869563,45.638517656418806],[3.074043019281061,45.638985145233505],[3.074420622422348,45.639133475611921],[3.075412205196816,45.63955514135673],[3.076163653020366,45.639906723588247],[3.077532920092999,45.640502807896382],[3.078688956823925,45.640986464685774],[3.079769313113395,45.641498078215641],[3.080572142752986,45.64183428651053],[3.080405423705597,45.641950567822235],[3.079590087033494,45.64273816804338],[3.07911574597739,45.643196847501095],[3.078754277432281,45.64358971091275],[3.078167150861562,45.644192542298669],[3.076386413144366,45.645983922205737],[3.075826150896305,45.646553405417784],[3.075556707195997,45.64667605209344],[3.065389219380917,45.650549085634694],[3.057407353784932,45.649772720619666],[3.054824270685928,45.652565502057364],[3.051763005137513,45.653717767114784],[3.051414375935965,45.654392387959433],[3.051061973251081,45.655161560101774],[3.050622379263747,45.656079349993739],[3.050284075033384,45.656843110568111],[3.049605225109203,45.657333274066687],[3.049009787291592,45.65777387068254],[3.047983048928631,45.658419058283798],[3.047704633400476,45.658700127098562],[3.047017074866838,45.658061974244049],[3.04677694292447,45.658062074253529],[3.046311796352958,45.657712879357035],[3.046075473325195,45.657658947362933],[3.045826440001545,45.657762604459684],[3.045295014957552,45.65800865116816],[3.044973798944585,45.657781858362164],[3.044612767074992,45.657541573191999],[3.044577721149914,45.65707603771051],[3.044377462804111,45.657153558290617],[3.043807523759661,45.657412219890745],[3.043942725077613,45.657877716582249],[3.044099758956671,45.658343204582216],[3.044186030949079,45.658637628510128],[3.043762286345463,45.658665708944291],[3.044710409206356,45.660783271332832],[3.04501397906124,45.661399080499628],[3.045160670801152,45.661757413860443],[3.045471949717315,45.662365114410207],[3.045918603643008,45.663603096959875],[3.046608537346656,45.665470415011598],[3.046716663201418,45.66576032572241],[3.046337355570293,45.666772625320235],[3.045760730400337,45.668373920030341],[3.045654540060597,45.668873731284769],[3.04555834503511,45.669035857212172],[3.045483975136233,45.669187168448893],[3.045469896442522,45.669247506508704],[3.0454763398316,45.669273617920361],[3.04549690854244,45.669296121693634],[3.045530319680352,45.669316819305834],[3.045572722311659,45.669338413753486],[3.04561514055738,45.669378918326537],[3.045645994886934,45.669414024671703],[3.0456640038483,45.669447335250887],[3.045678178227487,45.669503159463325],[3.045685996056482,45.669638228777892],[3.045695060416366,45.669727372941914],[3.045698981999265,45.669810215809882],[3.045690049907596,45.669881357611004],[3.045665702718281,45.669949804213232],[3.045637494086862,45.670008347059337],[3.045628518094675,45.670026360361462],[3.045606703971471,45.67005158272837],[3.045572046502237,45.670077710771793],[3.045498858999432,45.670106555826116],[3.045439793257359,45.670127290786901],[3.045305054231144,45.670278626257605],[3.045140817714926,45.670484902875977],[3.045070263530609,45.670593889610998],[3.044974012595876,45.670692981250092],[3.044853401778425,45.670847011993843],[3.044809788194626,45.670917267053326],[3.044776438997957,45.670974010766116],[3.044758494870903,45.671020843031762],[3.04474952061226,45.671041557714453],[3.044700787925379,45.67113522733338],[3.044648202499403,45.671229798942541],[3.044626409232648,45.671282035613913],[3.044628991895182,45.671299143774313],[3.044636715205663,45.671319851830916],[3.044657282156234,45.671339654312007],[3.044694557701459,45.67137295741064],[3.044765252698668,45.671435963170453],[3.044798678700105,45.671473770181734],[3.044810251772829,45.671489974278607],[3.044814124044587,45.671513385305602],[3.044812862201859,45.671541300792171],[3.04479618924737,45.671571923859368],[3.044776951031953,45.671607050360883],[3.044767984695587,45.671637670359978],[3.044757739001991,45.671674594250511],[3.044751354636202,45.671721421923309],[3.044753949733706,45.671753838294102],[3.044766822590154,45.671788952030539],[3.044774552575478,45.671817764426436],[3.044772020823802,45.671863690085949],[3.044761769266101,45.671893410112645],[3.044745091810198,45.671918630274448],[3.044724558806343,45.671941150514684],[3.044682197395047,45.671972684246889],[3.044616721615111,45.672011430989038],[3.044530698124723,45.672054688235946],[3.044398448612835,45.672115973316728],[3.043982036281807,45.673419136251809],[3.043696236007575,45.674229682665128],[3.043356606513032,45.6752050376368],[3.043184838342568,45.675664350278666],[3.043231123146436,45.675717461059897],[3.043274855152974,45.675791283927438],[3.04331730625846,45.675869609689407],[3.043328905191685,45.675918231346635],[3.043323781118081,45.675936242991092],[3.043308383514137,45.675957860520512],[3.043275004397953,45.675982186408618],[3.043248044456455,45.676002007404009],[3.043214668802169,45.676030835691371],[3.043192854726068,45.676060560019813],[3.043181315592001,45.676088479438221],[3.043177469679661,45.676098386233043],[3.043168528416792,45.676163224485649],[3.043148037418319,45.676242474901848],[3.043122458663275,45.676386562089341],[3.043107132384235,45.676500028903185],[3.04310587938438,45.676540551149905],[3.043094340106385,45.676568470560461],[3.043078954150678,45.676605396278283],[3.043075120797505,45.676631511772221],[3.043081566719842,45.676661225269974],[3.043089318939607,45.676718853263324],[3.043091911896026,45.676749468718242],[3.04308421574075,45.676763879401911],[3.043054693229565,45.676792706169536],[3.042995643218766,45.676844056297469],[3.042921192283462,45.676913421938885],[3.042891665421034,45.676936845763251],[3.042817188458147,45.676972893447576],[3.0427863748645,45.676993616282282],[3.042776112939958,45.677012530338438],[3.042773565375708,45.677040446302087],[3.042780011879739,45.677071060301536],[3.042792888897521,45.677111577179218],[3.042792905605354,45.677133188783017],[3.042786496673943,45.677151200892744],[3.042771104088644,45.677180022218749],[3.042759556856677,45.677198036277922],[3.042759565204098,45.677208842079885],[3.04277113818316,45.677224145910117],[3.042798134399227,45.677250249685436],[3.042813563904331,45.677269153981079],[3.042811014954243,45.677295268979137],[3.042796902042991,45.67731778643622],[3.042767372825024,45.677338508778227],[3.042757104569825,45.677349318481603],[3.042745564947305,45.677377237858167],[3.042741747376001,45.677424064463125],[3.042741780056601,45.677466387188311],[3.042717411291558,45.677515923040225],[3.042397788292839,45.677825810220952],[3.042141471536118,45.678614730238102],[3.041923598184959,45.67928747299279],[3.042116290575858,45.67928650063017],[3.042387355841454,45.679299906217153],[3.042630164428875,45.67931962523631],[3.042810035083351,45.679350173475413],[3.043050297209053,45.679398708042221],[3.043297013165914,45.679485960425218],[3.043520603780207,45.679569619269721],[3.043852158838545,45.679722572957495],[3.044255701320471,45.679933128386921],[3.044837907442228,45.680261574804959],[3.045562436505394,45.680249577797277],[3.045747487587633,45.680325143454468],[3.045986417260024,45.680307936974316],[3.046645465510802,45.680338282461179],[3.046869007440337,45.680354398387863],[3.047240146941195,45.680210165918631],[3.047436602222886,45.680099323830532],[3.047775568227501,45.679892069263637],[3.047909146051659,45.679864097528892],[3.048020918570309,45.679874855744501],[3.048115980709732,45.679873914696266],[3.048186630879446,45.679868481593061],[3.048246998470335,45.679856749462147],[3.048320204508356,45.679836006952726],[3.048388272747939,45.67981616708682],[3.048461473948854,45.67979002158382],[3.048521834291344,45.679770184952922],[3.048564221605199,45.679763863299236],[3.048607903030288,45.679768346878937],[3.048654158475168,45.679778232233893],[3.048720972012791,45.679792611100126],[3.048805768058107,45.67980428068519],[3.048875146956378,45.679814155928618],[3.048979205389723,45.679817712668182],[3.049076844664423,45.679825774528339],[3.049147514667775,45.679842852913502],[3.049200212649509,45.679874346849111],[3.04924264162413,45.67991485008951],[3.049295370203917,45.679980562359376],[3.049319806381254,45.680012068603361],[3.049340372618107,45.680025566857204],[3.049354512463787,45.680035465987054],[3.049390495982207,45.68005075844399],[3.04941234769303,45.680065156605124],[3.049449631975479,45.680098458152784],[3.049537071260591,45.680192070072721],[3.049659234998365,45.680328889856476],[3.049741532368648,45.680418001466087],[3.049789100746592,45.680458502233272],[3.04985851795339,45.680509799120834],[3.049926651451127,45.680561997018856],[3.050006360768921,45.68062949796677],[3.050084786442826,45.680697899913497],[3.050116928048161,45.68072580062428],[3.050224905154966,45.680798691743369],[3.050394588725294,45.680918380343392],[3.050508998090746,45.681000273154666],[3.050561715223796,45.68105067661412],[3.050610588346076,45.681111887585246],[3.050722515749905,45.681288332126428],[3.050793281508635,45.681407164142882],[3.050848601720721,45.68149358566076],[3.050874334054908,45.681535896796255],[3.050936075409185,45.681619613919764],[3.050995265849889,45.68172314281572],[3.051035140654302,45.681777153806202],[3.051084016603872,45.68184016554288],[3.051184319048918,45.681945476659379],[3.05131163865294,45.682092197656196],[3.05137979135167,45.682161503873587],[3.051446646140076,45.682216402896181],[3.051510914082435,45.682252392894647],[3.051609874617898,45.6822946703574],[3.051702402595598,45.682327045359877],[3.051900310022384,45.682396291638078],[3.052141907726257,45.682476323165844],[3.05221772593635,45.682498800152565],[3.052251134805777,45.682505988535326],[3.052283253884807,45.682507774601625],[3.05232950376165,45.682508653611428],[3.052412998714846,45.682497808985296],[3.052531181245981,45.682487848611721],[3.052610830604589,45.682486010474079],[3.052713613037041,45.682493166299864],[3.05281896918276,45.682504823246227],[3.052893497847883,45.682521897477699],[3.052975751972199,45.682556977711343],[3.053045171312204,45.68260467070823],[3.053067024982053,45.682619068163241],[3.053137705834925,45.682642447435413],[3.053249504906639,45.682673911592865],[3.05343197041433,45.682713446502433],[3.053731361441968,45.68277093509316],[3.053925393442571,45.68281406562371],[3.054132285988827,45.682870696904892],[3.054232523748431,45.682902165642645],[3.054281367239379,45.682927355677172],[3.054323799621264,45.68296515556171],[3.054359817372249,45.683011963368344],[3.054377854581613,45.683064182749703],[3.054390781305786,45.683145220092086],[3.054410338775615,45.683436967550001],[3.054411720872785,45.683536020153213],[3.054418184310035,45.683576538824006],[3.054433635489069,45.683611650246476],[3.054470932271796,45.683652154012087],[3.054527513256051,45.683706155697664],[3.054666363838812,45.683807843131788],[3.054784637005401,45.683887028296709],[3.054926055292382,45.683986012710974],[3.054992890749481,45.684015696087826],[3.05504430861294,45.684044486474946],[3.055117572345332,45.684078669058621],[3.055217813751332,45.684111037406453],[3.055383592881696,45.684159582183071],[3.05562776826473,45.684235102563029],[3.055916923754436,45.684324107363011],[3.056092979305458,45.684369944542944],[3.056176512889309,45.684395116481873],[3.056262621520595,45.684425689979108],[3.056326889661305,45.684456274332632],[3.056375738228753,45.684484164913805],[3.056505589923394,45.68457504878009],[3.05659301414615,45.684635337349924],[3.056653452443319,45.684689336035554],[3.056683030185198,45.684717236173405],[3.056826917157685,45.684712661263966],[3.056936107622348,45.684699999351871],[3.057022176325681,45.684690950976972],[3.057095396616262,45.684681008564283],[3.057220002038059,45.684666537594829],[3.057442232116392,45.684636708518276],[3.05749746958184,45.684630376949436]]]]}},
{"type":"Feature","properties":{"nom":"Les Martres-de-Veyre","nom_m":"LES MARTRES-DE-VEYRE","insee_com":"63214"},"geometry":{"type":"MultiPolygon","coordinates":[[[[3.183231864241563,45.692817439781805],[3.183244805993374,45.692845333835741],[3.183338150483069,45.693095517411081],[3.183396629245517,45.693293529414838],[3.183426645575632,45.693433056064137],[3.183459575278786,45.69367613398893],[3.183492547074982,45.693931818661085],[3.18355047411105,45.69435045086675],[3.183583252541924,45.694547604170481],[3.183596616142637,45.694702466202997],[3.183608482697268,45.694793396079831],[3.183607397909195,45.694853730493868],[3.1836023356781,45.694877151411383],[3.183587020493416,45.694908693419677],[3.183551193393473,45.694954676637586],[3.183598689883898,45.694940191460439],[3.183666740055898,45.694923871787957],[3.183777173587667,45.694901179544715],[3.184059734329687,45.69486019641004],[3.184294774468543,45.694826494198381],[3.184445050852436,45.694806437588454],[3.184851707365765,45.695755785316635],[3.185049135275507,45.696385802428964],[3.185629567794745,45.696650491519208],[3.185969497109792,45.696853441178632],[3.186120390230017,45.697015279789255],[3.186165265796267,45.697367296263891],[3.186759808682633,45.698762068155766],[3.18696055226648,45.699222784937341],[3.187087482695198,45.699516133247322],[3.187193347249339,45.699660035464603],[3.187667615728053,45.69967995784598],[3.188228117367296,45.699738455196936],[3.188508795074291,45.699892869906158],[3.188756058701693,45.700046439407025],[3.189126841290565,45.700243024546921],[3.189501389314688,45.700412587508595],[3.189767860561687,45.700544510794948],[3.189968912865264,45.700711662778993],[3.190049112683893,45.700863709994074],[3.190106753149215,45.701182385464229],[3.190129954675725,45.701950462475324],[3.190460106272548,45.701912084483439],[3.190715858891514,45.701914353413528],[3.190924347142591,45.701999546737014],[3.191216572829815,45.702143129338324],[3.191044352730656,45.702512621485205],[3.191751113715273,45.702489809420875],[3.191977983221425,45.702315628989801],[3.192199676299564,45.702131551562715],[3.192891528179405,45.702257338282209],[3.193036605627894,45.702215667419416],[3.193680134382552,45.702120012016444],[3.193675398202238,45.702602681734668],[3.194104037626304,45.702429951046305],[3.194553474259699,45.702324719425718],[3.195689414535654,45.702284932120321],[3.196464153083459,45.702949044858883],[3.197036533828318,45.703444214537051],[3.19721208190902,45.703658223663567],[3.197460556364879,45.704139549772854],[3.197598531291459,45.70498756788767],[3.197643267605867,45.705278347164175],[3.197574248396183,45.705385626293072],[3.197605598700549,45.705526947995509],[3.197293451104477,45.706293810457403],[3.197151047313199,45.706727194567186],[3.1970780359187,45.707157755719628],[3.197037257864038,45.707617076117778],[3.19716969890737,45.707633053289562],[3.197430696474318,45.707656909575348],[3.197618388502538,45.707668286978077],[3.197705787249042,45.707668133697211],[3.19795256662191,45.707669501503986],[3.1981517779038,45.707667350458649],[3.19850128886851,45.707643322721331],[3.198643951167447,45.707642170877499],[3.198733926889519,45.707643813234242],[3.198822620578074,45.707646358269344],[3.198821846628503,45.707788636817867],[3.198819602928796,45.707879590115311],[3.19882514535281,45.707991240913785],[3.19883971069178,45.708110079702799],[3.198867138690968,45.708231597261381],[3.198897046743655,45.708327896758711],[3.198943715524273,45.708438574481598],[3.198990400686796,45.70855375460021],[3.199170022961567,45.708821782915933],[3.199256874472661,45.709026040312068],[3.199275086100596,45.709086340849943],[3.199280318160829,45.709111545279939],[3.19929086988254,45.709186267176776],[3.19949215771685,45.709402028345337],[3.199761822757606,45.709687906105323],[3.199965701184004,45.709908164293893],[3.200123234331142,45.710107793178828],[3.200385458250049,45.710466622270076],[3.200513392394762,45.710655497377573],[3.200730447827467,45.710963078175304],[3.200787349773407,45.711058428631198],[3.200891067591648,45.711303176763835],[3.200902733941437,45.711330170633268],[3.201072094835261,45.711599114779453],[3.201243076890604,45.711959905645074],[3.201323635340722,45.712197490837653],[3.20141074928204,45.712470183329557],[3.201690861887674,45.712441767288283],[3.202091662296994,45.712375313693535],[3.202808269865399,45.712200232208524],[3.203796822048287,45.711875173627718],[3.204275797372845,45.711747337635252],[3.204785720686435,45.711994046773114],[3.205141175677215,45.712179801608521],[3.205447664702421,45.712332326500089],[3.205634544106288,45.712466158572219],[3.205878266439937,45.712676428091079],[3.206245533065623,45.712925192124466],[3.206436302849005,45.713067120162627],[3.206588050760573,45.713085752406727],[3.206702569235336,45.713117059572781],[3.206817134973697,45.713160973383033],[3.20695625832803,45.71324086155299],[3.207141754510892,45.71334677852456],[3.207391673811854,45.713493098685866],[3.207507661406783,45.713573028746225],[3.207644317372323,45.713679935288965],[3.20795482343334,45.713871167039564],[3.208298827259817,45.714082146804841],[3.208387701327857,45.71412970845892],[3.208481693497507,45.714170957152795],[3.208646452238602,45.714230084581864],[3.209054388839573,45.714349994284312],[3.209414701407111,45.714452881708304],[3.209591034304985,45.714512886746654],[3.2104004149899,45.714732899217424],[3.211643623923525,45.715115981219604],[3.211745277738595,45.71514280498721],[3.212131178270881,45.715211417086593],[3.212407280380694,45.715140658971713],[3.213309200014219,45.715018290219298],[3.213784801033153,45.715013787233794],[3.214666896311319,45.715084149942101],[3.215016923000726,45.71518253663303],[3.215615724088683,45.715455141604288],[3.216571732307289,45.716015214319548],[3.215882029318678,45.711886892980736],[3.216266509638956,45.709952805561137],[3.216967948591968,45.709206752917368],[3.216091202241824,45.708179178274484],[3.214337290205549,45.706985777599876],[3.213680783869107,45.70638909960865],[3.213718673329826,45.706216133903865],[3.213217291577877,45.705847883154355],[3.212907709462665,45.705555809566548],[3.212734758580635,45.705366133033358],[3.21254442646932,45.705000893715543],[3.21242441663391,45.704540069758764],[3.211328631830481,45.703998234728019],[3.211266330652012,45.703838064561111],[3.210815268055946,45.70384881461672],[3.209706819550617,45.703687894247025],[3.209093361986338,45.703576473039639],[3.208350158213155,45.703479696262015],[3.207723860697675,45.703370092325365],[3.20728604411793,45.703142174399922],[3.207044851258865,45.702911192249118],[3.206654158127887,45.70256702229657],[3.206587929213693,45.702383444091723],[3.206281038918596,45.70210935730497],[3.206038493296009,45.701512777245625],[3.206336857867629,45.701224975565317],[3.206461553546559,45.700890666017884],[3.206722412194472,45.700540798336846],[3.206821630141153,45.699923781823252],[3.206935417628876,45.699766887973141],[3.206522610841877,45.698656442849703],[3.2060960872176,45.697998966927578],[3.206023624797865,45.697864926709549],[3.205966600022994,45.697735360671032],[3.205928978489166,45.697639977694415],[3.205897544379373,45.697480648748162],[3.205862783231328,45.697117815576199],[3.205819657088788,45.696924289430143],[3.205719806178902,45.696681340005298],[3.205624959005804,45.696401461359692],[3.205566287021072,45.696173744954095],[3.205471826028008,45.69599742160225],[3.205376274484941,45.695873328462618],[3.205204778220449,45.695714254545322],[3.205052587884659,45.695563249630894],[3.204914566624023,45.695421223626596],[3.204824213942107,45.695312428867581],[3.204767334561121,45.695220682482514],[3.20471686696369,45.695125322469359],[3.204681879277816,45.695046143097798],[3.204658449854533,45.694965141747574],[3.204640157083495,45.694883230576444],[3.204633515737012,45.694824710927577],[3.204636771247426,45.694662617203363],[3.204538886936451,45.694601561757906],[3.204277306303117,45.694403928969798],[3.2038674426005,45.694066988361897],[3.203534011946289,45.693548009717155],[3.203166957716786,45.692968758074464],[3.203018367687915,45.692744804473499],[3.202935663313574,45.692617084214099],[3.202883919624841,45.692522626194105],[3.202805047553924,45.692388595527966],[3.202249831057482,45.691299103052842],[3.202217468465532,45.691233425549854],[3.202201799679006,45.691165016617589],[3.202201394976224,45.691054257377381],[3.202215179970799,45.690958780959903],[3.202246874326781,45.690841660694431],[3.202269455886294,45.69069213923057],[3.20228443009631,45.690570546534374],[3.202277779796116,45.690157234718335],[3.20216866564249,45.688777883831015],[3.202155129796002,45.688589706258888],[3.202140637767848,45.687436207999426],[3.20214901961743,45.687268702326463],[3.202238922441953,45.686556255563161],[3.202327873967993,45.685935660163494],[3.202379100717501,45.685539353795377],[3.20240982997462,45.685159293011992],[3.202407952433212,45.684997208701404],[3.202361179984206,45.683800545389587],[3.202502798689756,45.683179855352634],[3.202622960152,45.682664560732732],[3.202639140277413,45.682522254688223],[3.202708917743266,45.68228169913408],[3.202778658312303,45.682031238250168],[3.202833193357519,45.681838435868769],[3.202845845402486,45.6817852843593],[3.202864943892613,45.68173842464833],[3.202955574551419,45.681579775705906],[3.203290411681357,45.681103714873082],[3.20334679440203,45.681064892173914],[3.203412235828327,45.681044062827283],[3.203627932346715,45.681009454636673],[3.203783359191478,45.68100467114359],[3.20394905994047,45.680998968349094],[3.204013249597913,45.68098714578813],[3.204088961283653,45.680964496473827],[3.204156905192149,45.680925652422239],[3.204244045704429,45.680866962814456],[3.204417021570109,45.680744182843441],[3.20465416910332,45.680605077277924],[3.20497483062492,45.680469421230136],[3.205385458857168,45.680345306603193],[3.205782091492535,45.680258136007609],[3.206417514205205,45.680130004796261],[3.207103017810399,45.679997275499687],[3.207825714908606,45.679849165136375],[3.208445814415106,45.679748065347944],[3.20965545197865,45.679618851849071],[3.211160690959317,45.679526892079657],[3.212530770200654,45.679364929284901],[3.213529643550116,45.679218061865264],[3.214428252641934,45.679056068202556],[3.215627359743034,45.678869179397843],[3.216495337897692,45.678761257084517],[3.217308216231419,45.678689453871627],[3.218029931949882,45.678629527608251],[3.218533274922582,45.678572722037202],[3.218837589639241,45.678537912738847],[3.219117393243257,45.678477036170989],[3.219281607607123,45.678422687389933],[3.219426513465489,45.67835847062365],[3.219568817653905,45.67828615435721],[3.219682881916212,45.678219295911688],[3.219777677062387,45.678152474947609],[3.219855775914746,45.678086586979411],[3.219942838060453,45.678013477558714],[3.220052979537311,45.677929517140832],[3.220214421571379,45.677824745131154],[3.220300277097426,45.677771448510661],[3.220390022049576,45.677727149086678],[3.220499021186153,45.677679209954043],[3.220587474075227,45.677633111927278],[3.220660504722943,45.677585243068791],[3.22092172804369,45.67737671851016],[3.221237789851022,45.677069032064487],[3.22134264880381,45.676949961760521],[3.221469200687601,45.6767948292242],[3.22155733057359,45.676668587714346],[3.221647830845201,45.676492814679619],[3.221702467826816,45.676343226292687],[3.22172510994797,45.676223416939301],[3.221740005041267,45.67609371747497],[3.221742094359505,45.675973948577976],[3.221749231628626,45.675831657567329],[3.221751367812946,45.675723594912242],[3.221760482451949,45.675433620132644],[3.221763008213709,45.675422809315293],[3.221803196559733,45.67519400647511],[3.221965311491439,45.67461917640577],[3.221988078728813,45.674530883811627],[3.22208799030824,45.674140775992797],[3.222203270949593,45.673739831932679],[3.222367360067968,45.673338791415098],[3.222434384442189,45.673076617379621],[3.222486917146786,45.672724423245931],[3.222519513242863,45.672525351252844],[3.222541945692717,45.672354214427713],[3.222557886965135,45.672165981176576],[3.222574059842354,45.672035378625743],[3.222618873171803,45.671680498249721],[3.222620956800768,45.671559828898502],[3.222594717709731,45.671423006764371],[3.222488308469842,45.67115307097778],[3.222040790639915,45.670379535519665],[3.221909019306341,45.670189792529655],[3.221584896493106,45.669756396104781],[3.221493045175179,45.669591787722595],[3.221430789327009,45.669440628385473],[3.221356833944808,45.66925437303388],[3.221276485961462,45.669075334089911],[3.221187126289562,45.668890909871344],[3.221104365287255,45.668750596472762],[3.22101513253577,45.668597688904505],[3.220924626693518,45.668447485225272],[3.220854663928109,45.668295440220305],[3.220816979283323,45.668185654758659],[3.220772560596763,45.667997540161323],[3.220765122621797,45.66774271706705],[3.220779777082096,45.66755268569591],[3.220801154812591,45.667438282006273],[3.220818916490548,45.667383317508936],[3.221117089003631,45.666791112899411],[3.221250428168823,45.666411746250319],[3.221343869153322,45.666011746688284],[3.221362546898287,45.665864930700629],[3.221390088619878,45.665686580264712],[3.221450359123158,45.665342475988268],[3.221482270160421,45.664972313362583],[3.221428591731187,45.664716680813633],[3.221371611854717,45.664598829132458],[3.221291414546396,45.664455809433612],[3.221240964524435,45.664364959445798],[3.221115563242376,45.664158093900603],[3.221071607004114,45.664085240814103],[3.22056813284235,45.663430674102536],[3.220391316288965,45.663211301661121],[3.220308666119799,45.663096201157551],[3.220245376570122,45.66300537585694],[3.22017424573916,45.662880347381119],[3.220125076058623,45.662787693436115],[3.220087514731781,45.662707623589412],[3.220050017933005,45.662643762354158],[3.219980243788712,45.662536740831541],[3.219945387223456,45.66249088412652],[3.219810328996153,45.662437118666276],[3.219329258430874,45.662243551665462],[3.219098926886893,45.662128737825839],[3.218848152077285,45.662040077342837],[3.218593674745549,45.66198924390185],[3.218327742935053,45.661964546188194],[3.218092749531342,45.661969503970262],[3.217816707286294,45.661986246984625],[3.21747779847823,45.662018419009705],[3.217153096880554,45.662071273795469],[3.216857956356785,45.662130374123436],[3.216601348823107,45.662191200539937],[3.216470534495174,45.662236476372499],[3.216369228891582,45.662274491472274],[3.21614489796804,45.662379378638065],[3.215819326450805,45.66253938906857],[3.215620692034506,45.662647827882594],[3.215483584341328,45.662726432596202],[3.215318310669865,45.662827603148401],[3.215172296440369,45.662927836174156],[3.215042983779887,45.663029838090878],[3.214884251923578,45.663162512521403],[3.214737049570581,45.663287960856238],[3.21459113079816,45.663413406552806],[3.214437547712818,45.663549672486305],[3.214321123578549,45.663664255835002],[3.214229030143632,45.663760783062074],[3.214103705863171,45.663898795752225],[3.213984802268512,45.664036796103346],[3.213881295350525,45.66417116514495],[3.212595609135726,45.666144763505358],[3.212483184194136,45.666299859286056],[3.212386035718506,45.666419807188689],[3.212122408211082,45.666666136752241],[3.211848376234179,45.666879167284229],[3.211722904655737,45.666982058653232],[3.21158851799377,45.667104777327097],[3.210897780486543,45.667841770111664],[3.210822230126202,45.667901343648531],[3.210692777888894,45.667971823819514],[3.210353026374677,45.668130944468558],[3.209676065753506,45.668443775036771],[3.207663593105726,45.669166091664579],[3.207700491602896,45.669415458296108],[3.207906755823743,45.67030205666007],[3.207883893475411,45.670370535816417],[3.20786992727218,45.670413784934354],[3.20771971208178,45.670430270827048],[3.207551548807083,45.670455794457865],[3.207292289914834,45.670507599636103],[3.206927765831084,45.670574905930785],[3.206610740715651,45.670635820517077],[3.206311649757208,45.670684094552733],[3.20599711510645,45.670724291664591],[3.205733873078157,45.670741882060021],[3.205542464700229,45.670734127156265],[3.205309914934598,45.670715641096088],[3.205027189685135,45.670674733750168],[3.204844692583606,45.670645349770382],[3.204763754402017,45.670640094030624],[3.204664851063134,45.670639373310586],[3.204433679513868,45.670646096551231],[3.204151121305042,45.670650211013658],[3.204004654745101,45.670638770082576],[3.203811876354138,45.670607602080224],[3.203590847689391,45.670578285790036],[3.203364708067846,45.670556182184249],[3.203188703712418,45.670545694009085],[3.202995992144262,45.670532534213947],[3.202875250694922,45.670530950794316],[3.202844428076293,45.67053190679605],[3.202808480999056,45.670536473961498],[3.202776416841911,45.670549138499851],[3.202733968534027,45.670532105679051],[3.202714682550377,45.670526737475733],[3.202672244168758,45.670512406072284],[3.202520568155724,45.670481161892205],[3.202312348594849,45.670441914715262],[3.202079692662772,45.670393706139691],[3.201799484460626,45.670337477920299],[3.201650384795763,45.670308028926556],[3.201453752382994,45.670275963307404],[3.201218607636346,45.670249369073332],[3.200942326163765,45.670212942402529],[3.200725140750325,45.670180011693972],[3.200383368363493,45.67014730229586],[3.199823114484495,45.670078059773338],[3.199685657391736,45.670071099675724],[3.19964070979129,45.670072980329259],[3.199572629952212,45.670071300012665],[3.19952507784194,45.670063279889135],[3.199486536031063,45.670060646702893],[3.19942745676063,45.6700616518144],[3.199342718619961,45.670070806685921],[3.199282384107114,45.670079918316922],[3.19900124876123,45.670121837757605],[3.198804809336497,45.670142895849956],[3.198655863662006,45.670155765465324],[3.198436246591569,45.670160655045727],[3.198094578787675,45.670156754071414],[3.197767055568001,45.670157329654486],[3.19752691042504,45.670168556907129],[3.197406192403412,45.670173270986744],[3.19733297488827,45.670171598321055],[3.197317587703151,45.670178829166979],[3.197293203257271,45.670184274799958],[3.197244408684001,45.670187962207528],[3.197104434129689,45.670195411143453],[3.196914329271846,45.670192141730865],[3.196851377385441,45.670187749345828],[3.196781984276621,45.670177965264266],[3.196715137604057,45.670161873290986],[3.196632839734193,45.67013500242372],[3.196601966061333,45.670121549031741],[3.196417957622433,45.670026418577237],[3.196194012158874,45.669897138936172],[3.195989384685955,45.669782233012356],[3.195809164724142,45.669668184773876],[3.195646920612568,45.669552304052857],[3.195464057023081,45.669416648199068],[3.195424145642071,45.669389702883336],[3.19535079258886,45.669349308275677],[3.195340679545805,45.669395250593453],[3.195306280650994,45.669474553003006],[3.195271938830469,45.669570064048514],[3.195240079932989,45.669641257662164],[3.195229884179323,45.669663787482186],[3.195217106927879,45.669682719832508],[3.195196629651829,45.669703466498397],[3.19515436843778,45.669738658682206],[3.194971109033559,45.669855138748765],[3.194785270551816,45.669968921519775],[3.194640465721699,45.670063722875241],[3.194513635737076,45.670156692030815],[3.194376590143013,45.670266787905724],[3.194240850530693,45.67038318476267],[3.194100004268629,45.670508595115564],[3.193887532837649,45.670720575260134],[3.193760845064701,45.670854965674152],[3.193614956449993,45.67100829915843],[3.193536870985485,45.671084074178374],[3.193435653013088,45.671156286931684],[3.193316455903579,45.671229430940329],[3.193161291253555,45.671301736026798],[3.192934279534897,45.671397576628301],[3.192877833472548,45.671417483995015],[3.192666152542194,45.671489885167119],[3.192513448716522,45.671531568629653],[3.192356841283829,45.671558850777309],[3.192083359196376,45.671589033545544],[3.1920050303261,45.671595470503085],[3.191465734372736,45.671645014799736],[3.191433632725416,45.671647770823455],[3.19085842418688,45.67171268150345],[3.190818618926687,45.671716350891487],[3.190360249895563,45.671768454214984],[3.190252393864381,45.67177944228267],[3.190203516973547,45.671759714143953],[3.190149502350266,45.671739994657948],[3.190089081019066,45.671724788388246],[3.189996539421275,45.671706934816491],[3.189817903307341,45.671678420466883],[3.189659806073044,45.67164626930748],[3.1894991093197,45.671605117441935],[3.189304980471375,45.67155321571385],[3.189158403823402,45.67150933817269],[3.188960385439912,45.671446636554798],[3.188915371826109,45.671429602834777],[3.188770055683007,45.671378518789147],[3.188538569370008,45.671294260860769],[3.188310912545397,45.671202792169638],[3.188066546681377,45.671107748978756],[3.187993254821956,45.671084458705984],[3.187935421993353,45.671074649877852],[3.18785447256852,45.671065780064069],[3.187606520315355,45.671049084118707],[3.186813798575846,45.670981964841232],[3.186220200646382,45.670925316764396],[3.186150790324709,45.670910123248134],[3.186083921643859,45.670886821118827],[3.186038891213419,45.670864383365924],[3.185948713570876,45.67116709547372],[3.185818965289027,45.671543712634644],[3.185529733852662,45.672241165399363],[3.185379187563179,45.672545777470894],[3.185334466592177,45.672616088957831],[3.185227394318947,45.672862097711892],[3.185198077497986,45.67292968235499],[3.185129234111821,45.673084679088426],[3.185053014606708,45.673338741340729],[3.185039171289282,45.673424310237735],[3.185029235556116,45.673526081459677],[3.185020746798516,45.67367647654055],[3.185017191297038,45.673765630480638],[3.185004680460436,45.673865604961129],[3.184948999229807,45.674116031476586],[3.184915999368795,45.674234949794403],[3.184888011056404,45.674316039469709],[3.184788664604105,45.674569239036572],[3.184718689775597,45.674771062657982],[3.184615488177434,45.675024268400698],[3.184597682095464,45.675077426254063],[3.18456848042876,45.67518012950508],[3.184549485797757,45.675262104849317],[3.184529158555352,45.675329674598622],[3.184479386178724,45.675427008610157],[3.184368331098415,45.675637003670886],[3.184294274922473,45.675771297272313],[3.184262425315004,45.675850592144748],[3.184206313207945,45.675973150016532],[3.184174469350549,45.676054245827558],[3.18410940096796,45.676187624128168],[3.18408002412356,45.676238099356773],[3.183994555158063,45.676417435716317],[3.183875863700605,45.676649954925715],[3.18381079389823,45.676783333060044],[3.183777676393105,45.676868032784846],[3.183724167175202,45.677001392008712],[3.183642582445861,45.677190627119387],[3.183624750834818,45.677236580978395],[3.18360566449272,45.677291541740594],[3.183594222824183,45.677327579832586],[3.183533247117256,45.677533890510972],[3.183470905786051,45.677715890258625],[3.183373078939627,45.6780438264962],[3.183334902178464,45.678152847457945],[3.183252023863386,45.678340283430856],[3.183190834168088,45.678482659768093],[3.18309890009712,45.678651200148977],[3.183003126533152,45.678824249124588],[3.182907275003311,45.678973885506302],[3.182849800723212,45.67907483326568],[3.182739722437151,45.679195677040717],[3.182703928582839,45.679248863785901],[3.182697594668769,45.679275888644348],[3.182619390494914,45.679323741221367],[3.182591191277903,45.679342697143376],[3.182538714946815,45.679401313793051],[3.18250933496443,45.679451788624625],[3.182500488100918,45.679495926781328],[3.181960026438347,45.679998371902485],[3.181961796565669,45.680146048783435],[3.181851545573246,45.680215564257836],[3.181683062803529,45.680156404027045],[3.181663754820349,45.680144728845043],[3.181654720985303,45.680132136606133],[3.181645625095395,45.680100634256071],[3.181649369659668,45.680067310228004],[3.1816710340809,45.680014146604847],[3.181664525200881,45.679988043001678],[3.181658013371619,45.67996103891673],[3.181639925082604,45.679929551067559],[3.181581974834927,45.679886421157192],[3.181551022587092,45.679849551112106],[3.181521357963129,45.679813579469986],[3.181496766931931,45.679757788949701],[3.181446447988806,45.679691234034195],[3.181397437400818,45.679631880879271],[3.181273644463473,45.679488902855653],[3.181210173229664,45.67932871844102],[3.181108485084295,45.679266748432433],[3.180959125086273,45.67916163158997],[3.180971532548681,45.679027439224612],[3.180905054985139,45.678733087046218],[3.17949879351391,45.680041041533116],[3.179865669411829,45.680272781772075],[3.179784933047468,45.680333243228453],[3.179755459401151,45.680355802418354],[3.17965556128651,45.680449612345882],[3.179410991062789,45.680695834856351],[3.179143338576802,45.680955600839361],[3.178908959632939,45.681176592440949],[3.178803960674726,45.681283016522571],[3.178724611020421,45.681375892522595],[3.178660636422398,45.68145613727652],[3.178596681978495,45.681542685366026],[3.178543051185327,45.681643624837676],[3.17851121900202,45.681731922936244],[3.178484595114361,45.681841824444462],[3.178493081444103,45.682083141316568],[3.178532647253428,45.682400950276723],[3.178532132297505,45.682639579962554],[3.178495526648657,45.682841346903373],[3.178443597181931,45.683071953671536],[3.178410726042385,45.683236794734761],[3.178364914714392,45.683372840715457],[3.178308587549723,45.683435063441763],[3.178178126543694,45.683615367129569],[3.178074542446002,45.683764111163363],[3.177995289370428,45.683888503530326],[3.177928721094028,45.683962448571002],[3.178016146177139,45.683982121158934],[3.178131855600558,45.684008052364341],[3.178273219076721,45.684021336048232],[3.178378587030081,45.684027472664184],[3.178554588877032,45.6840253928751],[3.178636782364485,45.684016257708663],[3.178778020906895,45.683990820041849],[3.178911542230922,45.683962692994697],[3.179178540743061,45.683892931199196],[3.179310779821164,45.68386570620418],[3.179376291971364,45.683862900452503],[3.179410994102988,45.68386734762489],[3.179432869438118,45.683878118622104],[3.17946892638726,45.683904175292845],[3.179395889728968,45.683963723725235],[3.179330593372354,45.684033165139937],[3.179243643101018,45.684160272103206],[3.179080030906011,45.684418071422073],[3.178989274743745,45.684560492510322],[3.178924049951616,45.684652445738301],[3.178866460651624,45.684721874644708],[3.178826764532783,45.684762459553838],[3.178793471719583,45.684796730881594],[3.178706295128193,45.684854500334808],[3.178601155130631,45.684919502091738],[3.178513908437253,45.684955659831886],[3.17838300915977,45.685000891496905],[3.178246930061844,45.68503352439469],[3.178123628763386,45.685044525250639],[3.177936072479747,45.685050224557273],[3.177761279795417,45.685029789305808],[3.177634002768196,45.685002975468016],[3.177586438120271,45.684994045591004],[3.177293232447082,45.684906259726695],[3.176903588295262,45.684792510471034],[3.176764726519429,45.684758509952516],[3.176725005830079,45.684791890265956],[3.176674984128181,45.684818082829082],[3.176596692210302,45.684842518715534],[3.176419509150033,45.684877915288574],[3.176170382837299,45.684914324594004],[3.175955944418468,45.684950679176026],[3.175835283870458,45.684984185562435],[3.175780102552211,45.685004082375777],[3.175715965106318,45.685035699454694],[3.175637718180404,45.685074542386218],[3.175508238092818,45.685162991842049],[3.17531467667869,45.685301067640083],[3.175353359193155,45.685345131271696],[3.175366255280531,45.685360419467287],[3.175389483665636,45.685392800818363],[3.175586192651578,45.685841837139407],[3.17568834120672,45.686046988803056],[3.175745265892021,45.686171167151059],[3.175841707159784,45.68619713077414],[3.176051329333316,45.686260737940437],[3.176151699759951,45.686310107807728],[3.176213503979223,45.686352334022104],[3.17631398373008,45.686435922062039],[3.176560187485355,45.686689473686691],[3.176591122993812,45.686720942230025],[3.176912135302446,45.687064424469114],[3.177106845815885,45.687284737762745],[3.177157192387245,45.687359398993642],[3.177197321189225,45.687452986492318],[3.177227206257912,45.687557395931421],[3.177233898498635,45.687641130658932],[3.177245626188754,45.687692439946467],[3.177261170846518,45.687732036901501],[3.177298563140867,45.687773400448442],[3.177346179187002,45.687797638644341],[3.177416919067966,45.687820939921892],[3.177630351628649,45.687868329410477],[3.178016028334441,45.687939759611311],[3.178385046915333,45.688024722170439],[3.178750252881788,45.688122296385892],[3.179049890373994,45.688206466341853],[3.179465312077479,45.688336375951259],[3.17986529142624,45.688458204306706],[3.180062057962419,45.688515521157676],[3.18019450702928,45.688549527896321],[3.180269071303556,45.688562915916776],[3.180375753502847,45.688575351985548],[3.180700922081923,45.688607248450765],[3.181047894923526,45.688627402613868],[3.181232925780164,45.688631607561106],[3.181297194040248,45.688639608542623],[3.181387167864722,45.688650269565976],[3.181472028959724,45.688669043133942],[3.181547925804358,45.688696835951291],[3.181618724752763,45.688737243750921],[3.181699876418569,45.688800146980917],[3.181831299738935,45.688912495806235],[3.182101865945272,45.689139881986122],[3.182204893769555,45.689212654851204],[3.182372268194666,45.689316840524697],[3.182414742451968,45.689339283936],[3.182461053483354,45.689356318196687],[3.182522848098885,45.689393138066968],[3.182576918826284,45.689425467986005],[3.182597559660621,45.689450648168282],[3.182619633944377,45.689520850367465],[3.182710025677945,45.689657577825017],[3.182761883919274,45.689797969672533],[3.182809852134363,45.689927561966904],[3.182900608091445,45.690174148091984],[3.183022484797285,45.69050622986169],[3.183121909058845,45.69065374817373],[3.183268254715098,45.691001998687476],[3.183392609749249,45.691305260467757],[3.183489914504585,45.691587854973321],[3.183624623060887,45.691912711342901],[3.183713399020877,45.692334895070495],[3.183099764369781,45.692504285014223],[3.183139999338116,45.692625785381672],[3.183231864241563,45.692817439781805]]]]}},
{"type":"Feature","properties":{"nom":"Saint-Georges-sur-Allier","nom_m":"SAINT-GEORGES-SUR-ALLIER","insee_com":"63350"},"geometry":{"type":"MultiPolygon","coordinates":[[[[3.260912496227867,45.731428665408608],[3.260958790175275,45.731429458765476],[3.261033278758472,45.731410376010281],[3.261114136882649,45.731378671567775],[3.261260427239748,45.731316198745027],[3.261415735039845,45.73125730679326],[3.261772596474982,45.731130409968422],[3.262196263147163,45.730991650284196],[3.262528793253427,45.73088641944603],[3.26278815931241,45.730808372931321],[3.263045030123059,45.730746540496014],[3.263322503294845,45.730690962804843],[3.26369122522068,45.730626166142244],[3.263849276258846,45.730604184587584],[3.263972696403352,45.730600293735058],[3.264138647036563,45.73061701443693],[3.264487363148534,45.730671126983331],[3.2646109040462,45.730692448926746],[3.264751164855789,45.730714631968198],[3.26499953726853,45.730758172601554],[3.265153933671298,45.730778520934827],[3.265318642590681,45.730804247743208],[3.265462718172185,45.730817416003326],[3.265633782872082,45.730827819021968],[3.265845971941656,45.730833622364706],[3.266085132755689,45.73083305821514],[3.266385956091162,45.730820641493544],[3.26671890283052,45.730803645523288],[3.267041549842336,45.730783971487433],[3.267360356611768,45.730767907602647],[3.2675981790265,45.730756537510594],[3.267859080472872,45.730731604708126],[3.26806725483519,45.730704995688917],[3.268262597136249,45.730683819769538],[3.268506821804629,45.730667029573667],[3.268747197657918,45.730652049006807],[3.268973442653635,45.730639803114713],[3.26914315153507,45.730635796167853],[3.269280658238999,45.730620159478995],[3.269515767572729,45.730579976067752],[3.269664793577788,45.730553505466965],[3.269866502227681,45.730519704648216],[3.269933311253676,45.730508738815132],[3.270137639568155,45.730484836653773],[3.270248174575504,45.730475566847346],[3.270259746795951,45.730475539109648],[3.270324032507435,45.730474484507972],[3.270385786238156,45.730481540371976],[3.270585710487679,45.730345986917641],[3.27075872462744,45.730229408070578],[3.270988136457533,45.730076673731524],[3.271176582804905,45.729960957641758],[3.271256050029626,45.72990943842558],[3.271338013569882,45.729842604777097],[3.271524955954488,45.729682767601304],[3.271728559302661,45.729512084054953],[3.27195527435994,45.729335040949415],[3.272101263494987,45.729214923248804],[3.272272887593567,45.729078534595132],[3.27248675922327,45.728905123401042],[3.272695450942339,45.728724520390323],[3.272826087719308,45.728620647739682],[3.272943915328151,45.72852671136198],[3.273083529218525,45.728418314218004],[3.273215463641507,45.7283171394484],[3.273349986884816,45.728219560216395],[3.273426909251194,45.728174349080561],[3.273588454720916,45.728081206487758],[3.273739789466936,45.728003396822707],[3.273941209767708,45.727913758870883],[3.274227381116191,45.727802302637429],[3.274459684415451,45.727717991589991],[3.274648352481572,45.727649995228354],[3.274820350280929,45.727591044108792],[3.275078406759923,45.727514773436177],[3.27538013703789,45.727430291075237],[3.27562157624657,45.727373870573892],[3.275825733326425,45.727318441262838],[3.275969550687236,45.727281169140483],[3.276054242400777,45.72724764358864],[3.276132518869723,45.727216835162366],[3.276219759348564,45.7271788007818],[3.276400623558066,45.727093711245487],[3.276562264436107,45.727021275467507],[3.27671747629116,45.72694885523665],[3.276830412295153,45.726907155342737],[3.276901018627493,45.726885370137602],[3.276933134532719,45.726879888301319],[3.276943415769688,45.72687896255453],[3.276997393385689,45.72687432748878],[3.277084772591785,45.726864207358247],[3.277204217976093,45.726838699952893],[3.277438010724042,45.726796702230608],[3.277843939678073,45.726724563693459],[3.278134239455112,45.726669818361827],[3.278386021690043,45.726625973304664],[3.278541456816646,45.726598574623218],[3.278658329533227,45.726573072030675],[3.278817567028926,45.726534857661242],[3.278862507856705,45.72652304011045],[3.278911255838682,45.726501307707125],[3.27897281544704,45.726470538658106],[3.279354816468985,45.726498408533182],[3.28102138377483,45.726297959411269],[3.281243535894906,45.726243375906606],[3.28207924264905,45.725989150174968],[3.282270361130418,45.725900423570074],[3.282744314316455,45.725556148295816],[3.28448965719686,45.724931318242227],[3.284606597790974,45.724920217179566],[3.284562813050876,45.724656483397972],[3.284518695186298,45.724327914986489],[3.28446393600524,45.723930035497595],[3.284400090151815,45.723515069561323],[3.284350725153485,45.72316580302428],[3.284322254797048,45.722879518247204],[3.284310780140745,45.72264812064293],[3.284306746159317,45.722363575227114],[3.284302152133463,45.721970071655335],[3.284296647501288,45.72164951026781],[3.284311772529942,45.721340603260266],[3.2843283403626,45.721062309355183],[3.284335160410884,45.720888497142973],[3.284327964082355,45.720739033576265],[3.284318117957372,45.72057426832535],[3.284315005234351,45.720468918582021],[3.284334866067067,45.720331093175361],[3.284351083068122,45.720234699600525],[3.284384053977442,45.72014636818988],[3.284424659416361,45.720042709139641],[3.284479354878068,45.719929109104299],[3.284558359814453,45.719792935375935],[3.284655172052504,45.719619796446963],[3.284702204330094,45.719516121069148],[3.28472876506937,45.719431407717295],[3.284746340835604,45.71934941853214],[3.28474837879894,45.719245856781107],[3.284742485647339,45.719099991931529],[3.284695943771989,45.71879934509613],[3.284650317191392,45.718426656565612],[3.284573590946547,45.717755983653198],[3.284557303213425,45.717588533240267],[3.284547855354205,45.71750120935701],[3.284498258578946,45.717106018522344],[3.284461204345148,45.716899899355731],[3.284415031634749,45.716670390395215],[3.284353026238289,45.716361678063791],[3.28431087282604,45.716163676151687],[3.28429493347082,45.716063761742177],[3.284288084983518,45.715981834243635],[3.284280764466205,45.715808057753854],[3.284283579551755,45.715605439961067],[3.284297894253856,45.71538928578827],[3.284322024926111,45.715082157171643],[3.284340413213371,45.714908315845328],[3.284343547426409,45.714767831199538],[3.284348254050654,45.714683173086684],[3.284344157046074,45.7146363578426],[3.284344027437764,45.714611144396152],[3.284330742646328,45.714527432160722],[3.284309726809062,45.714440137457117],[3.28427963437869,45.714337557280167],[3.284249717897303,45.714269195343931],[3.284215963727334,45.714204445044516],[3.284161545745343,45.71412083650182],[3.284087768018201,45.714021968367369],[3.283959744189049,45.713872809314054],[3.283812375186804,45.713711091944432],[3.283626292440103,45.713519755577956],[3.283477639949641,45.713358041008988],[3.283334116090931,45.713193611880783],[3.283206216076632,45.713067864464506],[3.283087378917522,45.712954701028835],[3.282994337605959,45.712858582050018],[3.28291675813944,45.712769628121087],[3.282857192771407,45.712684230901765],[3.28280007866666,45.71257541471698],[3.282761043000555,45.712482762004171],[3.282744075269177,45.712432377033416],[3.282736220298341,45.712404481494502],[3.282721666897169,45.712323473746615],[3.282717267699406,45.712217226760757],[3.282721654438039,45.712069535120243],[3.282726156210873,45.711944355484349],[3.282730502790315,45.711537322348192],[3.282722281121609,45.711186151230642],[3.28269330996929,45.710799012501226],[3.282675325911076,45.710549621433337],[3.282660740879216,45.710462310327465],[3.282640996152772,45.710371410193041],[3.282612102355722,45.710250816775151],[3.282563813766569,45.71010775968692],[3.282519528562603,45.7099935082747],[3.282468844514955,45.709884675832541],[3.282378099698815,45.709733620641813],[3.282309476874127,45.709635638971733],[3.282239610325272,45.709545764799245],[3.282224094665096,45.709527793821778],[3.282168472469457,45.709458595241848],[3.282125731081854,45.709394767342062],[3.282102251077225,45.70932728925181],[3.282090389415343,45.70926968748504],[3.282085133389222,45.709247188352798],[3.282045251935596,45.70898794661592],[3.282016966064088,45.70873407880493],[3.281954794777022,45.708388445641788],[3.281921423564417,45.708145396437956],[3.281902709199696,45.708004066097679],[3.281887818640464,45.707856422752407],[3.281884463495102,45.707702447116567],[3.281879937803862,45.707570986694265],[3.281878143251063,45.70747103664025],[3.281872635139938,45.707399011106865],[3.281852911152551,45.707311712772999],[3.281799362208033,45.707144355286282],[3.281714472230074,45.706879823058522],[3.281670081331568,45.70674395982131],[3.281637267041534,45.706609868622188],[3.28162139027391,45.706520759657487],[3.281610649944978,45.70643073736548],[3.281583959688913,45.706237198427431],[3.281550348521373,45.705946423719737],[3.281535867291856,45.705878923051657],[3.281518852298031,45.705818632641389],[3.281500707896893,45.705788961752319],[3.281424531325116,45.705720714664487],[3.281294050431121,45.705588668202793],[3.281166094836598,45.705447610380503],[3.281058730809517,45.70531190401212],[3.280969428897943,45.705189659882741],[3.280885208792618,45.705055696633785],[3.280780265818874,45.704890267764831],[3.280693357435263,45.704732898305281],[3.280565040029832,45.704519801428184],[3.280441941983323,45.704321999771523],[3.280313558063444,45.704095395418086],[3.280183803367014,45.703851685002185],[3.28006968618509,45.703650258662513],[3.279940001950612,45.703420055169211],[3.27986736267028,45.70328786340324],[3.279832234961774,45.703203304477917],[3.279808942545729,45.70317184512713],[3.279763624745418,45.703105321302118],[3.279642172878442,45.702977753017365],[3.279545307948302,45.702883441783975],[3.279360720668082,45.7027236121193],[3.279164449943915,45.70254039833479],[3.279063712975053,45.70244249432227],[3.278992607419043,45.702358924722148],[3.278847817585725,45.702189990789357],[3.278798691692258,45.70213248091757],[3.278622946335671,45.70194111100821],[3.278452401646494,45.70176143436143],[3.278240602569185,45.701555745093216],[3.278061082532482,45.70137969198867],[3.277918913581187,45.701219755328644],[3.277843897180326,45.701124488283483],[3.277769088991028,45.701070643253182],[3.277713431151273,45.700991537239318],[3.277683597788933,45.700936680818195],[3.277666606588858,45.700879991765866],[3.277611518372967,45.700914346138354],[3.277517894684744,45.700952397353163],[3.277434551800989,45.700990423179952],[3.277313981013711,45.701036644980128],[3.27709723356383,45.701124525758125],[3.276997197087387,45.701165293779788],[3.276904803593629,45.701192535570691],[3.2767854089323,45.701217142135306],[3.27668267572715,45.701232702759086],[3.276513107083406,45.701246626323247],[3.276343511369077,45.701255146753908],[3.276213731940584,45.701259066890017],[3.276038937245747,45.701255893225401],[3.275840951998196,45.701241069677465],[3.275617228526281,45.701219104809105],[3.27543847552134,45.701195228608114],[3.275313706713304,45.701173021230289],[3.275205608739927,45.701143569077907],[3.275097501927135,45.701112315862353],[3.274916009230193,45.701054226876131],[3.2747384482789,45.701011436354783],[3.274532597171167,45.70096511251478],[3.274304872664257,45.700913438600992],[3.274099053510993,45.700873417327863],[3.273863659223056,45.700829865595495],[3.273647573163009,45.700792569921937],[3.273520262467605,45.700775769679218],[3.27340458014844,45.700771547949628],[3.273256801185019,45.700773707369713],[3.273107799325899,45.700788476428045],[3.272910025292521,45.700815970283116],[3.272675067089002,45.700860663091923],[3.272469568591815,45.700885473391736],[3.272441313808814,45.700889143666615],[3.272353965909888,45.700897459221032],[3.272045755308348,45.700942327730978],[3.271869867000021,45.700977871336931],[3.271696619451003,45.701027816149981],[3.271365571355956,45.701133070722456],[3.271128141806616,45.701198477534327],[3.270921470880292,45.701246700581798],[3.270644183839385,45.701308600224465],[3.270391282765046,45.701364137240972],[3.270232103096447,45.701400538684645],[3.269979223158118,45.701460577176668],[3.269808476781307,45.701497005731063],[3.269664726681201,45.701535170410004],[3.269518401735014,45.701572440572875],[3.269310359598125,45.701603554620164],[3.269117690632646,45.701624726176071],[3.268954500772292,45.70162961822146],[3.268806636220359,45.701614662685095],[3.268549413207216,45.701574753880671],[3.268306335726611,45.701536611793003],[3.268103110669868,45.701501075847958],[3.267852240223793,45.701445842004141],[3.267711978298699,45.701408354702231],[3.267354260482616,45.701315552933274],[3.267197314357811,45.701282607025881],[3.267090557778065,45.701263949803071],[3.266967107704022,45.701248033498871],[3.266864280472461,45.701244675089804],[3.266264054275041,45.701230786553204],[3.265853987577032,45.70120834195486],[3.265490172636128,45.701183085438586],[3.265263883267179,45.701161106071488],[3.265135274239293,45.701945735814135],[3.265014324670442,45.702183749767045],[3.264884089161236,45.702361452563125],[3.264631384229777,45.702460199709286],[3.264224950183971,45.702661962731675],[3.263606382050938,45.703117258485683],[3.262835506839632,45.703436932110982],[3.262695065466781,45.703632665979313],[3.262554550453755,45.703813091508124],[3.262353801526164,45.704029676715749],[3.262167068673948,45.70422101522972],[3.262014855736617,45.70437445258581],[3.261815417689959,45.704597337218331],[3.261705559128459,45.704738969377047],[3.26162780891029,45.704876024442243],[3.261592231835102,45.704962554107986],[3.261558080347933,45.705078796638091],[3.261531827306841,45.705234642408335],[3.261514464243242,45.705367955284373],[3.261070885132619,45.705331163120427],[3.260483531833237,45.705330721226851],[3.260421420829224,45.705514564809469],[3.2603439036388,45.70570204591116],[3.260249597431375,45.705872456413381],[3.260110459832355,45.70607538797131],[3.259882043189287,45.706151556114357],[3.259703932412123,45.705718830801082],[3.259207741779868,45.705700162331439],[3.258933684965716,45.705635957016405],[3.258807660824655,45.705895587716647],[3.258586466298322,45.705867279763154],[3.258589715903148,45.705737601695731],[3.25857758908928,45.705617864303655],[3.258563249604436,45.705574673666639],[3.258534776895003,45.705532415941015],[3.25848047357041,45.705463202744752],[3.258406656549703,45.705343606809166],[3.258336581967328,45.705199689010023],[3.258291296734586,45.705134957504761],[3.258271942857903,45.705118793034195],[3.258207514070576,45.705082921055102],[3.258078791164625,45.705039992368093],[3.25796166894487,45.705004240904131],[3.25778800602184,45.704970419645306],[3.257633600485734,45.704932051646608],[3.257504882567344,45.704890022785222],[3.25737879809663,45.704861495116972],[3.256938993596185,45.70480576779174],[3.256344819333074,45.704718872832224],[3.25604384395182,45.704668229091965],[3.255674645213587,45.704594326601821],[3.255687006159989,45.704488040718218],[3.255708084585908,45.704321402213914],[3.25574599108577,45.704180839734555],[3.255806764324654,45.703982593972256],[3.255820718181162,45.703942940731885],[3.25560737307263,45.703942524332035],[3.255219217688309,45.703937100608513],[3.254936489142621,45.703940442007436],[3.254793858332093,45.703946167509841],[3.254620432741708,45.703962768292946],[3.25438412395504,45.703999321551251],[3.254191519545294,45.704037576725355],[3.253986075374761,45.704078561977852],[3.253767762472179,45.704115973873122],[3.253673993107213,45.704126990862036],[3.253614870201866,45.704126223438465],[3.253542874756972,45.704120982494615],[3.253438716561842,45.704108609918123],[3.253411731687997,45.704109571089923],[3.253396325900069,45.704113207690725],[3.253378390968858,45.704125854876374],[3.253311895002811,45.704198944055356],[3.253254448806328,45.704283719229565],[3.253220041176835,45.704347731340022],[3.253185785940279,45.704445061230345],[3.253166973591974,45.704546858870827],[3.25314437972959,45.704664873824406],[3.253118008428866,45.704800006570032],[3.253084086392898,45.704970275381093],[3.253069635959012,45.705182823496273],[3.253065899763494,45.705208946099283],[3.253054435789722,45.705231484093922],[3.253061269529489,45.705601570191824],[3.252768373971215,45.705631943665352],[3.252449753015539,45.705657871554592],[3.252149088003106,45.705675653959219],[3.251879280551595,45.70569606807075],[3.251597774806219,45.705687691969445],[3.251353548911209,45.705681033006819],[3.25108872674998,45.705667215483537],[3.249377923440774,45.70563409396852],[3.248831081348631,45.705782983029486],[3.248844485765375,45.705619964744372],[3.248259756781547,45.705345704396223],[3.248282510863422,45.705261008215068],[3.248292622868273,45.705223165359676],[3.24833578264503,45.705103305102085],[3.248372597031506,45.705001468611748],[3.248443954220546,45.704864436858315],[3.248563821147303,45.704654358395643],[3.24867987204387,45.704453293126186],[3.248836959202129,45.704232326359254],[3.248949424131658,45.704091601554701],[3.24877271332165,45.703949714371454],[3.247923565846925,45.703745373452243],[3.24805758946282,45.703539766847889],[3.246999460970424,45.703158482307266],[3.247129691440236,45.702966392479297],[3.246394366847514,45.702632119917112],[3.246154710770918,45.702493968233107],[3.245790925413566,45.702185894297749],[3.245454155995363,45.701883163301488],[3.244705164270662,45.701358906263067],[3.244268865127301,45.701505732134407],[3.243857072494734,45.701673214545373],[3.243547850597339,45.701786444448125],[3.243312848730804,45.701827474113223],[3.243122798678531,45.701862102890694],[3.242981552054482,45.701889422214087],[3.242931463248805,45.701896734118129],[3.242869772597156,45.701895966598329],[3.242787535520604,45.701898845270541],[3.242684763849038,45.701908071532849],[3.242496033787911,45.701950800815219],[3.242291972431417,45.70201427400383],[3.242100801447681,45.70208672402552],[3.241901982082076,45.702173597972532],[3.241826300155557,45.702206178025406],[3.241789204048514,45.70224587916227],[3.241635666684043,45.702401993167889],[3.241445027933487,45.702596907509488],[3.241253287227171,45.702834146895903],[3.24111156435599,45.703047866225745],[3.241061658656605,45.703097499913731],[3.240927406207356,45.703256273169785],[3.240841707402308,45.703350107263923],[3.240734132894253,45.703437684597695],[3.240702179800939,45.703478274879956],[3.240692027666035,45.703508012718707],[3.24066271536316,45.703564806161921],[3.240632000325433,45.703594587905648],[3.240520561637244,45.703680372307034],[3.240436044922252,45.703750790840807],[3.240395118619494,45.703796803117335],[3.240250935591944,45.703741280231874],[3.239898295788108,45.70362676879099],[3.239546669703498,45.703449219829132],[3.239349733948691,45.703379400082881],[3.23904221549112,45.703296307266584],[3.238814541767657,45.703250864999731],[3.238564946751595,45.703188359381279],[3.238449149519371,45.703157987811643],[3.23819707804377,45.703117098367393],[3.23800034660281,45.703094101290183],[3.23786010847836,45.70305837779398],[3.237718515726386,45.703006448171408],[3.237633567164555,45.702976911178844],[3.237400666388279,45.702910765827184],[3.237269390498215,45.70286691831339],[3.237151020466831,45.702835650340894],[3.237012138142144,45.702816131748662],[3.236978704665868,45.70281169961202],[3.236866837821977,45.702798427454155],[3.236730579952855,45.702791509850549],[3.236477395605373,45.70279024043726],[3.236373289899712,45.702788657865455],[3.236206261309405,45.702798913462615],[3.236151107011275,45.702824242754232],[3.236076871189825,45.702895536950898],[3.235982575683022,45.703084837213417],[3.235903751507453,45.703285811375331],[3.235864448613162,45.703411962155428],[3.235830194131646,45.703516490612614],[3.235808676180472,45.703593977728154],[3.235796307948805,45.703707465272466],[3.235785036807466,45.703776826539503],[3.236305801527955,45.703837869555294],[3.236097778731609,45.704482155509204],[3.235915853599896,45.704918373396062],[3.235863295195978,45.705251664521029],[3.235771638646038,45.705759732398619],[3.235492985602786,45.706722938341599],[3.235406197697835,45.706866297497648],[3.235273235767528,45.707032265227518],[3.234738348663095,45.70728461715855],[3.234887083200204,45.707503126252114],[3.234772839366211,45.707537582896023],[3.234519904370683,45.707600243282251],[3.234160496883632,45.707711750801927],[3.234124585398915,45.707729835199906],[3.23410282716783,45.707751492147437],[3.234096492237716,45.707773117056377],[3.234094043616652,45.707801937809791],[3.234138425226776,45.707963033258999],[3.234216613360259,45.708215908386492],[3.234263524295547,45.708367093150024],[3.234336183321267,45.708528129750391],[3.234397168259724,45.708663976875123],[3.234404956352722,45.708681970471311],[3.234268535582431,45.708639931100294],[3.234110234507694,45.708590733098752],[3.233975088055411,45.708545989257793],[3.233851520882021,45.708503922699244],[3.233757591723332,45.708479804331709],[3.233723014358674,45.708509592199675],[3.233687311422277,45.708577202955787],[3.233627324662,45.708677281668237],[3.233573779391859,45.708780948958406],[3.233516454034945,45.708902633848595],[3.233452709497883,45.709026132985841],[3.233417047691655,45.709103648958482],[3.23338898747016,45.709155034978878],[3.233381381986617,45.709180264438459],[3.233357063670078,45.7092046280125],[3.233318572737484,45.709220916514255],[3.233264608694915,45.709225530662081],[3.233204240867309,45.709235560972374],[3.233150318547158,45.709250080365408],[3.233100339401215,45.709285302839795],[3.23306071477117,45.709337613184744],[3.233017366877397,45.709421448351996],[3.232940767451128,45.709544973776531],[3.232862946800076,45.709683809997124],[3.232800470069956,45.709803704189042],[3.232709833313044,45.709951571672796],[3.232693355110806,45.710006535565583],[3.232691095044475,45.710080380386984],[3.232697877749058,45.71016501241602],[3.23269051801153,45.710248773153616],[3.232676720209116,45.710329845712863],[3.232667984183504,45.710391997537705],[3.232664491750466,45.710478451760558],[3.232667486611176,45.710579300427973],[3.232654856634726,45.710632455393572],[3.232622942683793,45.71068474967003],[3.232588386046356,45.710719940085909],[3.23251669437642,45.710788525225546],[3.23245908081572,45.710842673449299],[3.232374546679273,45.710913986453711],[3.232278481974312,45.710994328055243],[3.232479556874177,45.711127185978022],[3.232521138633331,45.71123425848527],[3.232511476492836,45.711381958740148],[3.232410542116936,45.711527145765103],[3.231990710135121,45.71194943988727],[3.231957418800492,45.711980125056989],[3.231933098625957,45.712004488328454],[3.231888571024892,45.712114439700606],[3.231737832016702,45.712338071190693],[3.23169582172629,45.712435410454873],[3.231572085566213,45.712661687683884],[3.231530089814292,45.712762628816769],[3.231517872812653,45.712914836692882],[3.2316246511804,45.712936229074323],[3.231715948285566,45.712944145834086],[3.231757084754563,45.712944961749344],[3.231920341470493,45.712947327422981],[3.232317472356658,45.712933002245876],[3.232539800519676,45.712921737906171],[3.23267472166868,45.712910653593916],[3.23286098277738,45.712881453269418],[3.233774137665491,45.712699465075332],[3.234118313743255,45.712625811032858],[3.234164530578328,45.712612207678028],[3.234499899793943,45.712887060365205],[3.234774629154142,45.713108008991924],[3.235125991939623,45.713515198552514],[3.235068990697141,45.714015989886704],[3.235030745745946,45.71439337496269],[3.235026725046394,45.714657226931315],[3.235484420903678,45.714675181962107],[3.235660651826285,45.715307858194613],[3.23574627474183,45.715793043336262],[3.235964560359573,45.716338283644689],[3.236055963567193,45.716972037380728],[3.235892940574336,45.717027308556801],[3.236033896536589,45.717825748353661],[3.23671041614084,45.717603709640038],[3.236660287986093,45.718206242909787],[3.236702899792768,45.719151668314829],[3.236693296716817,45.71991170238141],[3.236688895841952,45.720385369594212],[3.237285852051165,45.720489472025889],[3.237525126963916,45.720525888232558],[3.237729660743215,45.720555173276686],[3.237921335125308,45.720583584600654],[3.2380615440837,45.720602198898675],[3.238152874150537,45.720614612860309],[3.238282771508212,45.720626945233541],[3.238510345462081,45.720632767405988],[3.239120978055961,45.720627871840392],[3.239176253885687,45.720626854086703],[3.239182681760419,45.72062684044873],[3.239266283086317,45.720635667944677],[3.239673931366823,45.720662717197612],[3.24052390054269,45.720707732405117],[3.240853086615205,45.720725039380596],[3.241045974203489,45.720736333482762],[3.241173281704048,45.720744165611968],[3.241346905403739,45.720760002863734],[3.2416247593911,45.720798128757885],[3.24202739379845,45.720853995953604],[3.242095592607513,45.720868257364522],[3.242364503828779,45.72091900751218],[3.242880516322976,45.721030458276395],[3.243301342023197,45.721129505289447],[3.243829043794005,45.721267040724847],[3.244055589678339,45.721330485342683],[3.244347856452781,45.721428906215664],[3.244499855019872,45.721496113464362],[3.244745889779285,45.721605439460568],[3.244814161961382,45.721635907906368],[3.244886298989255,45.721668168897239],[3.244980295283241,45.721701282832605],[3.245116704530382,45.721731603006234],[3.245354660429088,45.721758100088806],[3.245907524869505,45.721769502336514],[3.245994953758935,45.72177111257308],[3.246073399470304,45.721776344314165],[3.246137731632655,45.721787910252772],[3.2462213678936,45.721803936448417],[3.246240639895595,45.721801192881927],[3.246657190964423,45.721803884210232],[3.24774249709469,45.721859135778743],[3.2486914746411,45.721902070856167],[3.248879180943764,45.721903457598003],[3.24892933166345,45.721906048342781],[3.249003884543924,45.721903182222775],[3.249298945425604,45.722048409649382],[3.249574642425995,45.722175669358464],[3.2498322973642,45.722293062980754],[3.250241680511804,45.72241552226707],[3.250603375171404,45.722511071359051],[3.250869718693135,45.722559105493069],[3.251021487157921,45.722573175515549],[3.251337774125593,45.722577873754446],[3.251538318508067,45.722574724995667],[3.251715660241963,45.722558120323114],[3.251903237603646,45.722530686607065],[3.25213448063181,45.722493249524739],[3.252379807604185,45.722443173562603],[3.252513359601897,45.722409556326603],[3.252596813581581,45.722385056106333],[3.252651996307546,45.722363320660769],[3.252712292645066,45.722335270287289],[3.252807218159903,45.722289132407667],[3.252872669138106,45.722263771862103],[3.252936834444577,45.722238414163066],[3.252959926032925,45.722227556457263],[3.253009957776577,45.722204031411756],[3.253065127798848,45.722179594318561],[3.253119016283717,45.722156060566846],[3.253171668577138,45.722143335459187],[3.253319377562665,45.722113287436862],[3.253631441876786,45.722038745501933],[3.253824051505056,45.721987884492727],[3.253988410558867,45.721944290735323],[3.25413990917792,45.721899825239333],[3.254195090813327,45.721878089039123],[3.254261793153799,45.721845520934274],[3.254541731244968,45.721774650893337],[3.254591811646861,45.721761930928253],[3.254916545636299,45.721647735203987],[3.255155139251672,45.721532833051526],[3.255344866888423,45.721415339614069],[3.255447381566536,45.721343068071171],[3.255515293233182,45.721294287641115],[3.255580687697689,45.72125721926227],[3.255652522500902,45.721222837713746],[3.255735944153801,45.721192031799397],[3.255879729956143,45.721148481947402],[3.256010722201804,45.721118468333991],[3.256168732439706,45.721092895632147],[3.256382031004957,45.721068997963691],[3.256641668899183,45.72105760128261],[3.257122515006295,45.721064609994762],[3.257168850468126,45.721076210687301],[3.257201023579798,45.721083341217543],[3.257225516694117,45.721097693192569],[3.257235839066404,45.721105774060049],[3.257246224265192,45.721127362151726],[3.257250269495614,45.721167875026218],[3.257246634916682,45.721492060168138],[3.257249767559264,45.721889169667762],[3.257266874439065,45.722250227636223],[3.25727683750412,45.722733768734493],[3.257279409485729,45.72328666454959],[3.257248357794312,45.723797314018114],[3.257193439199503,45.724152232930479],[3.257181420121204,45.724332358631649],[3.25718882830668,45.724543056724414],[3.257211367244293,45.72468978540801],[3.257241193112676,45.724744647334738],[3.25729817313772,45.724832765468278],[3.257186684008176,45.724911362614634],[3.25723460156342,45.724985994082964],[3.25726055382967,45.725037262878445],[3.257280081944456,45.725089446820228],[3.257309024615266,45.72523075792769],[3.257390966398472,45.725709632352213],[3.257459884883978,45.726152516814778],[3.25748001728977,45.726334370128463],[3.257482045063163,45.726493752501113],[3.257465963852921,45.726629763451022],[3.257430747712755,45.726798235789211],[3.257374955624996,45.726965854599563],[3.257342063219479,45.727081192604523],[3.257321939955697,45.727177591134101],[3.257307047519388,45.72729288804608],[3.257296607129109,45.727536044603866],[3.257295740796439,45.727902546667593],[3.257294694301062,45.728230328010227],[3.257270839277895,45.728630200740447],[3.257254095315744,45.728900386447656],[3.257222206733004,45.729231840143619],[3.25718053823793,45.729672275642706],[3.257172463224902,45.729871302732647],[3.257179964250583,45.730101811507744],[3.257198342265251,45.730459264812666],[3.257231534634,45.730960763012682],[3.25726540178879,45.731330787874704],[3.257276731557884,45.731554984486742],[3.25728787288153,45.731738659398154],[3.25727606193874,45.731963809309647],[3.257249972576527,45.732160176060596],[3.257208339779797,45.732332264984798],[3.25735861195153,45.73229500192592],[3.257605137674247,45.732217897157923],[3.258080160083277,45.732058324317826],[3.258351081009057,45.731973958139704],[3.25871948869729,45.731838940115622],[3.2590327050693,45.731725659497563],[3.259303614466926,45.731639490068034],[3.259560408500123,45.731559655924414],[3.259822345096627,45.731479809344464],[3.260012401796103,45.731427142693711],[3.260202487793598,45.731380779097861],[3.260315542796836,45.731359806825772],[3.260399087393203,45.731352409976715],[3.260492931277029,45.731347690747434],[3.26058554024248,45.731353780197352],[3.260684637775104,45.731372461457006],[3.260801821849983,45.731409110635163],[3.26086230657592,45.731419776618239],[3.260912496227867,45.731428665408608]]]]}},
{"type":"Feature","properties":{"nom":"Le Crest","nom_m":"LE CREST","insee_com":"63126"},"geometry":{"type":"MultiPolygon","coordinates":[[[[3.118038382693237,45.698414670496859],[3.118078071689601,45.698345291488771],[3.11811783747797,45.698311931828769],[3.118170444204297,45.698274056259237],[3.118229489623218,45.69824247731227],[3.118300112053549,45.698216289097431],[3.118384871982795,45.698190986472682],[3.118487618783384,45.698163863900405],[3.118583959497643,45.698145752836588],[3.118686694527404,45.69811322717873],[3.1187997098808,45.698080690589478],[3.11887673969778,45.698046390883313],[3.118910098871655,45.698022042562705],[3.118953699727499,45.697979673700203],[3.118969068090377,45.69795534435243],[3.118980558047729,45.697920213265171],[3.118986898104381,45.69788058518462],[3.118985551088808,45.6978517710535],[3.118985469760275,45.697813950725561],[3.118978955444341,45.697772535246102],[3.118959561624347,45.69771762607332],[3.118918265940027,45.697636625918271],[3.118896340838647,45.697599729127084],[3.118883420744782,45.697567325261808],[3.11888337624617,45.697546614130218],[3.118894769427768,45.697466458853818],[3.118917712448964,45.69737908750038],[3.118950978283383,45.697311515938409],[3.119038047014477,45.697165545260347],[3.119050864421023,45.697150223457356],[3.119086731028214,45.697097056884267],[3.119126425519647,45.697031279449298],[3.119157060717078,45.696935795543077],[3.119171038945664,45.696862841395962],[3.119182429630204,45.696781785610526],[3.119191277390223,45.696713339317832],[3.119239920066096,45.696625940715556],[3.119273254931404,45.696590786482957],[3.119319420537738,45.696546613795107],[3.11960327758139,45.696485079814167],[3.119990308321666,45.696595428120553],[3.120342648885749,45.696707613125938],[3.120509778441777,45.69674255346451],[3.1206935585407,45.696752262114337],[3.12092360353535,45.696763721797417],[3.121053406811429,45.696770786314062],[3.121140841745047,45.696795005472126],[3.121184627279594,45.696838181720096],[3.121224581473141,45.696892167905368],[3.12124023857429,45.697000209383269],[3.121244290977862,45.697090253626172],[3.121265025162553,45.697169474086053],[3.121328114263207,45.69722523630913],[3.121414312420582,45.697271068253507],[3.12153392170214,45.697316864101872],[3.121757722362321,45.697409372565396],[3.12189025603169,45.697488472055369],[3.121998384179502,45.697572100246191],[3.122120612382407,45.697639504304654],[3.122258191806798,45.697675374563502],[3.122447157343009,45.697703984939487],[3.122722155340796,45.697702785294204],[3.123000982443996,45.697689874478833],[3.123227088436327,45.69766171237567],[3.12339660602819,45.697612900620427],[3.123514683391755,45.697547035770228],[3.123645562596023,45.697459545083383],[3.123791896102185,45.697387345531581],[3.123939598978048,45.697352964699654],[3.124127194401101,45.697343753348015],[3.124363675854196,45.697358800866205],[3.124498665694737,45.69738566638658],[3.124570711011766,45.697422506694835],[3.12468919038202,45.697535836905971],[3.1247742062623,45.69762579141338],[3.124815372384829,45.69764555651787],[3.124883504173842,45.697656286864252],[3.124913064287012,45.697658055072317],[3.125005548916002,45.697640843276368],[3.12520074538052,45.69758299545429],[3.125302247529594,45.697575678742659],[3.12536782556118,45.697593615524994],[3.125410319776171,45.697632289143691],[3.125470853699075,45.697692554328832],[3.125532646243385,45.697741111759733],[3.12559950550558,45.697757246008102],[3.125647058411088,45.697759894453441],[3.12578068906652,45.697753441968203],[3.126020929421953,45.6977252584797],[3.126302202634296,45.697658307589585],[3.126526918816509,45.69758511611289],[3.126657818082752,45.697508427733339],[3.126721882517897,45.697426411465791],[3.126739677135811,45.697340845268485],[3.126721513370558,45.69726522486026],[3.126677659269558,45.697194135764072],[3.126601557894968,45.697069954204643],[3.126569318809713,45.697020463684311],[3.12657693217845,45.696978132284634],[3.126607688415747,45.69694117780088],[3.12674112516231,45.696850979183424],[3.126920855410698,45.696775136052295],[3.127051841122672,45.696737168022267],[3.127175170325767,45.69672262112045],[3.127303664418523,45.696718874082045],[3.127445060580665,45.696737624458493],[3.127582674434194,45.696787895954607],[3.127726819679428,45.696884084672867],[3.12785814633951,45.696993795045813],[3.127974092699183,45.697120631972567],[3.128084953642455,45.697270887202777],[3.128154485348357,45.697331140719584],[3.128253525103908,45.697370649430354],[3.128339662388308,45.697387660595659],[3.128439889176065,45.697384844940444],[3.128558060473138,45.697362198028962],[3.128787939863083,45.697300702469789],[3.129046087428404,45.69723827358569],[3.129174544752476,45.697218315705733],[3.129277343365243,45.697216396843203],[3.129364742601741,45.697223500428926],[3.129440624990786,45.697251328359442],[3.129497246658306,45.697285481778692],[3.129521774073305,45.697333179357294],[3.129533457464452,45.697383593154754],[3.129527156637073,45.697436729083691],[3.129487531116101,45.697526823246172],[3.129436363236617,45.697626836002442],[3.129430068607392,45.697682673378267],[3.129422509980568,45.69774751706796],[3.129466387009285,45.697826709452954],[3.129548790400458,45.697895051701096],[3.129765033748112,45.698046084577037],[3.129862788764518,45.698084692871426],[3.130019675548811,45.698131337245051],[3.130159808129884,45.698157289570155],[3.130433690849561,45.698227210811574],[3.130543020686469,45.698269407063918],[3.130586810473709,45.698310778695067],[3.130597190851431,45.698353089520559],[3.130594733371527,45.698400818141884],[3.130567885174251,45.698459380862722],[3.130528184141819,45.6985170579797],[3.130520588453276,45.698565693037828],[3.130546404510118,45.698614289393177],[3.130592747707449,45.698648454174787],[3.13068663001596,45.698678961869327],[3.130829349340488,45.698711213769016],[3.130910381180014,45.698741736196268],[3.130933569984263,45.698766022385485],[3.130986370883506,45.69881368679728],[3.131054537300107,45.698837920671082],[3.131130401412232,45.698856742628422],[3.13119982312581,45.698868368145128],[3.13127185133468,45.698895298850417],[3.131343883888781,45.698924030477428],[3.131374809068721,45.698959113395027],[3.131383855915167,45.698980714519664],[3.131389103134504,45.699025732718866],[3.131390501542687,45.699073456864667],[3.13140343572832,45.699108560750588],[3.131434367466273,45.699146345103891],[3.131493530365145,45.699166987269003],[3.131523102198952,45.699173256162545],[3.131613089969915,45.699186658392634],[3.131690218399484,45.699196473634053],[3.131777653242832,45.699217082607127],[3.131826544270408,45.699241338554771],[3.131889575543821,45.699267378905141],[3.13194741071079,45.699270012659014],[3.132007783823406,45.699259136114598],[3.132074528587371,45.699225739910858],[3.13211815471332,45.699197773693207],[3.1321707699056,45.699167095456644],[3.132219562077629,45.699149928976773],[3.132250397541554,45.699147191333189],[3.132353247019078,45.69916508030888],[3.132481895203067,45.69922346075019],[3.132642789464903,45.699331329844668],[3.132693015726715,45.699376295032422],[3.132743257192625,45.699427563584898],[3.132784446951376,45.699455430135238],[3.132816602229408,45.699467098564028],[3.132889858698626,45.699469713657571],[3.132950218861548,45.699453433704996],[3.133001581217583,45.699436263853798],[3.133124932204752,45.699428914308058],[3.133281738785719,45.699439534790649],[3.133506668073245,45.699455477285923],[3.133623582728129,45.699443632387464],[3.133692957834071,45.699435445724355],[3.133737870569854,45.699408377838424],[3.133773726704729,45.699356107066684],[3.133776166244732,45.699302074986058],[3.133760660343087,45.699266974422848],[3.133662682987427,45.699138321124877],[3.133560868246298,45.699016876182803],[3.133506738577167,45.698952105306837],[3.133495099031136,45.698921502559422],[3.133495044716955,45.698898990464336],[3.133529654794466,45.698862930002925],[3.133586191499048,45.698860161535606],[3.133671023738175,45.698867264828912],[3.133777715313192,45.698879745028144],[3.133880516852888,45.698877821966022],[3.13397299418956,45.698857901357336],[3.134044853576453,45.698814592554477],[3.134097395318052,45.698754197454335],[3.134119134568411,45.698710047749906],[3.134170425998059,45.698664061886063],[3.134239782568236,45.698648671016564],[3.134316862623297,45.698638673816831],[3.134441509853347,45.698636724201187],[3.134554626499329,45.698649195998613],[3.134625366604793,45.698674325126852],[3.13467046455992,45.698723797990894],[3.134714325757373,45.698793083016334],[3.134774980753232,45.698898367396765],[3.13482907235737,45.698946928955216],[3.134901104630314,45.698974757824637],[3.134987255242806,45.69899536584542],[3.135081070214523,45.698997054398539],[3.135163290907595,45.69898705045761],[3.135268576894846,45.698950004179146],[3.13535204731454,45.698925590817609],[3.135409860251707,45.698919217956693],[3.135479254279544,45.698919134548078],[3.135547440441496,45.698950569574286],[3.135606631148615,45.69898201538485],[3.135692784243516,45.699003523350022],[3.135849632118654,45.699031249450634],[3.136036065721885,45.699070645944744],[3.136142804751428,45.699102034063948],[3.136230287662737,45.699141549741142],[3.136299730769033,45.6991612764701],[3.136398708581321,45.69917196254638],[3.136487370245983,45.699168253247976],[3.136604241415411,45.699139296065866],[3.136701762860435,45.699080646184534],[3.136790239583763,45.699002196496657],[3.136856903196246,45.698937280530068],[3.136872208264353,45.698890436646103],[3.136887493256573,45.698835488406644],[3.136902820550842,45.698797649356194],[3.136936161101628,45.698768793279854],[3.137000323240372,45.698731795348102],[3.137079944050607,45.698710086845189],[3.137184043625437,45.698713562108416],[3.13732547728568,45.698744006377623],[3.137445035812649,45.698762770829276],[3.137527287064699,45.698765371935714],[3.137612088310441,45.698759865490047],[3.137698149959399,45.698744452089457],[3.137776514593194,45.69873445095287],[3.137865202388593,45.698741546375004],[3.137971946311713,45.698774733728314],[3.138092844133238,45.698815107528262],[3.138209862169845,45.698845580606346],[3.138391134010588,45.698875974670948],[3.138463122914245,45.698885791589134],[3.138538924226909,45.698878494531378],[3.138586433606252,45.698863127842436],[3.138608180596369,45.698823479690198],[3.138607988855593,45.698746938576129],[3.138597600022713,45.698703728003913],[3.138591097988431,45.698673119461098],[3.138592301858771,45.698640700467884],[3.138628189007672,45.698602835893382],[3.138656424380163,45.698588393370919],[3.138706541985944,45.698588331691738],[3.138788829177297,45.698605339616201],[3.138867292856239,45.69863495900308],[3.138961218149397,45.698680768026229],[3.139031962559074,45.69870679487186],[3.139074387961241,45.698713946411353],[3.139165618851824,45.698710231833822],[3.139272209367034,45.698682185065174],[3.139396654614575,45.69860008692158],[3.139488922921731,45.698498217773292],[3.139565838281526,45.698423382160037],[3.139642817065942,45.69837376003678],[3.139709567521757,45.698344861731314],[3.139766078366992,45.698332184843473],[3.139854786257129,45.698347383052337],[3.139929449609545,45.698398618091204],[3.140020832599017,45.69845523522558],[3.140094149627272,45.698482158693984],[3.140162253473371,45.698480273031855],[3.140216162278219,45.698454992343969],[3.140348265735059,45.698353072916476],[3.140479081360104,45.698250254453271],[3.140556088821528,45.698212337993802],[3.140635718932889,45.698195129397391],[3.140648562642273,45.698192411907776],[3.140744996931879,45.698213903177042],[3.140840157698227,45.698239898388024],[3.140950743852867,45.698267675198231],[3.141007291051663,45.69826940542584],[3.141039367038099,45.698249554580777],[3.141071309842892,45.698177475677362],[3.141128834243003,45.698058539432481],[3.141169740026304,45.697973842465515],[3.14121075139668,45.697930567729159],[3.141273652243921,45.697904374779895],[3.141340447285809,45.697893485181005],[3.141438083509666,45.697882556835879],[3.141508779701979,45.697889671969861],[3.141534503745718,45.697898644527534],[3.141565402559476,45.697921117875481],[3.141579644111582,45.697962522360839],[3.141595173042512,45.698004825713355],[3.14159013882634,45.698046254417171],[3.14158379880997,45.698079580383187],[3.141574930147118,45.69812911828263],[3.141587914353783,45.698181330185207],[3.141626590535235,45.698229907852955],[3.141645914820283,45.698248793780323],[3.141688363267922,45.698264949171424],[3.141742328834682,45.69826217984378],[3.141830956368274,45.69824585957096],[3.141879689314673,45.698207077303401],[3.141942493138984,45.698143063669548],[3.142002800659927,45.698107868714416],[3.142041343080199,45.698104218191688],[3.142101747625183,45.698106843494074],[3.142146782402182,45.698129298856337],[3.142212396636138,45.698158932122602],[3.142280553269032,45.698177756302655],[3.142382049613906,45.698168623238793],[3.142522051238662,45.698141431659153],[3.142659380460596,45.698074621882434],[3.142754293301971,45.698004263735207],[3.142787535048928,45.697938486103489],[3.142784871997194,45.697902470017972],[3.142758875924196,45.697788141170427],[3.142750903119113,45.697686396297911],[3.142763493360874,45.69758552586184],[3.142796706958674,45.697508942427064],[3.142903142153909,45.697422360797304],[3.143040494737383,45.697365455878227],[3.143216472729896,45.697337317273764],[3.143383518287224,45.697333502895454],[3.143545451704537,45.697340500619582],[3.143689420355396,45.69735742637171],[3.143748569537014,45.697371758715306],[3.14378465357077,45.697411334083064],[3.143783494888346,45.697459961831896],[3.143760462421992,45.697497811651367],[3.143709140285381,45.697528493656471],[3.143637294808675,45.697573609584879],[3.143592435142016,45.697618691082909],[3.143590005261869,45.697672723369095],[3.143608203899551,45.69775284347638],[3.143631411887255,45.697782529951773],[3.143663603550329,45.697807702536821],[3.143707356007357,45.697831059396734],[3.143772963704039,45.697857990303113],[3.143821865810323,45.697884942494362],[3.143864368463558,45.697921808186571],[3.143903030068782,45.697964081687324],[3.143931362118062,45.697987458152262],[3.143987970049314,45.698012599456007],[3.144041975105806,45.698025137247214],[3.144099802516739,45.698025063313189],[3.144131912436608,45.698018718841176],[3.144151150702766,45.698004286447905],[3.144156258070649,45.697991673102777],[3.144149731931779,45.6979529605306],[3.144135507224505,45.697918760238323],[3.144136693755698,45.697880938286552],[3.144149466842647,45.697851205892299],[3.144175069287316,45.697813352704038],[3.144205795460244,45.697769189547536],[3.144226231822657,45.6977214376072],[3.144241511536303,45.697667388858591],[3.144246470960776,45.697598045048856],[3.144246327764325,45.697543115555249],[3.144250145330775,45.697528702884284],[3.144264231490042,45.697509774634696],[3.144310373213094,45.697463790740386],[3.144386066067605,45.697415967993081],[3.144484920048424,45.697379821824136],[3.144619769077949,45.697349032296579],[3.144745627408616,45.69732005512973],[3.144802138409843,45.697308276200765],[3.144924101349121,45.69726399556955],[3.144974163483972,45.697243219983086],[3.145133434652811,45.697215099876551],[3.145256750708628,45.697196931250744],[3.145363403824589,45.697194992743711],[3.14546622076899,45.697200262980125],[3.145548507973552,45.6972172659667],[3.14562570722617,45.697254086172073],[3.145673336518392,45.697285541636631],[3.145741505111838,45.697308866139444],[3.145809642914884,45.697320484316151],[3.145885469603788,45.69732398811886],[3.145954854488772,45.697321196808893],[3.146021678797994,45.697322010720455],[3.146111714625051,45.697353411039465],[3.146176078327976,45.69739565043065],[3.146249437408284,45.697437878110797],[3.146320195562893,45.697468402795728],[3.146407606913961,45.697479095096462],[3.146521975547149,45.69747894644172],[3.146581089810209,45.69747977004689],[3.146690375575065,45.69750123951026],[3.146759849011908,45.697531765592103],[3.146833165705743,45.697557784190543],[3.146942434982979,45.697572950025467],[3.147042642013026,45.697562913956453],[3.147101653433726,45.69752501650057],[3.147126035708446,45.697512377856533],[3.147170875644405,45.697460991568143],[3.147202953742071,45.697442939936678],[3.147333946295169,45.697412152196939],[3.147421249791772,45.697382321957171],[3.147481466594243,45.69731470666887],[3.147539127585068,45.697252497614258],[3.147600650754648,45.697192984931036],[3.147667359582532,45.69715057466324],[3.147739311822028,45.697146878403096],[3.147856338860955,45.697180042910226],[3.14791550096808,45.697198875483352],[3.148402676273112,45.697253164612263],[3.148538897289574,45.6972556865881],[3.148653204975576,45.697233023685527],[3.148998176315938,45.697448684849022],[3.149520676359001,45.697734347497061],[3.149847478145166,45.697881593199277],[3.150106132307505,45.698013620483565],[3.150376475573339,45.698190655912512],[3.150700932940948,45.698418946082221],[3.151101305432115,45.698681352051196],[3.151517166729612,45.698967148438207],[3.151892908033896,45.699148540921676],[3.152046000750414,45.699209567562278],[3.152300654960664,45.699284864566387],[3.152724978277208,45.699373438474346],[3.152424052546776,45.699761955730999],[3.152894742698098,45.699886485755613],[3.153178988354754,45.699972546473312],[3.153620047159848,45.700069198656266],[3.154241094720912,45.700191717023237],[3.154741372731903,45.700324303229692],[3.155756242027767,45.700649781836773],[3.156327588351046,45.700916435326107],[3.156741927705498,45.70110316107759],[3.157382325630742,45.700341357018395],[3.157466832595675,45.700232280040943],[3.158062309264838,45.70039713598144],[3.158441730782665,45.700506462567645],[3.158686036121214,45.700552944134749],[3.159012602035475,45.700603811563383],[3.15933148898264,45.700665494748591],[3.159448509650689,45.700691443357726],[3.159506716349665,45.700376190523357],[3.159552569946806,45.700233848661618],[3.159583022872541,45.700098732488847],[3.159623522628486,45.699882558248518],[3.159725436099007,45.699572646319019],[3.159842683564326,45.699232996483396],[3.159948348312519,45.698887960051557],[3.160079720860522,45.698545588470886],[3.16014471968799,45.698359095324939],[3.160204551779167,45.698163604620085],[3.16029079824868,45.697770869688611],[3.160311072020951,45.697671787292187],[3.160367037220933,45.697472700062619],[3.160353537026355,45.697248498049831],[3.160384702383834,45.696917074542412],[3.160354838822115,45.696810859600042],[3.1602773121713,45.696664190549953],[3.160178034465887,45.696549969894477],[3.160140664676291,45.696514003538162],[3.160087877334766,45.696478959561276],[3.159988785209685,45.696428673039051],[3.159779020775558,45.696322713234878],[3.159708277454897,45.696299400868796],[3.16051572218624,45.695126720295171],[3.160309435747451,45.694889285482695],[3.159945991131288,45.694516100009032],[3.159542603331079,45.694103348532792],[3.159158583894736,45.693721184820305],[3.158324637617859,45.692820072203254],[3.157770922915311,45.692402122684719],[3.156201821498063,45.691419176775597],[3.15577672724968,45.691037058607456],[3.15504704865072,45.690629244307644],[3.15365366674663,45.689962992366432],[3.15281334374062,45.689491379996404],[3.151558582780541,45.688752875288181],[3.150700274094617,45.688268664638009],[3.149975784273257,45.687851805878431],[3.149558880526722,45.687621835670505],[3.149246151565697,45.68742954638482],[3.149211243260862,45.687348548888252],[3.149181534956378,45.687290056644372],[3.149140261062841,45.687230679217876],[3.149074554200849,45.687163229735503],[3.148992145103569,45.687095802304661],[3.148907205376868,45.687042785933478],[3.148764387004892,45.68696643330555],[3.148527684749178,45.686855085358232],[3.148280734065934,45.6867545562353],[3.14814055678311,45.68670431343439],[3.148047962732125,45.686671117172359],[3.147983679900086,45.686654992881984],[3.147889842144146,45.686637106383557],[3.147615780970216,45.686487084670482],[3.145870913070838,45.68546550506543],[3.144729732659422,45.684856447581382],[3.144189284629905,45.684529363811528],[3.144142963624621,45.684502408518732],[3.144104351098268,45.684475443347054],[3.144054112681907,45.684424179916803],[3.144012848769767,45.68436570110746],[3.143976702802305,45.684299111372155],[3.143959867740167,45.684247805206148],[3.143944289337738,45.684185691604903],[3.143932218576193,45.683990301651562],[3.143914777198368,45.683705770488544],[3.143895924861625,45.683372614911491],[3.143872050968068,45.683084490029778],[3.14385755641049,45.682944933283167],[3.143830095579654,45.682759468330545],[3.143785627445057,45.682456061483258],[3.143732031371857,45.682100438115754],[3.143677408442778,45.681843869441352],[3.143656549757916,45.681726832935702],[3.143628062575835,45.681640422658283],[3.143602189215175,45.681571118265467],[3.143565980166342,45.681479314904287],[3.143515492798202,45.681330799142863],[3.143474068365507,45.681209286380351],[3.143440317071788,45.681074256553053],[3.14341167890521,45.680929314868884],[3.143388181834684,45.680785267120804],[3.143352710232661,45.680481848701838],[3.143311937254559,45.68011540305158],[3.143276401233214,45.679786771119069],[3.143275065322678,45.679766962141791],[3.14325635102252,45.679485134049706],[3.143247137266772,45.679399599666233],[3.143226268762263,45.679278060691466],[3.143163586939112,45.678883727836009],[3.143128152714121,45.67859381662462],[3.143109628140601,45.67838492759445],[3.139678378971719,45.678354115636495],[3.139032314874024,45.678390033814182],[3.138911851939086,45.678505444525392],[3.138764795609122,45.678773970342156],[3.138450559477023,45.679484839783449],[3.138308522068817,45.679707434105751],[3.137603294253277,45.679204926573043],[3.136940714047044,45.678800515697866],[3.136238254490315,45.678369134637293],[3.135822094919797,45.678913530169382],[3.135342486168674,45.678730408478927],[3.134963294692586,45.678635412019297],[3.135012972514693,45.678462459360475],[3.13443960800519,45.678284849084193],[3.13447498600199,45.678041675904886],[3.134281200876403,45.677589863621741],[3.133896175563873,45.67773439954172],[3.132877415454701,45.677164698462967],[3.132804350541396,45.677229619542359],[3.132696677551413,45.677326098320961],[3.132623618685717,45.677393720731061],[3.132549296628404,45.677470349429505],[3.132527527815893,45.677499190560518],[3.132518591826117,45.677522613681489],[3.132522516704781,45.677552325066408],[3.132464799020898,45.677589312837043],[3.132378936785585,45.677674959843216],[3.132188020153368,45.677878693641425],[3.131679006969603,45.677746018050442],[3.131584939130287,45.677622761541954],[3.131526334908483,45.677286949118994],[3.131111115116985,45.677159564329131],[3.13019577726461,45.677944948352632],[3.130042765342488,45.677882991643919],[3.129763746222477,45.677770752802807],[3.129304720689768,45.677587581743339],[3.128719684175366,45.677350523795049],[3.128051093222064,45.677086543289143],[3.12767822788047,45.67693928703634],[3.127243647629533,45.676766885711608],[3.126941509508391,45.676651064077014],[3.126850235738979,45.6766205504195],[3.126707544771179,45.676574786297195],[3.126564851980375,45.676528121511886],[3.126427316156234,45.676489555120838],[3.126244806784869,45.676444735583054],[3.126120143584958,45.676417860691089],[3.125783463973151,45.676362407103447],[3.125586870437473,45.676337412891257],[3.125355596267865,45.676313357421556],[3.12531448455046,45.676310701712275],[3.125197576244338,45.676304528320742],[3.124965044259894,45.6762921797486],[3.124763382154738,45.676297806202427],[3.124534758643353,45.676309765499518],[3.124230364755789,45.676329912286363],[3.123893889121048,45.67636450129659],[3.123536864251805,45.676400912809513],[3.121530033405709,45.675653892685673],[3.121069880407564,45.67552201698544],[3.120527635443152,45.675443355868886],[3.119518964412754,45.675298552169927],[3.119359770484263,45.675339242778769],[3.119294302270692,45.675359122793843],[3.119254536220412,45.675384378469218],[3.119194388298755,45.675488898339324],[3.119118930388415,45.675642060534912],[3.119084354500826,45.675691623744427],[3.119034402836479,45.675759212884159],[3.118984402660003,45.675804289939371],[3.118922855089336,45.675855682556438],[3.118769483182295,45.676216038205226],[3.11845931246871,45.676538738306647],[3.118091888010273,45.677121737652399],[3.117804999297845,45.677523654204194],[3.11767556127191,45.677666966559549],[3.117447148390466,45.677781566496371],[3.117121953845976,45.678296982324483],[3.116918619840264,45.678731227185963],[3.116829083224686,45.678914118483142],[3.116796080472152,45.679102354017438],[3.116764263334883,45.679243763108197],[3.11664898358864,45.679403268345197],[3.115823222257778,45.679523884887786],[3.115128423789119,45.679612844637255],[3.11497790777607,45.680128075656299],[3.115036270494856,45.680394559572115],[3.115285876124621,45.680578903788508],[3.114979714779584,45.68099794214681],[3.114818408144413,45.681268252129996],[3.114807617575694,45.681640163382085],[3.114584744246789,45.681959161954026],[3.114105222058769,45.682419796473525],[3.113296813423108,45.6822558236615],[3.112939015649148,45.682565049261065],[3.11275588757205,45.682851586912093],[3.112518668022961,45.683073343392259],[3.112151938778883,45.683417694335702],[3.11187044052558,45.68334593542744],[3.111735108035943,45.683765695732831],[3.111580413540822,45.684141351300113],[3.111425858354282,45.684587244358561],[3.111225688270661,45.684711709097371],[3.111090278866615,45.685097250306846],[3.110986892753937,45.68543593459497],[3.111079482379101,45.685479066626243],[3.111148924692682,45.685511415599841],[3.111191372556943,45.685536587295879],[3.111303339028191,45.685631928153938],[3.111401166177157,45.685723680943532],[3.111453946876882,45.685775856877008],[3.111499009977956,45.685823537998772],[3.111545356113986,45.685870317347288],[3.111582685313464,45.685905399301333],[3.111632876829359,45.685947672379939],[3.111680491603481,45.685986346050221],[3.111761557894241,45.686048399134634],[3.111827161545699,45.686087955381794],[3.111888903674361,45.686123913485503],[3.111958350913467,45.686158062928442],[3.111863828769785,45.686431003825135],[3.111439133174631,45.687351720581901],[3.111382442326222,45.687910977978468],[3.111386554146036,45.688038842821172],[3.111407522800488,45.688243232246521],[3.111411520495078,45.688314366631047],[3.111412863335007,45.68834318083244],[3.111410328119025,45.688360292560006],[3.11139753782192,45.688389120736488],[3.11137575369201,45.688417957802798],[3.111339843633761,45.688450410766741],[3.111306486899061,45.688474756829081],[3.111285965791929,45.688492786806769],[3.111261622757881,45.688527029290469],[3.111246277156784,45.688563063855895],[3.111236096217621,45.688611700114564],[3.111227419087829,45.688769293610818],[3.111229433306304,45.689132187210028],[3.111227258157687,45.689328495163288],[3.111235103021465,45.689396023820187],[3.111231295517295,45.68941944019857],[3.111221065543899,45.689443763402437],[3.111197987004115,45.689468099287119],[3.111165912641033,45.689491543557999],[3.111078643630363,45.68954205681046],[3.111088953219455,45.689557354897048],[3.111095462471329,45.689599671291177],[3.111089329204288,45.68974465548412],[3.111101328648556,45.689961660630601],[3.111111768497959,45.69004179353589],[3.11112598523629,45.690083201843208],[3.111138908082688,45.690120108998187],[3.111155672900499,45.690150708963635],[3.111190445851173,45.690191196495832],[3.111227810318399,45.690242487284117],[3.111249750925221,45.690291091834609],[3.11126141799412,45.690342407982932],[3.111265346853109,45.690379324005505],[3.111266772951624,45.690449560460522],[3.111263110226536,45.690545015533495],[3.111258104673017,45.690611656398922],[3.111246723564123,45.690702616666641],[3.111316072906131,45.690685438948556],[3.111535710027883,45.690646500862492],[3.111921031078886,45.690574980410986],[3.112448932531084,45.690483505750308],[3.112718656300979,45.690433709532094],[3.112875350820213,45.690403836640328],[3.113031172284137,45.690575673149525],[3.113126527788021,45.690709749783345],[3.112977565748486,45.690751321582283],[3.112883864624072,45.690798240744911],[3.112853225673167,45.69089552386987],[3.112880676725965,45.691125120171819],[3.112814205511894,45.691293577536712],[3.112640962387711,45.691400908642336],[3.112438120079899,45.69148575688552],[3.111889652394423,45.691578152403565],[3.111963589755273,45.691922964912415],[3.112091481126002,45.692895362172571],[3.112101564720629,45.693432942057939],[3.112063592544869,45.693717533295647],[3.111979142713242,45.693894112444767],[3.111920289602296,45.694020238912437],[3.112351411692177,45.694344885195903],[3.111580358275059,45.694947175835829],[3.112344563219156,45.695402062282767],[3.112755066985712,45.695691608676398],[3.113112770115002,45.695922675021848],[3.113127555048094,45.696240531677716],[3.113147021971283,45.696962701796167],[3.113120513144505,45.697195954258149],[3.113429102479216,45.697283891668164],[3.113717150673801,45.69738085382528],[3.113985929817969,45.697480536198945],[3.114257280018637,45.697580215326276],[3.114523498466661,45.697683500961347],[3.114829574978365,45.697796650705136],[3.115286091967996,45.697951968648077],[3.115309237928189,45.697959148853343],[3.115441677274092,45.697996833663332],[3.115620406988968,45.698047978121224],[3.11583639988944,45.698097283025028],[3.116030537761732,45.698142107591281],[3.116160387126254,45.698169888878674],[3.116251665952101,45.698188704954291],[3.116627077539397,45.698271161750512],[3.116682356008749,45.698281009871245],[3.116947173581939,45.698325759651489],[3.117291680718056,45.69837762977965],[3.117587323547927,45.698414241592872],[3.117715860532443,45.698428515168409],[3.117804533758978,45.698430223474205],[3.117956159756458,45.698424661942148],[3.118038382693237,45.698414670496859]]]]}},
{"type":"Feature","properties":{"nom":"Aydat","nom_m":"AYDAT","insee_com":"63026"},"geometry":{"type":"MultiPolygon","coordinates":[[[[2.942992389542819,45.710462845674499],[2.94313510719176,45.710419694438855],[2.943228974217623,45.710383722316074],[2.943307414253284,45.710350443814747],[2.943379433019918,45.710311759117133],[2.943429598144966,45.710275764865273],[2.943474625528666,45.710236166070551],[2.943528663084018,45.710183964968323],[2.943580133537717,45.710128160611326],[2.943618719331218,45.710102966311233],[2.94366115651031,45.710082276353297],[2.94371259008636,45.710062491358656],[2.943807720427002,45.710047230564541],[2.944120104049182,45.710000560600541],[2.944275666602119,45.709963717692759],[2.9444145259672,45.709920562932062],[2.944532819824094,45.70987739788152],[2.944624120670891,45.709835119934176],[2.944773287242279,45.709766756187932],[2.944908313059232,45.709700186305689],[2.945169368238641,45.709565240709075],[2.945326267588821,45.709474367845218],[2.945588645857148,45.709298900054193],[2.945928197584095,45.709065837605579],[2.946266426157773,45.708868792945275],[2.946557053495277,45.708715848522154],[2.946719087629003,45.708626777133397],[2.946819403486924,45.708561989526928],[2.946940307207879,45.708472898406534],[2.947188535653309,45.70829922121721],[2.947857324833373,45.707836682878195],[2.948037398984535,45.707693588795927],[2.948160876996184,45.707596393187629],[2.948285643216495,45.707495596092741],[2.948382106928566,45.707422700962177],[2.948463132022368,45.70736600743556],[2.948540292760713,45.707318316944757],[2.948620016379634,45.707278731942061],[2.94872030419601,45.707239156241599],[2.948829589581675,45.707198684051768],[2.949144578050039,45.707092569300499],[2.949395287303262,45.707002633570745],[2.949588153212175,45.706918974826351],[2.94972830323532,45.706856903909362],[2.949860731595704,45.706805635212802],[2.94995843656118,45.706777763578593],[2.950056136550644,45.706755294772186],[2.950179535127877,45.706740041130317],[2.950417321558089,45.7067248377355],[2.950763062248875,45.706717785425113],[2.950975124131225,45.706724181270381],[2.951155060980888,45.706723358912278],[2.951255317414319,45.706716198432431],[2.951369719566275,45.706700039110522],[2.951481559825176,45.70667397322638],[2.951799087974868,45.70659396624341],[2.952056206770485,45.706515733656083],[2.952075490241312,45.706510338943218],[2.952387938362487,45.706357388798615],[2.952672130925139,45.706179212328081],[2.95288558663735,45.706055935222565],[2.952984601545282,45.705995644029962],[2.953096493822822,45.70590564208279],[2.953185267481904,45.705796720224988],[2.953295913326118,45.705659892308375],[2.95342454349924,45.705532977060791],[2.953569890856674,45.705394362242593],[2.953693367583492,45.705280951852558],[2.953901702180365,45.705127054216518],[2.954146059007572,45.704928146578318],[2.954309358761358,45.704834562397366],[2.954428925910823,45.704783283129089],[2.95456776657114,45.704737414419249],[2.954725872629294,45.704706861535051],[2.954890387675879,45.704697022163536],[2.955196303502436,45.704653020402141],[2.955320990636025,45.704626055335048],[2.955583229627227,45.704555921117617],[2.955797921822148,45.704477663281722],[2.955967626984604,45.704404790382974],[2.956116787038352,45.704308496606174],[2.956202946148403,45.704244595647097],[2.95626597291016,45.704178884676914],[2.956388182465389,45.704032152889958],[2.956480765382801,45.703970055176832],[2.956574636818497,45.703903455456789],[2.956705786304236,45.703826964645124],[2.956804788841664,45.703772073017277],[2.956893492842409,45.703738789016747],[2.957022041045312,45.703701017720938],[2.957099166251902,45.703683037396466],[2.957216133583336,45.703663271180829],[2.957410225856517,45.70362552430656],[2.957482214935052,45.703601238380323],[2.957542642818305,45.703569744169059],[2.95765579279482,45.703499548870418],[2.957942482998136,45.703375389226231],[2.958181604714206,45.703271922379244],[2.958297322943757,45.703202627876948],[2.958505628128317,45.703060428060766],[2.958679211153198,45.702947030670487],[2.958812925798284,45.70287053835424],[2.959098328974485,45.702740972394182],[2.959307876448932,45.702651900193374],[2.959455712427622,45.702594322409013],[2.959517423907552,45.702561927118253],[2.959570158934612,45.702502514010646],[2.959606191394341,45.702436791494989],[2.959607513367327,45.702386364784651],[2.959590828689524,45.702355742298579],[2.95963711204733,45.702331445778583],[2.959774682615158,45.702250451279411],[2.959966231762413,45.702165873859776],[2.96005493583697,45.702126283978401],[2.960409769551828,45.701941809685785],[2.960710615974098,45.701769922265221],[2.960993466682956,45.701600729272883],[2.961185046462579,45.701466623102462],[2.961321335034506,45.70137482045584],[2.961550184517523,45.701237124511749],[2.961861284091063,45.701094953544349],[2.961989836369462,45.701037365916356],[2.962081106818868,45.700998675795333],[2.962223798689883,45.700935689745954],[2.962591428544174,45.700810644923934],[2.962838224254387,45.7007323843576],[2.963106845834373,45.700684746899249],[2.963239224886877,45.700666780454398],[2.963412716268153,45.700665936430269],[2.963494958997618,45.700673166984458],[2.963596477322384,45.700682204677683],[2.963758397382611,45.700689460750425],[2.963994861339766,45.700685934608728],[2.964281459374551,45.700659911740182],[2.964538492542043,45.700644684666791],[2.96471456670098,45.700624028774747],[2.964814805172389,45.700624960601971],[2.964881621486516,45.700640289694121],[2.965003677920277,45.700687152900343],[2.965157861956401,45.700734926397722],[2.965335171642207,45.700793512623846],[2.965425108088881,45.700828659179997],[2.965536867597419,45.700902533208485],[2.965710296621055,45.701003440467424],[2.965816921920823,45.701068307803382],[2.965996787025887,45.701153908323967],[2.966132983613708,45.701198073117894],[2.966314163817838,45.701235947805543],[2.966504342913139,45.701269322450443],[2.966659835618887,45.701282875840562],[2.966767788808691,45.701279305785853],[2.966960625701744,45.701166801822858],[2.967477550682814,45.70065097411775],[2.967819537296549,45.700400737391497],[2.968188557723215,45.70006406068439],[2.96865788759349,45.69959233794053],[2.969376715536426,45.698758686304224],[2.970146954558651,45.697868313209312],[2.970948000088249,45.696995952560343],[2.972028787795038,45.696845845028683],[2.973541366809519,45.696635496854157],[2.974838041389143,45.696446692016146],[2.975774863210352,45.69634874445331],[2.976169403677648,45.696255178147752],[2.977938970688438,45.695999800767979],[2.97919962915186,45.695827147425611],[2.980514262458186,45.695618469933301],[2.981911121403949,45.695422397126507],[2.98338764257616,45.695217313931686],[2.984014755131025,45.695088635306377],[2.984859018773816,45.69499059906591],[2.98618775306066,45.694752141294238],[2.987164382533718,45.694558652540607],[2.98762570896813,45.694467755181471],[2.988157710566793,45.694361555142649],[2.988671722412662,45.694246345937877],[2.988791227715112,45.694230149162927],[2.989080355903177,45.694177048950721],[2.989441442785123,45.694117651369332],[2.989647046950577,45.694065442330626],[2.989862933727584,45.693995224146981],[2.990161060470111,45.693907903550659],[2.990275424450337,45.693893505722535],[2.990367939672038,45.693904319486357],[2.990515704825677,45.693934948503284],[2.99084078647394,45.694016019027117],[2.991037378605841,45.694060158590268],[2.991272519138885,45.694109703711646],[2.991438275415847,45.694136730972005],[2.99151279912804,45.694164651638388],[2.991616879059541,45.694179967671332],[2.991769792607395,45.694162869733312],[2.991925276386194,45.694143070317637],[2.992175852563849,45.694087257939373],[2.992420007245054,45.694003529544261],[2.992562613735411,45.694184536488478],[2.992887722417817,45.694090006576324],[2.992892831279398,45.694331336822003],[2.993109992206703,45.694323245947068],[2.993544316392097,45.694285451306712],[2.994795885553379,45.694184661766258],[2.995004053220064,45.694150452766621],[2.995330439075414,45.69409643767856],[2.995357423405005,45.694095538308837],[2.995710788770456,45.694093751344717],[2.995956217237202,45.694090158480897],[2.996037170635055,45.69408115650932],[2.996105274937834,45.69406404967318],[2.997621530046603,45.694112718059266],[2.997651084314782,45.694110917709672],[2.997667788364012,45.694122624358791],[2.997699911443182,45.694147838592954],[2.997730749843863,45.694166749398647],[2.997792427031774,45.694196466621769],[2.9978810891205,45.694212677050075],[2.998129086324714,45.694255904710538],[2.998527424328771,45.694336053766882],[2.998884644494661,45.694410798107164],[2.999060685062982,45.694444117649773],[2.999163482526978,45.694466630579853],[2.999262425249842,45.694481939512606],[2.999354943211,45.694492745897861],[2.999460311026676,45.694495447906213],[2.999552829223709,45.694484642493741],[2.999659482162334,45.694462130746466],[2.999746860468631,45.694430614008631],[2.999901057272735,45.6943549735266],[3.000062963433835,45.694249616831918],[3.000291686956551,45.694100135998056],[3.000512699693902,45.693974067340875],[3.000746561132811,45.693857003014557],[3.000938018500774,45.693767853592242],[3.001047238929832,45.693720126938082],[3.001169308735853,45.693673300530349],[3.001378754661811,45.693605761806076],[3.001511103821492,45.69356884023437],[3.001581775653534,45.693549929084838],[3.001793791268498,45.693505802156743],[3.002130446046087,45.693445463816921],[3.002382294493146,45.693407638414762],[3.002577605278703,45.693377918119893],[3.002724088041795,45.69335180061654],[3.002905263704279,45.693315776701589],[3.003100572774713,45.693266244836515],[3.00324062948137,45.693226619567639],[3.003340853015073,45.693191497736478],[3.003461634433675,45.693139265976967],[3.003573420106595,45.693072626618438],[3.00374431076177,45.69297716969011],[3.003813694151011,45.692929441673783],[3.003838108710717,45.692940246661202],[3.003879226778044,45.69294114573777],[3.0039331936474,45.692933939989238],[3.004043696362821,45.692907822021347],[3.00407453418486,45.692898816063405],[3.004260845772375,45.692843879605384],[3.004479279613999,45.692779936720179],[3.004522965379655,45.692755621888367],[3.004756810940578,45.692612435193588],[3.005043334003044,45.692433226282581],[3.005261758812202,45.69230084504823],[3.005464763095173,45.692163961717419],[3.00557911249683,45.692080211040924],[3.005701170768337,45.69199375840514],[3.005845066578724,45.691854175913555],[3.005956844846815,45.691769524504295],[3.006057063623324,45.691730798322396],[3.006149570005772,45.691666858903289],[3.006231795502155,45.691590313193004],[3.006310166776313,45.69152007103132],[3.006461770699417,45.691393094109301],[3.006630077934279,45.691268817456596],[3.006698170378018,45.691209381446072],[3.006884472104593,45.69114183387255],[3.006942287674129,45.691104009972491],[3.007285324525387,45.690875265231597],[3.007573114920903,45.690693348373756],[3.007696453279422,45.69061679882897],[3.007774820936253,45.690543854199966],[3.007831347333029,45.690484418305196],[3.007869884530894,45.690419580733064],[3.007914849503763,45.690379055779154],[3.007993219527554,45.690326822143533],[3.008026617446697,45.69026558682112],[3.008071575875328,45.690181838548391],[3.008200046020571,45.690065666768618],[3.008313101942679,45.689981012939469],[3.008426148195477,45.689835126051982],[3.008546913038403,45.689754073350827],[3.008661256037446,45.689691030704317],[3.008731918342414,45.689658607808418],[3.008810290732153,45.689632487657065],[3.008888664928158,45.689618073749386],[3.008959330068203,45.68960456088498],[3.009031277829273,45.689577540606187],[3.009247117380666,45.689476668836257],[3.009574731974656,45.689337966862354],[3.009775154721615,45.689256005565298],[3.009983288412633,45.689187550496037],[3.010071938835355,45.689164130010049],[3.010183717135099,45.689144309304055],[3.010316053778472,45.689128989028973],[3.01054346641285,45.689099251990015],[3.01083897344067,45.689057801663836],[3.011131909064852,45.689010047425633],[3.011444114069117,45.688948783203571],[3.011550752252449,45.688929862148008],[3.011686942727158,45.688915440352126],[3.011807716541926,45.688908223883942],[3.012014575252971,45.688902799108099],[3.012200876820551,45.688899177149388],[3.012427007305356,45.688890147589916],[3.012669838824742,45.688873011339709],[3.012854852268525,45.688855881177844],[3.012989757167494,45.688840557469383],[3.0131015346213,45.68882433580675],[3.013209456839745,45.688805413031965],[3.013301960457453,45.688784691006418],[3.013761909620841,45.688688283929025],[3.014092094412546,45.688614403390588],[3.014238556351232,45.688577465114648],[3.014313071268012,45.688555844046718],[3.014492928001094,45.68847837939385],[3.01467663753326,45.688396411530356],[3.014733165591238,45.688379294948554],[3.014820529565811,45.688362174286318],[3.015064635749603,45.68831891865927],[3.015507873692209,45.688217103783408],[3.015651764234943,45.688181064509472],[3.015912570155979,45.688132401818017],[3.016107853744716,45.688098155660164],[3.016148966048391,45.688090945899624],[3.016330119466712,45.688067507193807],[3.016425193270278,45.688056687560533],[3.016570374901712,45.688044960004099],[3.016638468134202,45.68803684560902],[3.016662877074296,45.688027837157691],[3.016682146170212,45.688017028493455],[3.016700127174761,45.687995414204181],[3.016714250706798,45.687963895156109],[3.016774627244747,45.687930568260434],[3.016967325590665,45.687849495810077],[3.017126622296483,45.68778193537873],[3.017235819192372,45.68774139692929],[3.017369428279265,45.687703556066246],[3.017490188462901,45.687663916071514],[3.017595534711654,45.687636885136975],[3.017684182305986,45.687622463507452],[3.017765123572871,45.687616147382933],[3.01783707402672,45.687618837467738],[3.017973268702391,45.687632323088479],[3.018115887517797,45.687645807511814],[3.018227669656715,45.687655694810367],[3.018300903212758,45.687652981485151],[3.018375418885482,45.687642163543849],[3.018521876296143,45.687607921155433],[3.018706867566418,45.687543055716546],[3.018773670779409,45.687522333464216],[3.018858461914581,45.687503409131502],[3.01900621151031,45.687492578490861],[3.019264452587923,45.687475425427039],[3.019732111807219,45.687442026569514],[3.019841316777587,45.687431201577859],[3.019947955007553,45.687428481294106],[3.019960803103752,45.687428479018536],[3.020070016493267,45.687441066397142],[3.020195925235665,45.687433840022365],[3.020283283717345,45.687410411735264],[3.020323101228711,45.687378887607068],[3.020397615141396,45.687365366875639],[3.020551765702027,45.68729420059713],[3.02069435363274,45.687225737685488],[3.020815104295803,45.68716988541123],[3.020897320166264,45.687139253723622],[3.020975685975997,45.687120328989401],[3.021063049458903,45.687112208331023],[3.02122236148754,45.687103173590536],[3.021372674634859,45.687080633067104],[3.021637328964926,45.687042762207675],[3.021901989347405,45.687021099443541],[3.022066444844144,45.687023768805858],[3.022356816240299,45.687039920276838],[3.022722995499415,45.68706686154745],[3.0231007420903,45.687102804100284],[3.023409107150181,45.687132456433787],[3.023579996272568,45.687156733874389],[3.023727760233672,45.687183717381686],[3.023884521468332,45.687218803147424],[3.024032284570543,45.687243084802603],[3.024159486191433,45.687256564862743],[3.024250709757198,45.687261948170033],[3.024392036403452,45.687257415239053],[3.024616870578955,45.687242058102974],[3.024832711803396,45.687228503469491],[3.025029283703294,45.687221256095562],[3.025171892529092,45.687211318995253],[3.025277242389603,45.687202290564414],[3.025355610503801,45.687191467142007],[3.025489213954585,45.687156318104243],[3.025653643729022,45.687102251721491],[3.025860467399608,45.687039170532309],[3.025988932654603,45.687007624018882],[3.026161074972782,45.68696346044441],[3.02629724652964,45.686927409368039],[3.02636147870678,45.686911185638628],[3.026418006361511,45.686903968522955],[3.026501513450012,45.686894043582747],[3.026565749851055,45.686886824579361],[3.026592727992196,45.686881415308619],[3.026627412309108,45.686870601304264],[3.026644122902375,45.686887706556128],[3.026800851133378,45.686852550492077],[3.026928031938087,45.686823704666615],[3.02702309537647,45.686800269311938],[3.027215783628651,45.686737189025095],[3.02738020512502,45.686672314313412],[3.027452137398445,45.686639879372713],[3.02752278121447,45.686600240826216],[3.027580577932477,45.686562406349999],[3.027635800048019,45.686514667148195],[3.027688452493773,45.686466928551049],[3.027750092933537,45.686408381904073],[3.027807882961379,45.686357940532922],[3.02787595478085,45.686314700463193],[3.027958159103872,45.686271456846235],[3.028010821978376,45.686245329720023],[3.028044219012483,45.686230913662641],[3.028108443923628,45.68620298264355],[3.028249736293663,45.686137211948761],[3.028403871487092,45.686062432996827],[3.028655619409837,45.685929998053723],[3.028974155399654,45.685761526020897],[3.029218199113151,45.68564259906821],[3.029435272720798,45.685544389775671],[3.029559867111027,45.685492129065743],[3.029753826387004,45.685417337813433],[3.029873283574001,45.68536958053518],[3.029928517617216,45.68534975522185],[3.029941363281683,45.685346149871577],[3.029994031171723,45.685332628597905],[3.030042845243044,45.685320008811637],[3.0301263414487,45.68529567343986],[3.030194422432168,45.685274944075836],[3.030306172846323,45.685231690825411],[3.030378105980922,45.685207358377113],[3.03056177863871,45.685120862212941],[3.03068893353077,45.685055992781457],[3.030780122052569,45.685003739818349],[3.030880303666599,45.684951484316898],[3.030993327052904,45.684889319867793],[3.031083235320655,45.684846071854345],[3.031200119615181,45.68479651291198],[3.031319571666256,45.684744251682012],[3.031460866221809,45.684695586164793],[3.03156234267785,45.684663140348889],[3.031649692488675,45.684640603737584],[3.031725480561896,45.684619871283495],[3.031776865165959,45.684610851959242],[3.031862937321158,45.684600922322005],[3.031969562743658,45.684586484367316],[3.032064625421326,45.684572049603268],[3.032200791439815,45.684543195270592],[3.032393473310817,45.68449271291594],[3.032660653821555,45.684415194132285],[3.032866179003286,45.684359304340035],[3.033020321811307,45.684316036023866],[3.033123087860784,45.684294394234982],[3.03320144870215,45.684280863905336],[3.033340189935029,45.684263713731376],[3.033478931626633,45.684247463870591],[3.033595830549843,45.68422761841807],[3.033855318975245,45.684181616042245],[3.034109663597122,45.684128410752727],[3.034122489274471,45.684093287985192],[3.034141731370664,45.684046456977477],[3.034157119244465,45.683999627135286],[3.034173761240464,45.683903270280815],[3.034182706504962,45.683825825927833],[3.034185259270868,45.683798810628069],[3.034210895888638,45.68370515249228],[3.034240388253715,45.683614194631922],[3.034275013263193,45.683513329877314],[3.034319910293126,45.683403457142489],[3.034375075345456,45.683278273027625],[3.034419975906136,45.683174703642585],[3.034440488692738,45.683106260579684],[3.034453294304019,45.683039620838962],[3.034464791066687,45.682934260680604],[3.034473697066621,45.682794682918754],[3.034489022587396,45.682648799803857],[3.034500483276854,45.682485808674585],[3.034497857760306,45.682395761070673],[3.034487562824484,45.682367849216483],[3.034469566480244,45.682350745527017],[3.034406597555936,45.682320148318162],[3.034478455545711,45.682184153254269],[3.034606811154727,45.682003116601422],[3.034723658608357,45.681909430304387],[3.035188578743789,45.681697672290028],[3.035223041516029,45.681346472751969],[3.035249852665111,45.681084423521952],[3.035177703255086,45.680756669907247],[3.03537681494304,45.680741299326371],[3.035690253753647,45.680715086422317],[3.035903493999867,45.680696108497443],[3.036031947014442,45.680677157320694],[3.03633252444316,45.680629335127406],[3.036520061013118,45.680595056095186],[3.036670346077334,45.680566191787001],[3.036773106728583,45.680549049093621],[3.036816782426918,45.680545432891904],[3.036887438763084,45.680546310261406],[3.036959380352573,45.680548087648873],[3.037062149322247,45.680543551464531],[3.037218869924943,45.680533594470219],[3.03741028330422,45.680534431549511],[3.03748736288328,45.680535306409389],[3.037587566156247,45.680536173503299],[3.037687769432353,45.68053704050805],[3.037778975862232,45.680531607053531],[3.037843205254751,45.680527083074971],[3.037917707512215,45.680516252214645],[3.038017899005596,45.680500009734359],[3.038075703860116,45.680493686823304],[3.038174617449858,45.680487349959172],[3.038263254453538,45.680481916983226],[3.038337765300104,45.680483692617663],[3.038389152481279,45.680485476085387],[3.03845981564859,45.680496257789919],[3.038567735542236,45.68050972815265],[3.038635829476988,45.680520510626408],[3.03868978600034,45.680522293075761],[3.038736034001551,45.680523177666231],[3.038819546305452,45.680537556661982],[3.038903083336584,45.680587054462293],[3.038987919123575,45.680656362398963],[3.039188330620861,45.680664397214422],[3.039504345492064,45.680650779576972],[3.039905131648612,45.68061551943979],[3.040362445200997,45.680584740056936],[3.040746541154621,45.68056479113261],[3.041101106605268,45.680567363776518],[3.041314368623939,45.680580793024141],[3.041703629946563,45.680596858301435],[3.042133998279331,45.680610205414162],[3.042555413722441,45.680674881853307],[3.042865080577121,45.680759409942382],[3.042975581853424,45.680786382361077],[3.04306551753254,45.680798954791243],[3.043191429941088,45.68081961771761],[3.043314775244665,45.680842982942465],[3.043452260364135,45.68087714838736],[3.043607729448964,45.680909505736309],[3.043803032405497,45.680953553681228],[3.044080554641629,45.680998469629152],[3.044408190676385,45.681057772894036],[3.044698576551005,45.681122492897472],[3.044870747683276,45.681154841876065],[3.045048056942188,45.681186288053055],[3.045409255276633,45.681439179056269],[3.045524934126496,45.681510270609337],[3.045650888435113,45.6815786564283],[3.046325371493439,45.68161349996155],[3.047804137548734,45.681735347986418],[3.048091925599605,45.681758638082187],[3.048461920691477,45.681767484362283],[3.04904388700804,45.681775336859339],[3.050269443813278,45.681745981145667],[3.051035140654302,45.681777153806202],[3.050995265849889,45.68172314281572],[3.050936075409185,45.681619613919764],[3.050874334054908,45.681535896796255],[3.050848601720721,45.68149358566076],[3.050793281508635,45.681407164142882],[3.050722515749905,45.681288332126428],[3.050610588346076,45.681111887585246],[3.050561715223796,45.68105067661412],[3.050508998090746,45.681000273154666],[3.050394588725294,45.680918380343392],[3.050224905154966,45.680798691743369],[3.050116928048161,45.68072580062428],[3.050084786442826,45.680697899913497],[3.050006360768921,45.68062949796677],[3.049926651451127,45.680561997018856],[3.04985851795339,45.680509799120834],[3.049789100746592,45.680458502233272],[3.049741532368648,45.680418001466087],[3.049659234998365,45.680328889856476],[3.049537071260591,45.680192070072721],[3.049449631975479,45.680098458152784],[3.04941234769303,45.680065156605124],[3.049390495982207,45.68005075844399],[3.049354512463787,45.680035465987054],[3.049340372618107,45.680025566857204],[3.049319806381254,45.680012068603361],[3.049295370203917,45.679980562359376],[3.04924264162413,45.67991485008951],[3.049200212649509,45.679874346849111],[3.049147514667775,45.679842852913502],[3.049076844664423,45.679825774528339],[3.048979205389723,45.679817712668182],[3.048875146956378,45.679814155928618],[3.048805768058107,45.67980428068519],[3.048720972012791,45.679792611100126],[3.048654158475168,45.679778232233893],[3.048607903030288,45.679768346878937],[3.048564221605199,45.679763863299236],[3.048521834291344,45.679770184952922],[3.048461473948854,45.67979002158382],[3.048388272747939,45.67981616708682],[3.048320204508356,45.679836006952726],[3.048246998470335,45.679856749462147],[3.048186630879446,45.679868481593061],[3.048115980709732,45.679873914696266],[3.048020918570309,45.679874855744501],[3.047909146051659,45.679864097528892],[3.047775568227501,45.679892069263637],[3.047436602222886,45.680099323830532],[3.047240146941195,45.680210165918631],[3.046869007440337,45.680354398387863],[3.046645465510802,45.680338282461179],[3.045986417260024,45.680307936974316],[3.045747487587633,45.680325143454468],[3.045562436505394,45.680249577797277],[3.044837907442228,45.680261574804959],[3.044255701320471,45.679933128386921],[3.043852158838545,45.679722572957495],[3.043520603780207,45.679569619269721],[3.043297013165914,45.679485960425218],[3.043050297209053,45.679398708042221],[3.042810035083351,45.679350173475413],[3.042630164428875,45.67931962523631],[3.042387355841454,45.679299906217153],[3.042116290575858,45.67928650063017],[3.041923598184959,45.67928747299279],[3.042141471536118,45.678614730238102],[3.042397788292839,45.677825810220952],[3.042717411291558,45.677515923040225],[3.042741780056601,45.677466387188311],[3.042741747376001,45.677424064463125],[3.042745564947305,45.677377237858167],[3.042757104569825,45.677349318481603],[3.042767372825024,45.677338508778227],[3.042796902042991,45.67731778643622],[3.042811014954243,45.677295268979137],[3.042813563904331,45.677269153981079],[3.042798134399227,45.677250249685436],[3.04277113818316,45.677224145910117],[3.042759565204098,45.677208842079885],[3.042759556856677,45.677198036277922],[3.042771104088644,45.677180022218749],[3.042786496673943,45.677151200892744],[3.042792905605354,45.677133188783017],[3.042792888897521,45.677111577179218],[3.042780011879739,45.677071060301536],[3.042773565375708,45.677040446302087],[3.042776112939958,45.677012530338438],[3.0427863748645,45.676993616282282],[3.042817188458147,45.676972893447576],[3.042891665421034,45.676936845763251],[3.042921192283462,45.676913421938885],[3.042995643218766,45.676844056297469],[3.043054693229565,45.676792706169536],[3.04308421574075,45.676763879401911],[3.043091911896026,45.676749468718242],[3.043089318939607,45.676718853263324],[3.043081566719842,45.676661225269974],[3.043075120797505,45.676631511772221],[3.043078954150678,45.676605396278283],[3.043094340106385,45.676568470560461],[3.04310587938438,45.676540551149905],[3.043107132384235,45.676500028903185],[3.043122458663275,45.676386562089341],[3.043148037418319,45.676242474901848],[3.043168528416792,45.676163224485649],[3.043177469679661,45.676098386233043],[3.043181315592001,45.676088479438221],[3.043192854726068,45.676060560019813],[3.043214668802169,45.676030835691371],[3.043248044456455,45.676002007404009],[3.043275004397953,45.675982186408618],[3.043308383514137,45.675957860520512],[3.043323781118081,45.675936242991092],[3.043328905191685,45.675918231346635],[3.04331730625846,45.675869609689407],[3.043274855152974,45.675791283927438],[3.043231123146436,45.675717461059897],[3.043184838342568,45.675664350278666],[3.043356606513032,45.6752050376368],[3.043696236007575,45.674229682665128],[3.043982036281807,45.673419136251809],[3.044398448612835,45.672115973316728],[3.044530698124723,45.672054688235946],[3.044616721615111,45.672011430989038],[3.044682197395047,45.671972684246889],[3.044724558806343,45.671941150514684],[3.044745091810198,45.671918630274448],[3.044761769266101,45.671893410112645],[3.044772020823802,45.671863690085949],[3.044774552575478,45.671817764426436],[3.044766822590154,45.671788952030539],[3.044753949733706,45.671753838294102],[3.044751354636202,45.671721421923309],[3.044757739001991,45.671674594250511],[3.044767984695587,45.671637670359978],[3.044776951031953,45.671607050360883],[3.04479618924737,45.671571923859368],[3.044812862201859,45.671541300792171],[3.044814124044587,45.671513385305602],[3.044810251772829,45.671489974278607],[3.044798678700105,45.671473770181734],[3.044765252698668,45.671435963170453],[3.044694557701459,45.67137295741064],[3.044657282156234,45.671339654312007],[3.044636715205663,45.671319851830916],[3.044628991895182,45.671299143774313],[3.044626409232648,45.671282035613913],[3.044648202499403,45.671229798942541],[3.044700787925379,45.67113522733338],[3.04474952061226,45.671041557714453],[3.044758494870903,45.671020843031762],[3.044776438997957,45.670974010766116],[3.044809788194626,45.670917267053326],[3.044853401778425,45.670847011993843],[3.044974012595876,45.670692981250092],[3.045070263530609,45.670593889610998],[3.045140817714926,45.670484902875977],[3.045305054231144,45.670278626257605],[3.045439793257359,45.670127290786901],[3.045498858999432,45.670106555826116],[3.045572046502237,45.670077710771793],[3.045606703971471,45.67005158272837],[3.045628518094675,45.670026360361462],[3.045637494086862,45.670008347059337],[3.045665702718281,45.669949804213232],[3.045690049907596,45.669881357611004],[3.045698981999265,45.669810215809882],[3.045695060416366,45.669727372941914],[3.045685996056482,45.669638228777892],[3.045678178227487,45.669503159463325],[3.0456640038483,45.669447335250887],[3.045645994886934,45.669414024671703],[3.04561514055738,45.669378918326537],[3.045572722311659,45.669338413753486],[3.045530319680352,45.669316819305834],[3.04549690854244,45.669296121693634],[3.0454763398316,45.669273617920361],[3.045469896442522,45.669247506508704],[3.045483975136233,45.669187168448893],[3.04555834503511,45.669035857212172],[3.045654540060597,45.668873731284769],[3.045760730400337,45.668373920030341],[3.046337355570293,45.666772625320235],[3.046716663201418,45.66576032572241],[3.046608537346656,45.665470415011598],[3.045918603643008,45.663603096959875],[3.045471949717315,45.662365114410207],[3.045160670801152,45.661757413860443],[3.04501397906124,45.661399080499628],[3.044710409206356,45.660783271332832],[3.043762286345463,45.658665708944291],[3.043484930045926,45.658689228935835],[3.043290534512791,45.658062568090791],[3.043226195248068,45.657892401640595],[3.042861412681766,45.657774577894024],[3.042459370130555,45.657627951588559],[3.041923770880409,45.657466965937552],[3.041718285457907,45.657431022962825],[3.041328051403075,45.657613964775543],[3.041150898036483,45.657687869206605],[3.040912070455207,45.657713169738194],[3.040321503775966,45.65788987729713],[3.040196734554752,45.657601767560415],[3.039939570725745,45.657130006343628],[3.039566611042557,45.656334111705249],[3.037762390580762,45.656222170958564],[3.036401225070548,45.656169490771646],[3.034328643308173,45.656057581446461],[3.033223011177076,45.655994879343858],[3.031976137046065,45.655939410441725],[3.031634561760955,45.65592149728144],[3.031185095736779,45.655853186017751],[3.028452393052055,45.655490114921129],[3.026673847074027,45.655260026878587],[3.026226964074727,45.655198899074726],[3.026072820268966,45.655079170758654],[3.02572987902097,45.654869437329026],[3.025395924586072,45.654650696012382],[3.025326580581345,45.654639005365034],[3.025258517779252,45.654621011013433],[3.025124953457223,45.654569713421182],[3.024959278897001,45.654497711706888],[3.024882222811982,45.654468012855176],[3.024792323142695,45.654431112923511],[3.024731963020336,45.654408614147734],[3.024693431677262,45.654386110554533],[3.024642051125443,45.654343799157026],[3.024570110014462,45.654265472944978],[3.02447247361577,45.65415383444185],[3.024448059409346,45.654114218538375],[3.024435210301138,45.654094410724035],[3.024432617595699,45.654038581404144],[3.022865692322677,45.653063688582492],[3.022152883938694,45.652609988219311],[3.021514458045293,45.648592162675577],[3.021127261596014,45.646652598920781],[3.021123383216011,45.646582362100226],[3.021114375926905,45.646529235388257],[3.021072000297395,45.646507631774639],[3.021046317616043,45.646493228876743],[3.021024483108587,45.646469820440636],[3.021010346990415,45.646433803824664],[3.021010327518701,45.646382476390116],[3.021042366818319,45.646232090018437],[3.021076983240154,45.646106916634842],[3.021091070623584,45.646015064899387],[3.021106428766652,45.645888994634014],[3.021130773397578,45.645762022200202],[3.021167956661885,45.645635947830556],[3.02122054235288,45.645500865734732],[3.021268004554713,45.645397301429156],[3.021348834066802,45.645262213936839],[3.021465595021104,45.645087498366657],[3.020632223986817,45.644639214521781],[3.019481688923859,45.643971262452105],[3.019246723204349,45.643884856676323],[3.020549492387629,45.643110212625984],[3.019858390438952,45.641918099735676],[3.019392369789527,45.641866853562853],[3.018900689413509,45.641857932379558],[3.018844317350777,45.642190219326281],[3.018161279835325,45.641955306046775],[3.017900227405242,45.640562303822136],[3.018860404013238,45.640421672023713],[3.018694584492108,45.639770652019088],[3.019199036844336,45.639645400275796],[3.019625185781957,45.639532766683224],[3.020064173208681,45.639429133998732],[3.020143755498955,45.639410209688499],[3.020109071847408,45.639344480790612],[3.020075669359976,45.639271547807567],[3.02005638006117,45.639177901243073],[3.020055071918143,45.639110365416769],[3.020062759700292,45.639070742892152],[3.020075570143955,45.638997801664814],[3.020094789176313,45.638897844869405],[3.020106312913776,45.638816799542433],[3.020111410369875,45.638714143825034],[3.018999851254993,45.639027704240362],[3.018033288629481,45.639192651219318],[3.016012779643706,45.639263194276957],[3.015694386418026,45.639130868443509],[3.014976638750343,45.638519539795226],[3.013703145859706,45.638167614070625],[3.01222168680884,45.637681525105229],[3.010548991069917,45.637197235711994],[3.008360269051193,45.636481537491363],[3.007704310608823,45.636305090113702],[3.006749240346798,45.635861214537215],[3.00494182507003,45.634882486142772],[3.003135762326414,45.633993776811423],[3.002089629304614,45.63337877303637],[3.001954800054005,45.631795731215185],[3.001667244389475,45.630223497588503],[3.001586346335877,45.628874579750068],[3.001844290126159,45.627973195453869],[3.002337098967081,45.627295124995179],[3.000719981405518,45.62618035303597],[2.999958931838963,45.625779641873827],[2.999933265591941,45.624655843300609],[3.000008983194035,45.622904410702674],[2.999906318081279,45.622926922649583],[2.999775419809666,45.622988155065379],[2.999631687877294,45.623080003588775],[2.999508488662316,45.623162847226524],[2.999362189170443,45.623256496354884],[2.999277489264534,45.623308723651192],[2.999118356306183,45.623367253681714],[2.998960506945323,45.623393366238723],[2.998798807928119,45.623397867026235],[2.998631975873813,45.623390661286081],[2.998520327178372,45.623369948845827],[2.998431778724999,45.623337530386181],[2.998326547669511,45.623288902979915],[2.998266233125711,45.62323757473812],[2.998194369430269,45.623167336211189],[2.998136622080764,45.62310700314729],[2.99804037564181,45.623038565075362],[2.997938995611371,45.622985434977906],[2.99781579840657,45.622958418271359],[2.997706716621156,45.622959316580712],[2.997562983433482,45.623003437051757],[2.997340965491263,45.62309347996807],[2.997077880163287,45.623191625703257],[2.99684302766215,45.623278065386998],[2.996569673925039,45.623377110126746],[2.996350220117331,45.623458146375107],[2.996117933458914,45.623523873603126],[2.995926715302681,45.623555383625899],[2.995753465194698,45.623565282495832],[2.995582782616022,45.623563474966659],[2.995424934673435,45.623545459070513],[2.995272220605974,45.623522040291967],[2.995132340651553,45.623490517546841],[2.994953962626202,45.623441883798336],[2.994657522509815,45.623357225045808],[2.994481710720371,45.623321197383525],[2.994214782621706,45.623291468155585],[2.993937586659393,45.623276145413151],[2.993716854247413,45.623285138099916],[2.993471736090734,45.623315740448732],[2.993184264991514,45.623370652652035],[2.9929404238653,45.623445377415102],[2.992685028090051,45.623550717202143],[2.992452729826806,45.623666863715982],[2.99223454498945,45.623799219357423],[2.99201379230544,45.623932474874863],[2.991827693397084,45.624034215699595],[2.991667264030008,45.624113446133059],[2.991478602591187,45.62418006749067],[2.991266841207053,45.624242184344517],[2.991026848364461,45.624288089920952],[2.990807392254473,45.624312385156124],[2.990617456126119,45.624317772357969],[2.990510938548966,45.624316862947239],[2.990417255993945,45.624306949733885],[2.990272242965362,45.624278121946752],[2.99007846638013,45.624230379613842],[2.989870572532375,45.624187138075314],[2.989644711546081,45.624147496419155],[2.989431683265383,45.62411325839286],[2.988556526436719,45.623716061336609],[2.987800707007942,45.623428728983626],[2.987093585604294,45.623467370723795],[2.986564911003184,45.623236786104094],[2.985811671149837,45.622964748861442],[2.985138045123635,45.622538735146158],[2.984465690786953,45.622191059295346],[2.984197458110148,45.622273866050847],[2.982531716397684,45.622336653363782],[2.982095407988826,45.6222942622584],[2.981750226586293,45.622214964621897],[2.981685851282284,45.622851593108685],[2.981018350951631,45.623371059147566],[2.980557569941912,45.623563683094048],[2.980403462852405,45.623868018440383],[2.980018359517499,45.624152502256173],[2.980310918042714,45.624275019042265],[2.980824241451799,45.624317430221382],[2.980838311545054,45.624452504553872],[2.980573799206089,45.624858575501896],[2.979689563112416,45.624863822268232],[2.979953672093194,45.625590556698469],[2.978290293460873,45.625906316482833],[2.977783171968982,45.626368163613321],[2.977644474621429,45.626593256086792],[2.978619825069225,45.626678090706477],[2.978686510294938,45.626812274842202],[2.977752483437428,45.629283010891463],[2.976936846837988,45.630817264724094],[2.975513827446965,45.632864656127801],[2.975779353357751,45.633248318192521],[2.975961513162676,45.63348968597424],[2.976103918636312,45.633650902280891],[2.976221931772252,45.633824719984347],[2.976522088227849,45.634292132316673],[2.975688970757713,45.634464847694829],[2.974926530463093,45.63444937226577],[2.974542758418772,45.634408764501757],[2.973196269186444,45.634437267281314],[2.972223217614233,45.634631535132371],[2.971662173951684,45.634860117317373],[2.970506436377764,45.635810727836692],[2.969553522861085,45.636671333562155],[2.967551335805018,45.638385289453502],[2.966560284498004,45.638478649404099],[2.964703941366155,45.638714008601845],[2.964574823584172,45.639886394128602],[2.964540015346572,45.640117806766064],[2.964032684178257,45.640525563678914],[2.965053990804441,45.641375038947409],[2.965761279361761,45.641460801991975],[2.965843167383768,45.641901162102236],[2.965725732873405,45.642891655627004],[2.965911561228244,45.643410389203289],[2.966565026399611,45.643382670264565],[2.967132356409392,45.643558431165339],[2.968422207367415,45.644190037694472],[2.968557784770512,45.645081552101644],[2.96818894828748,45.645739700339441],[2.968086254382329,45.645716258759421],[2.968034906942635,45.64570543841549],[2.967550961949541,45.64559724220377],[2.967248020110033,45.645522414525928],[2.966806442106642,45.645418729838937],[2.966307094933243,45.645312324701727],[2.965987465426419,45.645239289599793],[2.965933547854546,45.645233870409101],[2.965299338870623,45.645228273821203],[2.964540582319367,45.645247847977288],[2.963861431009181,45.645254835863014],[2.962966592250311,45.645267151794378],[2.95759863663763,45.645600237066496],[2.955576572688915,45.645621068876657],[2.955202327125877,45.646422349072431],[2.954029059644099,45.649299815309249],[2.954071178240053,45.649602394360357],[2.953921970920225,45.649928307789118],[2.953720326959807,45.650006566997135],[2.953581606961257,45.650071344578294],[2.953481399670992,45.650142441280629],[2.953408157263216,45.650210847610929],[2.953291209570903,45.650339568051507],[2.953193538119203,45.650447585305912],[2.952592097664039,45.651091178179691],[2.952358149292368,45.651400845195568],[2.952151194578091,45.651672702969115],[2.952119065495603,45.651706907623186],[2.951994447556442,45.651789698895527],[2.95195976987169,45.651801390369691],[2.951932811703114,45.651795075490533],[2.951831473409833,45.651684272905435],[2.951798093845387,45.651679756210505],[2.951694079681036,45.651693218861261],[2.951568223619508,45.65172288069725],[2.951425649595838,45.651782251085031],[2.951331878520567,45.651828135169559],[2.95096178667968,45.652171958691767],[2.950828129236362,45.65230967414054],[2.950685507200462,45.652420371046965],[2.950523641493203,45.652512149197676],[2.950399054845243,45.652555317517667],[2.950229536050234,45.652589461027219],[2.949742792577131,45.652707207958471],[2.949607943495509,45.652738664556821],[2.949232213098092,45.652211713800156],[2.948984741033907,45.651844205301487],[2.948745021945022,45.65142717329288],[2.948391081462556,45.650958761020604],[2.947747246459352,45.650201158812088],[2.947607470168164,45.650017395561704],[2.947542054833698,45.649948028001837],[2.947479212663518,45.649873258713811],[2.947434327822956,45.649817407894503],[2.947357348965114,45.649757039646836],[2.947152026715073,45.649644383231816],[2.947085297486319,45.649607432136037],[2.946700377037675,45.649338006515791],[2.94665162342696,45.64930106367207],[2.946606700817079,45.649285734186662],[2.946473171802263,45.649286571263993],[2.945782439827812,45.649266430151698],[2.94523804091255,45.64928147486242],[2.945077560191969,45.649271491390614],[2.944946624996443,45.649246213951074],[2.944692419828385,45.649234383097451],[2.944477006909285,45.648948824348686],[2.944367987971093,45.648835309830403],[2.944324367485005,45.648802870924584],[2.944311551895082,45.648779452060779],[2.944320573686768,45.648745238216485],[2.944329597277681,45.648709223408972],[2.944314212075276,45.648687604238496],[2.94427442896915,45.648669574919488],[2.944164030853373,45.648651510587392],[2.943585082963602,45.648557571871322],[2.943070316570113,45.648478970839811],[2.943021553166842,45.648454633164626],[2.942985649247153,45.64841049138321],[2.942978005160537,45.6483528566812],[2.942992214295571,45.648269119076687],[2.942992248591809,45.648235801270459],[2.942976866824506,45.648211480474387],[2.942905008370091,45.648172723341865],[2.942537946971781,45.648043767710043],[2.942254326220409,45.647928360936369],[2.942028462861523,45.647830992837925],[2.94168965319469,45.647700248022524],[2.941508729649781,45.647601101185813],[2.941463841250674,45.647556053771602],[2.941392066657574,45.647439854294433],[2.941286923924035,45.647311931114018],[2.941195842161198,45.647242546489231],[2.940900711877016,45.64709111103177],[2.94048873845715,45.646951319359744],[2.940061377280059,45.646796209801586],[2.939959978170133,45.646771842766718],[2.939835438266364,45.646776278688307],[2.939188286644364,45.646851571441339],[2.938970023139564,45.646856856222826],[2.938782596318003,45.646840545793729],[2.938184385338621,45.646776284723238],[2.938077833506054,45.646768121832949],[2.937972541366309,45.646781571095367],[2.937741365460962,45.646852581540408],[2.937399733428509,45.646961350377119],[2.937240502877565,45.646988276175442],[2.936747442901022,45.647034825282773],[2.936212003907305,45.647090353044554],[2.936095136096143,45.647120903144931],[2.936012921333047,45.647161378123528],[2.935930789787543,45.647129814553978],[2.935839648269837,45.64711805638737],[2.935674065119553,45.647086445040578],[2.935516249350002,45.646999908516442],[2.935263421427679,45.646918720067745],[2.93486684873461,45.646796926305093],[2.934617873222082,45.646716639117393],[2.933317268362051,45.646757298428163],[2.933192342344653,45.647081397776986],[2.93281552736911,45.647608855838172],[2.932730411394574,45.647921272187766],[2.932561968162034,45.648129182710122],[2.932408335924011,45.648824262553255],[2.932666334677173,45.648880247024877],[2.931964876439484,45.650283676636732],[2.931594063678371,45.650082644470608],[2.930922982944603,45.650773804910919],[2.930271659837103,45.65105615478118],[2.928990148168841,45.651144501556089],[2.928914300469151,45.651217392742055],[2.92886413776762,45.651285797698073],[2.928834528912007,45.651346111286827],[2.92881390433317,45.651409131995159],[2.928808695509838,45.651465859073859],[2.928821468128263,45.651518095111172],[2.928877781503308,45.651659506388746],[2.928902074216897,45.651739664639869],[2.928916140215872,45.651784697627285],[2.928941752843087,45.651836941757992],[2.928972522246251,45.651872980457952],[2.929009732393113,45.651892814532403],[2.929021172838751,45.651982869958516],[2.929046805270489,45.652019805882198],[2.92917120349798,45.652136046403299],[2.929399493176851,45.652340599231877],[2.929652138213845,45.652578484660381],[2.930026612394646,45.652938010400938],[2.930180460723335,45.653122704759909],[2.930227894331001,45.653182165989669],[2.93025221802126,45.653239811921907],[2.930272680639586,45.65330465931595],[2.930333978154022,45.653571240001234],[2.930380953814287,45.65399539620195],[2.930397122209869,45.654412329499777],[2.930389190424731,45.654593321541981],[2.930359438771605,45.654767096234458],[2.930323213401221,45.654983189586446],[2.930317867544218,45.655149775514872],[2.930308570865549,45.65539470096742],[2.930299174360079,45.655718868814333],[2.930269455838203,45.655865629047923],[2.93020372956646,45.656054689636008],[2.930195955835184,45.656109614245835],[2.930204881987341,45.656159146313414],[2.930239493254393,45.656205992849038],[2.930312632820426,45.656248360813358],[2.930428036427557,45.658423097489205],[2.930245591554008,45.660539118951228],[2.930119457282746,45.660764161443957],[2.92995358857456,45.661943690907883],[2.930030243405471,45.6642912976586],[2.930240778958602,45.664358964498611],[2.930678544954208,45.66449610824192],[2.931116319840689,45.664627847390761],[2.93160031876552,45.664769518236042],[2.932145942750392,45.664930134292966],[2.932490001026256,45.665037498554511],[2.932815572429247,45.665563575381661],[2.933158224800522,45.666839763916883],[2.933326946466218,45.667512524903081],[2.933539713509633,45.667874644934543],[2.93382317286071,45.668195383901143],[2.934181155738319,45.668493653654266],[2.934368442071523,45.668689167831651],[2.934504416362506,45.668832423838019],[2.934716007365149,45.669113497491686],[2.934841649146042,45.669307174173774],[2.934991335752352,45.66980702895453],[2.935044992123681,45.670052891884886],[2.935110340614427,45.670186201101323],[2.935194975630619,45.670302412194502],[2.935278304479469,45.670437532626856],[2.935276952685717,45.670495162791042],[2.935190791378551,45.670585161590878],[2.934567187541336,45.671144001276581],[2.934046474703569,45.671578631108737],[2.933929363771057,45.671768564500844],[2.933787795783552,45.672001706611425],[2.933715723114984,45.672121428536059],[2.933409288662909,45.672731775670925],[2.932943329493604,45.673541934525176],[2.932642114185537,45.674072139705501],[2.932532682620602,45.674276484021014],[2.932573655125302,45.674384566605923],[2.932710765646439,45.674657495180526],[2.932813281847304,45.67485926474405],[2.932873514394944,45.674974562581291],[2.933023525418768,45.675204275250266],[2.933191497208927,45.675453809021391],[2.933376105549999,45.675756480934339],[2.933505573489209,45.675981678401037],[2.933586330107514,45.676123102011914],[2.933619661372759,45.67617895165953],[2.933653030481556,45.676203284384009],[2.933691550760943,45.676216814324569],[2.933766035206816,45.676233066856632],[2.933771091521672,45.676301506604602],[2.933785148334149,45.676362747772814],[2.933810753240658,45.676434801532636],[2.933819721433376,45.676454617447732],[2.933842777763641,45.676509560509288],[2.93387995028389,45.676576218144071],[2.934033810635262,45.676816737557836],[2.934199212031047,45.677075273186198],[2.934456981744695,45.6774374180143],[2.934709667472269,45.677756336083185],[2.935056018287359,45.678171659419867],[2.935131682718003,45.678279761098523],[2.935189387303412,45.67836714126291],[2.935218863521295,45.678426590163347],[2.935261160542164,45.678507658041866],[2.93530343979411,45.678604034123246],[2.93537517578081,45.678776968235837],[2.935490448407506,45.679070592109099],[2.935537858568811,45.679174174916959],[2.935591682577166,45.67928586572971],[2.935627568162775,45.6793579249685],[2.935675010221512,45.679434493216334],[2.935763672246271,45.679414733160293],[2.935831788595062,45.679387757460162],[2.936200625781707,45.679257396769835],[2.936728830884163,45.679059588196559],[2.936980743577602,45.678947168903562],[2.937161966952287,45.67886532609495],[2.937308494140238,45.678793369015565],[2.937422884389628,45.678740304062416],[2.93752826896295,45.678698940291618],[2.937665783731852,45.678644086946569],[2.937825135486176,45.678590145973118],[2.937942076862984,45.678552390130193],[2.938017888620948,45.678534422190381],[2.938093697308321,45.678519155649894],[2.938172068117155,45.678510193852723],[2.938263279899283,45.678505741459411],[2.938393018703525,45.678511215393641],[2.93847523425063,45.678510359844182],[2.938515063922723,45.678504078203389],[2.938557471785933,45.678489693598891],[2.938614029217587,45.67845820749433],[2.93870915450798,45.678399727833444],[2.938773418359181,45.678369146325998],[2.938846666368374,45.678345773531539],[2.939259140063421,45.678238839109426],[2.939913179281175,45.678073500836398],[2.940170157084014,45.678018708099543],[2.940437402374071,45.677972024561946],[2.941001446715497,45.677869666229562],[2.941690128819857,45.677734051757355],[2.941871285465671,45.677705329901961],[2.942022892742687,45.677680194485959],[2.94218092937863,45.677648758779057],[2.942323550856031,45.677617314958688],[2.942443051588659,45.677584058178589],[2.942613960585905,45.677526514408399],[2.943032887339905,45.677377246726699],[2.943492944815215,45.677201884098537],[2.943669963740012,45.677449605824236],[2.943856061276471,45.677613586799382],[2.944035753376918,45.677761355576294],[2.944211618084013,45.677883908622995],[2.944366955461261,45.67798123771027],[2.944315300995251,45.678250456878573],[2.944186486337471,45.678602482347564],[2.943849136189981,45.679374929949375],[2.943120115157898,45.681247571084505],[2.943750663715047,45.681466705345088],[2.943911111615936,45.681600957485607],[2.94403431831498,45.681721683640703],[2.944084251504943,45.681889198493202],[2.944089141895559,45.682135033104338],[2.944055650848857,45.682223263929139],[2.943959137828821,45.682382601664031],[2.943813806722964,45.682541014496671],[2.943393495664548,45.682751517393648],[2.94291555076217,45.682786395107392],[2.942359268422664,45.682792415242552],[2.942245929020944,45.683066104411694],[2.941904837707507,45.683679158839134],[2.941611123988281,45.684434513362241],[2.941504324029949,45.684592042725598],[2.941415536612613,45.684724367795063],[2.941259937968488,45.684860259918125],[2.941096700005106,45.684930412471729],[2.940761245940215,45.685055403915278],[2.940229136943135,45.685259532829789],[2.939663842030344,45.685260131980925],[2.939383753731573,45.685269886956526],[2.939241136566574,45.685277914491166],[2.939129351608386,45.685287759477319],[2.939027841712765,45.685300311367385],[2.938913479199925,45.685317358620075],[2.938853078554229,45.68533263408905],[2.93875669858914,45.685353292879292],[2.938650031475706,45.685382050345829],[2.938664088009529,45.685450494819236],[2.938725642996225,45.685553183545245],[2.938801325682009,45.68566038233601],[2.938821853106885,45.685686507535031],[2.938864214668637,45.68571894797234],[2.938740796053387,45.685791820174522],[2.938691927861224,45.685834116363047],[2.938663633929965,45.685860215012795],[2.93864561516496,45.685889020705282],[2.938637872578013,45.685919632961529],[2.938639121410421,45.685952051083866],[2.938660870766527,45.686034907502368],[2.938736403467976,45.686278079421541],[2.938778619002562,45.686442891039199],[2.938836182607904,45.686670744894961],[2.938914166276944,45.687022876669481],[2.938980618444524,45.687347087131279],[2.939025391254473,45.6875245068384],[2.939039453756195,45.687588448855635],[2.939036845444433,45.687623566344207],[2.939022674789937,45.687657777090926],[2.939061158743516,45.687712727474846],[2.939084233888256,45.687759565153954],[2.939131602756851,45.687913573627092],[2.939223777563059,45.688216186228068],[2.93926221269022,45.688316160751874],[2.939378846156814,45.688577364122096],[2.939495419685168,45.688894397394947],[2.939585059871403,45.689168192848491],[2.939672132214196,45.689441086376171],[2.939725950032977,45.689575287405667],[2.939766960654564,45.689671661205203],[2.939791298563017,45.68974011105464],[2.939806639541491,45.68981125754712],[2.939819399075885,45.689893208476178],[2.939828279565138,45.689997669451863],[2.939838428317215,45.690117439346025],[2.939855040632788,45.690201193299579],[2.939883198292932,45.690302062622962],[2.939988229041243,45.69060558199152],[2.940093255092809,45.69091450417482],[2.94011373245465,45.690989255301503],[2.940139329965295,45.691082018841968],[2.940284069211835,45.691502622071987],[2.940437771131311,45.691954746837446],[2.940573625865164,45.692277192167367],[2.94060942585318,45.692442900268233],[2.940629747001815,45.692664430270575],[2.940615448483495,45.692817505175768],[2.940611520232886,45.692885939961549],[2.940643505510376,45.693014726164563],[2.940675500590515,45.693134507515104],[2.940688271829631,45.693207453521161],[2.940695911042121,45.693273192945334],[2.9406828000065,45.693517217474898],[2.940677582975855,45.693589253527982],[2.940695516335194,45.693641491098212],[2.940785262655314,45.693828839179815],[2.940881403609086,45.694045006068265],[2.940937740141539,45.694234137469209],[2.941005434437951,45.694617779563757],[2.941015680652433,45.694649301905123],[2.941025924959188,45.694682625214732],[2.941016923396115,45.694688923898561],[2.941003963210544,45.694792472896758],[2.941035920757609,45.694949174028324],[2.941102607654484,45.695073475847543],[2.941198784545029,45.695259026008237],[2.941256438984627,45.695419342429403],[2.941251169938684,45.695540905173175],[2.941243313657356,45.695678675301053],[2.941264879569745,45.695941628204942],[2.941310889588353,45.69617757928885],[2.941373605232493,45.696413539050688],[2.941368406002965,45.696469366426577],[2.941401629593809,45.696645878805363],[2.941406635238021,45.696772849820981],[2.941423036484906,45.697060113129972],[2.941444539943179,45.697383398503391],[2.941477745277747,45.697577920566474],[2.941476392610907,45.697641854316977],[2.941463472604158,45.697707583029938],[2.941402940888587,45.697834519991417],[2.941293501370883,45.698032569789454],[2.941191770473468,45.698231523992973],[2.941114467533382,45.698418784566641],[2.941052650130993,45.698544820190065],[2.941022982241484,45.698649260963819],[2.94100353048906,45.698814039597018],[2.940998060836655,45.699122903206785],[2.941004269251356,45.69932641614907],[2.940997706508974,45.699455182121369],[2.940956334797316,45.699688386166542],[2.940891880008342,45.69987565333961],[2.940841569577742,45.700054823536021],[2.940833762670574,45.700144867979319],[2.94081165869597,45.700385285981596],[2.940793545742221,45.70049873763228],[2.940774200613308,45.700562661933631],[2.940751008770878,45.70061847984045],[2.940646732805065,45.700787716233606],[2.940498731015731,45.700985744989019],[2.940255514877138,45.701289079917913],[2.940196315138635,45.701366490270388],[2.939998153692228,45.701597809712474],[2.93984891513659,45.701747210750796],[2.939679143884935,45.701868685553038],[2.93942712146641,45.701991016406268],[2.939078710670364,45.702114195117339],[2.938870403895954,45.702215837184674],[2.938667203036691,45.702348098156861],[2.938532129628976,45.702466888660581],[2.938397006512586,45.702629802770979],[2.93828235585727,45.702872871155144],[2.938241016382709,45.703064651945965],[2.9382213536932,45.703409527169612],[2.93821461605244,45.703688674031021],[2.938238523948607,45.70414613386373],[2.938306158436423,45.704577503565211],[2.938364920848757,45.704898108639625],[2.938391776996939,45.705017887928648],[2.938386530827719,45.705112436064965],[2.938359386703181,45.705251096029365],[2.938306521848467,45.705404149684121],[2.938275443327138,45.705613045368992],[2.938291874125477,45.705861588447121],[2.938316038618341,45.706090325072083],[2.938337568580782,45.706376691347501],[2.938460423637489,45.706852215027737],[2.938491165764494,45.706945882340165],[2.938584818990211,45.707099916498223],[2.938655465691294,45.707138675866318],[2.938738951210587,45.707190048971952],[2.938934148969231,45.707337834590021],[2.939549328682835,45.707764096062071],[2.940084873691651,45.708149790010403],[2.940278797026542,45.708293970684394],[2.940360982057184,45.708362451134633],[2.940431594769636,45.708435427839213],[2.940584367181635,45.708601197895277],[2.940729425785626,45.708769665147301],[2.940889918600986,45.708929135449992],[2.940986218768844,45.709021035483744],[2.941068409592356,45.709085913479633],[2.941154469002225,45.709139087117869],[2.941284208253037,45.709212094145961],[2.941633616382521,45.709399576716855],[2.941796751544671,45.709495112594873],[2.941885373477578,45.709557291859127],[2.941956009567321,45.709611357418645],[2.942049745813691,45.709699653281959],[2.942223099376315,45.709858227818714],[2.942369473177314,45.710005982465624],[2.942459333202445,45.710114987186721],[2.942544084960753,45.710192472221514],[2.942609583950792,45.710243833296069],[2.9426609592517,45.710280779371701],[2.942720044802025,45.710319530314742],[2.942992389542819,45.710462845674499]]]]}},
{"type":"Feature","properties":{"nom":"Manglieu","nom_m":"MANGLIEU","insee_com":"63205"},"geometry":{"type":"MultiPolygon","coordinates":[[[[3.390206123569503,45.62895365177036],[3.390360203108854,45.628598324028708],[3.390553957683501,45.628409449219717],[3.390736153798372,45.628219713715261],[3.390772674338066,45.628120532916057],[3.390726770324273,45.627981116209497],[3.390646138222208,45.627831014147091],[3.390494665219413,45.62764513822173],[3.39037843863171,45.627179087205491],[3.390929079364478,45.627186180716656],[3.391415913012225,45.627244821451271],[3.392010062644054,45.627233748526564],[3.391958496804972,45.626838612643823],[3.391863236311524,45.626253625349761],[3.39177621862375,45.626108048807687],[3.391789628890035,45.6260080476466],[3.39158555178905,45.6258241573302],[3.391325992588741,45.625598136529455],[3.391146448513873,45.625434871408551],[3.390967928322061,45.625234682333321],[3.390806474032899,45.625088463157333],[3.390647746013068,45.624964746556344],[3.390563655699256,45.624869586424047],[3.390466383226899,45.624724944987555],[3.390367662968919,45.624556895738145],[3.390244414122195,45.624368220186312],[3.390034657044652,45.624105103656213],[3.389928904686091,45.624031629914171],[3.389877425991371,45.624011096993641],[3.389814201029745,45.623962689533961],[3.389794672450075,45.623923135597401],[3.389799311591196,45.623852881271162],[3.389767929127385,45.623770144847498],[3.38970857348765,45.623724425400482],[3.38965823282039,45.623683177160139],[3.389601152725048,45.623596027217836],[3.389495060082507,45.623473927772046],[3.389380155614516,45.623376171960793],[3.389273179147185,45.623310806264563],[3.389112259823136,45.623239323570154],[3.388945935885561,45.623129138241907],[3.388841280549431,45.623028644993788],[3.388658610724856,45.622783442178601],[3.388489465209211,45.622453546302509],[3.388361828475527,45.622186541260554],[3.388278108286195,45.621959906622124],[3.388179723953514,45.621654979867365],[3.38809494910772,45.621460766393746],[3.388021090452483,45.62135926570749],[3.387914106874013,45.621292097794907],[3.387798291998079,45.621246571980208],[3.3876081239094,45.621212108065095],[3.387448684985725,45.621167632638439],[3.387292743616975,45.62107271750385],[3.386928066825662,45.620856953927813],[3.386492330721895,45.620572095539458],[3.386110582919925,45.620299657110493],[3.385838546855103,45.620117790754726],[3.385670905425427,45.62000040127127],[3.385492723232355,45.619843426097702],[3.385388337149091,45.619779848875005],[3.385206876464893,45.61970482906294],[3.385048714513855,45.619658544912525],[3.384839311506426,45.619625042655834],[3.384648123892073,45.619627497338712],[3.384492710276095,45.619607317219383],[3.384301060552404,45.619543136646428],[3.384130857683249,45.619425753640044],[3.383963284363344,45.619317366304934],[3.383786760394873,45.619213511700607],[3.383612959361448,45.619132159782872],[3.383427784427255,45.61907606006821],[3.383164371518769,45.619025629429558],[3.382881748312776,45.618980666482017],[3.382587383967482,45.618907827568272],[3.382498631423119,45.618877512648666],[3.382391870614371,45.618840955431281],[3.382246489606024,45.618786519521343],[3.38213571807096,45.61872656295705],[3.382035249628228,45.618671974242282],[3.381918143240199,45.618623745338347],[3.381724026555041,45.618573076120732],[3.381402830337256,45.618516533956793],[3.381289648770673,45.618479096973502],[3.381208534845202,45.618439750262901],[3.381125052841497,45.618429227180123],[3.381046883225282,45.618444800242003],[3.380955603021375,45.618419895608795],[3.380887216131792,45.61836519725707],[3.380718773813929,45.618128938568333],[3.380433480222634,45.617694066604031],[3.380263251989588,45.6173839731699],[3.380047171450313,45.61712356128789],[3.379827391601919,45.61688477323564],[3.379525084764564,45.616586830864904],[3.379456707715577,45.616533032121893],[3.379416837548191,45.61651965923285],[3.37935526480555,45.616522568308298],[3.379337208229011,45.61650912184512],[3.37915930782316,45.616389055902971],[3.378933808668745,45.616251140209471],[3.378735361232701,45.616128441333558],[3.378547136726836,45.615999404295046],[3.378493011177057,45.615965367789244],[3.378453024802633,45.615934885658305],[3.378428491456671,45.615912455944191],[3.378414241668385,45.615892693107675],[3.378398647264355,45.615863929899803],[3.378386914579093,45.615836954681697],[3.378377748174059,45.615809970832537],[3.378356510967574,45.615706485995922],[3.378334825040955,45.61553726695908],[3.378312261860576,45.615427483152196],[3.378291252369325,45.61535731563923],[3.378267744301608,45.615297061903021],[3.37815717335621,45.615076813749312],[3.378057113922256,45.61489254973808],[3.377932258475904,45.614647135680407],[3.377825582444705,45.614433177563605],[3.377732051250917,45.614265100161894],[3.377818258263643,45.61411172758983],[3.378914393665836,45.611535344631484],[3.379782278797296,45.61086425566458],[3.380742203700908,45.610146923606074],[3.380863284315395,45.609469346232984],[3.381114698732889,45.608714785786148],[3.381314391211202,45.608089170002607],[3.381348225519011,45.607971991797648],[3.381897742327123,45.606912954129307],[3.382221470864065,45.606230184885668],[3.383210319358622,45.60433129258719],[3.38363803365285,45.603663473360662],[3.383192086853891,45.603549730791777],[3.383180391794355,45.603528158908873],[3.383157039052211,45.603490417942297],[3.383118074315899,45.603421213051078],[3.383089521813713,45.603373584408573],[3.383067514278485,45.60334484372644],[3.383044273705965,45.603323311145154],[3.383073635998197,45.603302499929839],[3.383102904907862,45.603268181700301],[3.38314474699711,45.603196900619785],[3.383176338706104,45.603127455416285],[3.383188880741292,45.603085990232849],[3.383193819108969,45.603058058273902],[3.383190400547311,45.602934703024268],[3.38315874150383,45.602623241924618],[3.383145683453733,45.602404467759889],[3.383117269028006,45.602191148829561],[3.383078548745952,45.601971561576633],[3.38305326049313,45.601839275929869],[3.383024316838346,45.601734917859126],[3.38299940215279,45.601656660221096],[3.382957829742384,45.601581160753661],[3.382895589527921,45.601485020396908],[3.382824363708578,45.60138801009969],[3.382742962806403,45.60130364121391],[3.38262539521371,45.601183375772926],[3.382496214643678,45.601053244332107],[3.382323121705231,45.600880038578488],[3.382091950729325,45.600655702040577],[3.381902109714002,45.600471746686928],[3.381774333116894,45.600358718942516],[3.381636152253185,45.600225015132651],[3.381417963182451,45.600022244908011],[3.381257958420666,45.599885913178916],[3.381103135024812,45.599756767575251],[3.380934084415352,45.599610560675217],[3.380700544384609,45.599413244001099],[3.380442275303766,45.599163782200996],[3.380230502321944,45.598960087535339],[3.380045736338744,45.598766206600516],[3.379855822194731,45.598569641292769],[3.379651793192848,45.598372222826612],[3.379323779734374,45.598051855375935],[3.379140358100231,45.597866072847467],[3.3789606011562,45.597653263053957],[3.37849632542243,45.597101026469026],[3.378341049144995,45.596903441624796],[3.37818188289438,45.596699566240964],[3.378016163143014,45.596475001454806],[3.377855673669237,45.59626482666188],[3.377652691428999,45.596030481170843],[3.377479463748484,45.595832955450959],[3.377274011274059,45.595612124897031],[3.377107132178949,45.595404671966357],[3.376494881448137,45.594778182969797],[3.3763943152254,45.594701978147597],[3.376329883386815,45.594658069877944],[3.376141896240592,45.594552441225076],[3.376103270339935,45.594530958701483],[3.376022225677552,45.594496110679181],[3.37599519859755,45.594482693725396],[3.375883291335414,45.594436242438711],[3.375759809992821,45.594385327273876],[3.375599059174926,45.594323730594127],[3.375434473003566,45.59426394746265],[3.375309758593659,45.594220239819592],[3.37523264811911,45.594197984923362],[3.375158170007836,45.594185626551678],[3.375100396634835,45.59417771485704],[3.375037511019259,45.594172521640395],[3.374972072329909,45.594169137874317],[3.374918140811328,45.594160312790926],[3.374877029554083,45.5941505444654],[3.374825626803655,45.594136307987256],[3.374779342434756,45.594120253456659],[3.374830471169901,45.594093968953445],[3.374688693890689,45.593992686320043],[3.374389852770526,45.593805479689109],[3.374128343377738,45.593637958813495],[3.373873187923724,45.593461411347874],[3.373664335638794,45.593303619713851],[3.373469508325106,45.593133174312861],[3.37327589811964,45.592952819186912],[3.373079717910721,45.592771571773447],[3.372902856688407,45.592601966302034],[3.372786738653147,45.592500596233535],[3.3726707239497,45.592414533979749],[3.372433692305333,45.59226133590451],[3.372232852512962,45.592149439948649],[3.371844007221285,45.591926505027935],[3.371457778479632,45.591710764029379],[3.371170720767006,45.591555927564521],[3.371061304220811,45.591496856495304],[3.370851552217474,45.591393992368673],[3.370632696597098,45.591272247638351],[3.370512912331098,45.591197001449686],[3.370424030251282,45.59113966308999],[3.37035323657571,45.59110207580067],[3.370309491086516,45.591081508655435],[3.370238781754844,45.591056527827845],[3.370074373361963,45.591021049473532],[3.369793108018969,45.590964343490612],[3.369280604796765,45.590851665656352],[3.368671714430523,45.590709585446767],[3.368328686152758,45.590622461722305],[3.367889348176235,45.590517642309081],[3.367428184682823,45.590409290547179],[3.36677820293721,45.590258329500386],[3.366376153744818,45.590166889878198],[3.366087100190177,45.590094891764892],[3.36598690155326,45.590070904749822],[3.365911160395211,45.590060345367647],[3.365841867614886,45.590055167875647],[3.365770081061459,45.590060804285251],[3.362696323239517,45.589557481992287],[3.362322707406488,45.589497453231026],[3.362246638113214,45.589240159306861],[3.3621907191472,45.588926069838706],[3.362133959444427,45.588679519499308],[3.362020993595462,45.588467368543363],[3.361918218055239,45.588244378858782],[3.361739754448224,45.587821724734873],[3.361594136613496,45.58751872934733],[3.361473169179433,45.587258877868187],[3.361310685862415,45.586729013974853],[3.361263601880099,45.586588689484564],[3.36119090421,45.586453850158982],[3.361033956152467,45.586182407494213],[3.360868857812806,45.585840752908162],[3.360705254840104,45.585531510778573],[3.360596569829765,45.585384179720464],[3.36018141429703,45.585242332988727],[3.35978018058205,45.585071624662305],[3.359397987188275,45.584870237564488],[3.358985071078685,45.584677051627452],[3.358256009816133,45.584380415515341],[3.357886999504565,45.584233010441551],[3.357010078851503,45.584074610996851],[3.356685005617257,45.583978390154115],[3.356464956927348,45.583861124352168],[3.356292485047291,45.583763518064792],[3.356112325204751,45.583666836347099],[3.356022280211238,45.583623898180775],[3.355900187160945,45.583582862346006],[3.355779422905309,45.583549026055472],[3.35566767595209,45.583521464511144],[3.355534134283529,45.583494872250235],[3.355322344011472,45.583464925164726],[3.355077229207818,45.583437784365707],[3.354879632101843,45.58342129890552],[3.354814218858463,45.583419704348898],[3.354762963725073,45.583426169453944],[3.351676002290325,45.58218239101766],[3.350503892651922,45.582180647655214],[3.350404883605071,45.582138633443805],[3.350284091716678,45.582099388455866],[3.350066975522743,45.582037030647925],[3.349878151144039,45.581987191182371],[3.349690592420414,45.581934646011554],[3.34950815778192,45.581881184118544],[3.349391168747393,45.581834722480181],[3.349221388075918,45.581754206271192],[3.349096575069971,45.581687057482938],[3.349060527636359,45.581664657273627],[3.349025756909592,45.581641352605708],[3.348974230712077,45.581604592660156],[3.348935584692094,45.581576797568893],[3.348845435345576,45.581515844327775],[3.348712702759066,45.581412700308512],[3.348496211191281,45.581244980870942],[3.348366072858719,45.581146330831466],[3.348201136722227,45.581019873386659],[3.347951177749657,45.580831545405324],[3.347795231062266,45.580706860527016],[3.347684330071235,45.580608150209713],[3.347590144790809,45.580516591990154],[3.347396549992769,45.58031818322727],[3.347159064850007,45.580073084471927],[3.3469951746585,45.579907901240404],[3.346879046078339,45.579792997562713],[3.346818445525563,45.579740055923665],[3.346792669953985,45.579719424284804],[3.345963202168194,45.580367626551286],[3.345229256334549,45.580913774741603],[3.344788946846834,45.581251906789653],[3.344286697269482,45.581735204734272],[3.343961692610756,45.582057672215434],[3.343508398356789,45.582579537751805],[3.342995547859239,45.583218646098487],[3.341933808234982,45.583857621475346],[3.341812491174235,45.583940834854801],[3.341637490435672,45.58405302670743],[3.341511065071763,45.584139857217203],[3.341383334728281,45.584223089608628],[3.341328407458348,45.584258375230746],[3.341290095991365,45.584284605555943],[3.341187979925761,45.584362357078426],[3.341131902949924,45.584419257717123],[3.341079750647147,45.584488753205321],[3.34102503892434,45.584559156915404],[3.340967784381966,45.584633170246427],[3.34089771104947,45.584708122892529],[3.340828803703451,45.584764161789188],[3.340736934403956,45.58484008087634],[3.340550574893294,45.584982921918176],[3.340393577564996,45.585104062152354],[3.340148522823437,45.585295706332936],[3.340038786014309,45.585386086641577],[3.339981440954294,45.585445691993549],[3.339929253118864,45.58550978414943],[3.339877087242829,45.58557747815243],[3.33980586125579,45.58567404522713],[3.33960474703679,45.585921385473938],[3.339560142702248,45.585967444869191],[3.339498866473629,45.586013554578805],[3.33945412966038,45.586038002705521],[3.339408066259298,45.5860552509427],[3.339353020174552,45.586071625783042],[3.339287675888432,45.586081728275715],[3.33923512852551,45.586087289706363],[3.339181249123631,45.586084750770183],[3.33914015566307,45.586075869859336],[3.339097724692679,45.58605798812237],[3.339066813757079,45.586036469698911],[3.339042315084252,45.586014931935281],[3.339016445885976,45.585978990547559],[3.33898673488854,45.585943961219137],[3.338968687052852,45.585928707385399],[3.338950694277102,45.585922458226861],[3.338926333314855,45.585923432133313],[3.33888407315154,45.585933464817963],[3.337862523434925,45.586028387958308],[3.337847315131163,45.586058149631988],[3.337797645262506,45.586115029354247],[3.337486749998144,45.586448241509864],[3.337183310306061,45.586742709624197],[3.336885232554231,45.587075881686374],[3.33667905779983,45.587337639592917],[3.336607938790475,45.587453114489215],[3.336520121819034,45.587775750729968],[3.336510512310519,45.587882937134701],[3.336409076832773,45.588075043798263],[3.336321447713352,45.588217582437927],[3.336171658048756,45.588472867398835],[3.335998759982254,45.588724619266614],[3.335802655056978,45.588956629505994],[3.335673835159792,45.589074977545557],[3.33547336787031,45.58922235468485],[3.33511536114134,45.589405319899981],[3.335015601590441,45.589451541824531],[3.334872284852498,45.589505997724316],[3.334783942619914,45.589531474301957],[3.334643081801125,45.589567912907413],[3.334512443013013,45.58959801754073],[3.334366386548553,45.589623665438225],[3.334201097394757,45.58965027078365],[3.333985811001503,45.589680626310802],[3.333767964726456,45.589711889506852],[3.333279741632155,45.589783575157178],[3.333136265413289,45.589811915261613],[3.333291154981941,45.589975344531581],[3.333425335218561,45.590107318033724],[3.333544087620455,45.590233033743445],[3.333617750863038,45.59032556516285],[3.333677295462119,45.590416337455963],[3.333761517751643,45.590558364108048],[3.333929996168938,45.590847820040409],[3.334042919046672,45.591069904405771],[3.334159733961373,45.591299180979192],[3.33424147511674,45.591454721934596],[3.334316744109913,45.591600376741532],[3.334368470830081,45.591670460778239],[3.334407149172826,45.59170366371626],[3.334487022262008,45.591761957706773],[3.334635046319654,45.591848864401491],[3.334801141233789,45.591954627291486],[3.334960845605441,45.59206401091096],[3.335147615659997,45.592194925292794],[3.335273914071211,45.592294502682066],[3.335371995833362,45.59239416407361],[3.335499713939389,45.59251624910177],[3.335648095979974,45.592661684929084],[3.335854430610641,45.592845668376555],[3.336069662998897,45.593016117592846],[3.336242379292865,45.59315517654354],[3.336394558199305,45.593291595205962],[3.33651715014849,45.593413694434666],[3.33666304310736,45.593570842703876],[3.336842558754924,45.593772914349806],[3.336887811883147,45.593832210826008],[3.336908558320358,45.593869068569688],[3.336922968252889,45.59391855208203],[3.336928432625626,45.593973465300969],[3.336946909432803,45.594058956030416],[3.336964169343596,45.594155256224305],[3.336993938204265,45.594199290803751],[3.337035491744087,45.59428291140653],[3.337066598122463,45.594335946810652],[3.337105416837665,45.594391660547053],[3.337175199803262,45.594476997459303],[3.337230753367628,45.594542566321543],[3.337291421213378,45.594605418365148],[3.33734949029998,45.595084302313303],[3.337448923703752,45.595404576768019],[3.337513901543379,45.595753770073564],[3.337570805745962,45.596040854103414],[3.337669891089366,45.59630349838816],[3.337741223365461,45.596432053619786],[3.337804268531051,45.597516048682401],[3.337535179624262,45.598405635629092],[3.337284047350543,45.59887464139846],[3.33711733973543,45.59888324551963],[3.337036685542204,45.598909601293649],[3.336866693205307,45.599010964892237],[3.336626695800389,45.599202586307399],[3.336313001591769,45.599510590208745],[3.335917485099582,45.599864762373876],[3.335265792093209,45.600495245551855],[3.335320546414107,45.601488317979516],[3.335239822220673,45.601503866838961],[3.335155287675921,45.601525730392773],[3.335105383420494,45.601546590238868],[3.335041439000483,45.601579198194841],[3.334977527157311,45.601617208931295],[3.334890638900689,45.601674198235237],[3.334788487260087,45.601752844555236],[3.334713056914279,45.601795391849727],[3.334628603262591,45.601830762050611],[3.334535158929661,45.601864357954504],[3.334405877138857,45.601911567607388],[3.334215144794571,45.601979670871707],[3.333898934392141,45.602087767700418],[3.333777391845463,45.602142157541849],[3.333736466268713,45.602162990137174],[3.333708428519479,45.602193689828042],[3.333697040334067,45.602219837694904],[3.333692109625805,45.602253170290545],[3.333699985472407,45.602282862953942],[3.333539166396307,45.602205898138429],[3.333392800025665,45.602185620856332],[3.333183792008978,45.602201548363908],[3.332820850510602,45.6022188315102],[3.331648769903766,45.602506846627115],[3.331012838264876,45.602782467307605],[3.330788938437439,45.602883079820081],[3.330242552216371,45.602471362317942],[3.329957739002774,45.602252479632348],[3.329711048490875,45.602403584028494],[3.329470636973459,45.602532157354993],[3.329272349220855,45.602625487940415],[3.329139073641985,45.602649290593384],[3.328895468891321,45.602672515230388],[3.328668482048181,45.602685785447733],[3.328432536597896,45.602702683304621],[3.327276694365789,45.603139185468244],[3.326652369610275,45.603430055914799],[3.32644835440708,45.603641361729522],[3.326273435296355,45.603783245409737],[3.325907786989741,45.603996819892579],[3.32510244958828,45.604269295784519],[3.323787014200967,45.604847599296896],[3.323378940382317,45.605048680840227],[3.3236473854998,45.605981712285534],[3.324011603158131,45.607055843650599],[3.324327100690097,45.607913997880559],[3.324618521553198,45.608821747519393],[3.324883785247883,45.609643125403153],[3.325140988904923,45.610401492025538],[3.325315571449597,45.610853931811931],[3.325518463704152,45.610883061007243],[3.327906028533401,45.611068831789559],[3.328216144125271,45.611654144047243],[3.328183824896555,45.611829833140945],[3.327978017903419,45.612176219996897],[3.327826495738556,45.612372967600493],[3.327211607637021,45.612323429821046],[3.326579430644185,45.612170382956407],[3.325938552348905,45.612718836496754],[3.325651460404817,45.61299161465184],[3.325758765340304,45.613129078415206],[3.326298601081352,45.613287800684844],[3.326820099692699,45.613382639113162],[3.327416864011418,45.613837450676549],[3.327912129126354,45.614268241843249],[3.327278477194652,45.614521322479938],[3.326661749443762,45.614816673265793],[3.325826607229433,45.615283745780218],[3.325345521122155,45.615518363864332],[3.324460261961034,45.615976566243368],[3.323558491199826,45.616466326142131],[3.322550222772104,45.616959986072921],[3.32243937861669,45.617096277213911],[3.322335038820667,45.617247857882752],[3.322282371123181,45.617458722574263],[3.32227703933632,45.617645138543189],[3.322297523107668,45.617857594682619],[3.322295810452161,45.618004378887065],[3.321424359576727,45.618863234253382],[3.321292063716001,45.61884200040101],[3.321096864661929,45.618816443477954],[3.320592407549271,45.618790867263151],[3.320469224828007,45.618792118642389],[3.320290801711227,45.618782721300029],[3.319938838920582,45.618720688532242],[3.319752332364992,45.618644677323637],[3.319612862750727,45.618936831168675],[3.319471571988828,45.619581080233758],[3.319352126843126,45.619785829725082],[3.319282742563793,45.61999313851905],[3.319286881249084,45.620265974199228],[3.319294620647459,45.620495576313736],[3.319422368100865,45.620617679936188],[3.319778062571674,45.620879611789228],[3.321106824111112,45.62186366187364],[3.321804787834663,45.622279493946202],[3.321796123118127,45.622997206764296],[3.321724758428779,45.623746615944604],[3.321358032667823,45.624021411819548],[3.321044692483984,45.624650846084805],[3.320941539749561,45.62478891482673],[3.320868226873122,45.624982728593608],[3.321419292892052,45.624626364130471],[3.321882936966287,45.624465652731288],[3.322539110078321,45.624309790692514],[3.322530401195221,45.624797879645904],[3.323509131475932,45.62493554632735],[3.324376768485974,45.625168075940302],[3.324832987767997,45.62527391798821],[3.325190183956094,45.625344925372247],[3.325478317629988,45.62545665331583],[3.325864242365919,45.625611320795933],[3.325889254035905,45.626808896569734],[3.326017264800501,45.626752695588422],[3.326156884130535,45.626706366179995],[3.326337651250687,45.626673424598486],[3.326514743117368,45.626670209474646],[3.326767586816007,45.626672177071434],[3.327018007260996,45.626698464303196],[3.327227444530905,45.626739277950435],[3.327296949804285,45.626773294356006],[3.327371769643813,45.626837911834073],[3.327442611744119,45.626880929136831],[3.32750053483185,45.626909576191402],[3.327622590495951,45.626931733122305],[3.327763870564052,45.626949331495872],[3.327888370640724,45.626950769806903],[3.328127747059962,45.626845615571746],[3.328271156346592,45.626789367122392],[3.328391490990837,45.626737688261528],[3.328469532268798,45.626696038083722],[3.328542354434587,45.626639995287633],[3.328565070936038,45.62657509386603],[3.328555579916256,45.626489575260557],[3.32850885478953,45.626401463887177],[3.328386362279079,45.626305469220839],[3.328287040377202,45.626221113172022],[3.328223535977591,45.626116841855378],[3.328183084549384,45.626004398893137],[3.328171862806618,45.625843244363232],[3.328172570127479,45.625745989656942],[3.328161849825387,45.625669479486064],[3.328153605613337,45.625577653808492],[3.328152794929659,45.62544078208505],[3.328156341004047,45.62538944396254],[3.328141888050269,45.625332755399675],[3.328076122163129,45.625279818387732],[3.327932327507605,45.62527033213501],[3.327811851769339,45.625297697757503],[3.327693830783772,45.625306145867931],[3.327597440498087,45.625283013831208],[3.327525295671373,45.625236398479871],[3.327492679492726,45.625146444664715],[3.327484212921362,45.625016799124644],[3.32750698908216,45.624744785668518],[3.327546613450763,45.624500638283138],[3.327580268018715,45.62433214919826],[3.327587286542261,45.624216866395138],[3.327576381006407,45.624108839667322],[3.327563148424469,45.624041341640066],[3.327584576356214,45.623975543695877],[3.327620328480073,45.623944823049925],[3.327698345100274,45.623899571530757],[3.327823828611138,45.623851480229568],[3.328081526184266,45.623808406332941],[3.328430333900356,45.623764165490051],[3.328648493338443,45.623762628093388],[3.328779477696843,45.623776653282427],[3.328870839462093,45.623817808738913],[3.328962340370428,45.623882376385247],[3.32906139705316,45.623922608706835],[3.329189868743331,45.623945645640404],[3.329332382202025,45.623956034512481],[3.329524758016021,45.623934760150433],[3.32966829765577,45.623901922199288],[3.329821985793032,45.623849243599444],[3.329967823543066,45.623771374161947],[3.330133920372533,45.623647520248667],[3.330238546076346,45.623545458194542],[3.330359510862975,45.623385716888144],[3.330449901083817,45.623263885705668],[3.330546642980224,45.623131229946019],[3.330648324175679,45.62296614204714],[3.330733370244083,45.622809207335052],[3.330812252039158,45.622694613584301],[3.330877366800114,45.62263859193326],[3.330952817709674,45.622594246181507],[3.331035914462027,45.622540873014309],[3.331152473533252,45.622503610090597],[3.331320364127324,45.622466195924765],[3.331471738709745,45.622456745265431],[3.331942755325773,45.622463461241978],[3.332074923594849,45.622461270322418],[3.332173569711383,45.622433064071203],[3.332254071467261,45.622375195224357],[3.332321513333275,45.622279544419918],[3.332341576030097,45.622201142771267],[3.332360555241551,45.622156062350868],[3.332423155262376,45.62210905210236],[3.332521524965024,45.622034921507222],[3.332534071355863,45.621987158604149],[3.332523464649141,45.621930459245625],[3.332494756978199,45.621851301188258],[3.332480122196204,45.621764897647182],[3.332489858852347,45.621676621123235],[3.332524010061964,45.621593675380701],[3.332544110054851,45.621521577000259],[3.332539865727081,45.621455853971071],[3.332504958096064,45.621412733733159],[3.332472676488098,45.621379511086076],[3.332476326366015,45.621346182273214],[3.332518355307731,45.621292929338551],[3.332605525417338,45.621277363437265],[3.332750539697237,45.621277835207763],[3.332901921609532,45.621270183568221],[3.333062297153583,45.621264306080569],[3.333249545383106,45.621245741962966],[3.333538155013496,45.6212241756797],[3.333745983965271,45.62121365411749],[3.333837052221218,45.621206180085423],[3.333944792010163,45.621196855531068],[3.334107630589685,45.621173859983905],[3.334234521421412,45.621148269517029],[3.334321571289361,45.621112891920227],[3.334403330404507,45.621051415845756],[3.334449065725368,45.620974738500223],[3.334446026341848,45.620896405135902],[3.334410840410547,45.620807361461971],[3.334364192273403,45.620732759634343],[3.334375388321265,45.620674194690991],[3.334408453923335,45.620624569630252],[3.334518220777965,45.620526090256753],[3.334658834059604,45.620435623427831],[3.334808407816036,45.620341527813153],[3.335412000568865,45.620417172199865],[3.335798611798416,45.620474550834508],[3.336195538976485,45.620540001709777],[3.336456464618822,45.620609459863189],[3.336932525999725,45.620815147546651],[3.337090262075491,45.62079756587972],[3.337367894583129,45.620659859764793],[3.338095925730315,45.620727912732839],[3.338464697383708,45.620805146547973],[3.339388393190842,45.620971656102739],[3.339886898905061,45.621068304641007],[3.33998023424906,45.621012192455744],[3.340087535996635,45.620931724818476],[3.340229407880167,45.620838545734387],[3.340334225390199,45.62077159268626],[3.340403260996926,45.620729060953451],[3.340481262648633,45.620683800586654],[3.340564363960936,45.620633121805987],[3.340646170801512,45.620580645907232],[3.340735699115634,45.620531748518644],[3.341261215874452,45.620847127664526],[3.341677167223926,45.621082693711408],[3.343556016689632,45.621516411212795],[3.344042957175251,45.621608574250772],[3.344013933930007,45.621687905913063],[3.343988799559493,45.621773529095591],[3.343980219135777,45.621838390451195],[3.343974417676496,45.621937461851459],[3.343971300152634,45.622055435294072],[3.343964640217413,45.622222946400491],[3.343954865847908,45.622302219212649],[3.343944918166958,45.622353577428754],[3.343939863268814,45.622366199709482],[3.344065731813052,45.622382924205375],[3.344128691281163,45.622395338519254],[3.344158296430736,45.622409655787521],[3.34418537417129,45.622430284193925],[3.34419839167305,45.622459960480079],[3.344220616001429,45.622525628120314],[3.344236451885297,45.62259581773904],[3.344242060606085,45.622672342057882],[3.34423495944589,45.622768715992507],[3.344231713756475,45.622865978621775],[3.344223469110263,45.622984868254726],[3.344210214277064,45.623123583949265],[3.344199397334229,45.623241580963068],[3.344187325002676,45.623364084256743],[3.344177533969435,45.623440655684036],[3.344158838008395,45.623529861177431],[3.3441440310926,45.623625358191312],[3.344125502801061,45.623741577808865],[3.34411202942795,45.623845175134619],[3.34409232392459,45.623978507621544],[3.344078979051043,45.624102815777974],[3.344073406805768,45.624238806514796],[3.344065195167234,45.624363098977454],[3.344063411365291,45.624489172764932],[3.34406161637141,45.624613445611828],[3.344057058967302,45.624706209821412],[3.344045984172091,45.624782785170481],[3.344032499214161,45.624884581554753],[3.344013998223441,45.625005303522912],[3.343994236162856,45.62512963129651],[3.343985850901598,45.625226009160492],[3.34398128772957,45.625317872901256],[3.343981684668086,45.625381806348152],[3.343983342604746,45.625442133988322],[3.343993928166043,45.625493429458238],[3.344012264242236,45.625552805629127],[3.344038462699004,45.625638271919442],[3.344056787686978,45.625695847141664],[3.34405822762792,45.625721056409141],[3.344048122858286,45.625747201459674],[3.344022640032218,45.625776995473082],[3.344080592906761,45.625809235875053],[3.344143819160138,45.625863972327089],[3.344226542272169,45.625958270592207],[3.344353012322776,45.626070444711914],[3.34450394544103,45.626195150644314],[3.344581345724065,45.626258848347526],[3.344701265812018,45.626349430419268],[3.344797956502946,45.62641937230687],[3.344888230516852,45.626489333777286],[3.344948880360237,45.626542276704299],[3.344994118464894,45.626593465868829],[3.345034301612834,45.626657277350375],[3.345077180631,45.626741791783907],[3.345105852722052,45.626811941955161],[3.34513479414569,45.62692531473509],[3.345148205898743,45.627018023905251],[3.345166986916532,45.627148537119119],[3.345178022725181,45.627271870180365],[3.345185197146477,45.627393414108965],[3.345188151081413,45.627455538748634],[3.345182154829261,45.627523093771032],[3.345180042453989,45.627596039811742],[3.345184330299433,45.627666264757266],[3.345191201813702,45.627739183243726],[3.345209657745069,45.627817469127741],[3.345236021848547,45.627929048823141],[3.345268965903465,45.628066722492854],[3.345305956831364,45.628235900835293],[3.345338923694747,45.628377176373505],[3.345370371524806,45.62848063604882],[3.34539653977719,45.628560699218518],[3.345417383481044,45.628610162115514],[3.345451117715821,45.628668590327734],[3.345488623712535,45.628714400112436],[3.345538975371858,45.628761971423344],[3.345581598404874,45.628805064001533],[3.345625437529937,45.62883734696679],[3.345670537671439,45.628866024087898],[3.345728449780808,45.628891059880189],[3.345779911018951,45.628910712531287],[3.345850623904249,45.628930306000051],[3.345936710019303,45.62894534972888],[3.34602919089075,45.628956771776579],[3.34614476249608,45.628966321755172],[3.346401484579038,45.628970934812628],[3.346526788732712,45.62889490802602],[3.346593307897912,45.628859584136912],[3.346632959288134,45.62883785029247],[3.346661161127781,45.628832360496496],[3.346711220859918,45.628833106778835],[3.346761342591804,45.62884375822253],[3.346862863914645,45.62886415661616],[3.346983648185434,45.62888629650805],[3.347078763750481,45.628908515434077],[3.347109780704994,45.628942638343531],[3.347138259026124,45.628981271518171],[3.347161739042092,45.629041531831355],[3.34718387923342,45.629092791386846],[3.347198341365747,45.629147676579876],[3.347202631889658,45.629217901458546],[3.347208488049955,45.629333145940677],[3.347201233180377,45.629404306926929],[3.347182353852331,45.629463797420279],[3.347164504010236,45.629482762744587],[3.347121334891323,45.6295576364585],[3.347097321599104,45.629617142772389],[3.347055486512728,45.629700116745333],[3.347050544473136,45.629730748600331],[3.347034299482144,45.62980103681079],[3.346982591255213,45.629947075409724],[3.346965068288409,45.630018268039841],[3.346951401318455,45.630090349269345],[3.346959338985173,45.630128145325507],[3.346973671449775,45.630162319711886],[3.346998266051533,45.630195561968705],[3.347018869257036,45.630206304308942],[3.347067703178684,45.63021605910356],[3.347089544742376,45.630219593702272],[3.347130649652097,45.630224869861607],[3.347237200288319,45.630228143130189],[3.347357891699538,45.630234974610644],[3.347464493198733,45.63024635190596],[3.347568572994906,45.630264940798085],[3.347699622726231,45.630286147743696],[3.347811437431142,45.630310115448196],[3.347900070548984,45.630321547859111],[3.348010505775231,45.630330211321144],[3.348117073641258,45.630336185170684],[3.348214634577559,45.630338584831435],[3.34827619600132,45.630331190436699],[3.348355703378882,45.630320138508196],[3.348437738024334,45.630302775277571],[3.348508193047358,45.630280945400493],[3.348581118636438,45.630243799517558],[3.348639942957541,45.630209398736419],[3.348731944683288,45.630144278507977],[3.348809862072365,45.630084604788593],[3.348862280091186,45.630052024722957],[3.348912221857701,45.630033860130538],[3.3489494140137,45.630029242378797],[3.348990484923867,45.630029115031419],[3.34904831464663,45.630040642049707],[3.349143489772241,45.630071863945325],[3.349234735130519,45.630090491111488],[3.349377387407206,45.630119764499902],[3.34946735513492,45.630139295933013],[3.349545822840437,45.63016696741122],[3.349635910048858,45.630205408605065],[3.349769834375668,45.630275230610856],[3.349884353389517,45.630320799587388],[3.349952542397763,45.63034670175989],[3.350020668886898,45.630362698707955],[3.350104180030747,45.630375946291757],[3.350192802342709,45.63038557595479],[3.350282691078968,45.630392500139891],[3.350418824787464,45.630405583700394],[3.350512592495336,45.630416998069371],[3.350593559683115,45.630433855169215],[3.350643734905031,45.630452609126031],[3.350699101069069,45.630480351775091],[3.350724930217149,45.630505484978563],[3.350753446070396,45.630549520070993],[3.350787318256149,45.630628657531226],[3.350846255321677,45.630814875037238],[3.350902620103037,45.63100020004768],[3.350919841629969,45.631084792318759],[3.350929242467934,45.631150498704223],[3.350926943580049,45.63119282885544],[3.350919624794746,45.631253184438755],[3.350909630628303,45.631296439072017],[3.350912420072377,45.631331549446607],[3.350932037584944,45.631389119577641],[3.35096314387344,45.631436748501528],[3.351007045272027,45.631478034090655],[3.351065093771752,45.631523777981442],[3.351163016533614,45.631582904775101],[3.351203027727876,45.631617899003423],[3.351222440119107,45.631643052120516],[3.351234191469926,45.631674532565846],[3.351240894455443,45.631719536100896],[3.351233587361027,45.631781692650044],[3.351206103777687,45.631900642972198],[3.351150708164255,45.632071008253845],[3.351137051841785,45.632143990476408],[3.351137457087597,45.632207923938118],[3.351152020985098,45.632278116650845],[3.35117040693683,45.632343794991556],[3.351190156373089,45.632422075923081],[3.35120989444736,45.632498555909066],[3.351233277616001,45.632542606908466],[3.351265622657775,45.632583027977752],[3.351304356823901,45.632618926650345],[3.351348190879651,45.632649406455009],[3.35139711339665,45.632672666443099],[3.351460154757761,45.632695882322821],[3.351570709569706,45.632722551719773],[3.351670933377325,45.63273934790751],[3.351765988822231,45.632750757224258],[3.351904678573782,45.632761129553423],[3.352097259435826,45.6327686316694],[3.35228466614784,45.632769846226637],[3.352454120646502,45.63277381815783],[3.352610757070952,45.63278053145968],[3.352740473815241,45.63279273184903],[3.352899757697171,45.632812043301129],[3.353024369149413,45.63282876181718],[3.353123338759221,45.632850063093848],[3.35322235437836,45.632878568053485],[3.353340720724816,45.632922320497123],[3.353421853292153,45.632964388760975],[3.353497834605903,45.63300377167787],[3.353564831279606,45.63304318276802],[3.353640812803075,45.633082565588687],[3.353719390257878,45.633126442646876],[3.353819937525738,45.633193663311189],[3.35389339262552,45.633239357330375],[3.35391020520819,45.633259115231631],[3.354356499030609,45.633599896986688],[3.354477635047278,45.634276683584545],[3.354537741039373,45.634642993482657],[3.355131846338393,45.63501212223575],[3.355605493191532,45.635211435991174],[3.355988483078636,45.63548487467596],[3.356316490547227,45.635790903770982],[3.356643302661068,45.636309451289051],[3.356966608871419,45.637478162658468],[3.356942217223938,45.637876256520371],[3.358016801233132,45.638097966301913],[3.358508004385705,45.637830758377497],[3.359472867741519,45.637166721546848],[3.360349828280377,45.637003630268993],[3.360392135234074,45.63699539041054],[3.360437097318279,45.637000649383566],[3.36050906245712,45.63701302577639],[3.360596542531721,45.637042461730815],[3.360684134103668,45.637089006570143],[3.360796261418236,45.637157984949241],[3.360858110319314,45.637193806285723],[3.360912275110277,45.637232353696987],[3.360935503703036,45.637251189505527],[3.360957489753718,45.637276332724056],[3.360992458870637,45.637323946552122],[3.361013196553981,45.637354496703878],[3.3609848979054,45.637345582561075],[3.360936061115745,45.6373367342701],[3.360900160421301,45.637343152812726],[3.360864277317575,45.637352272757539],[3.360837426574082,45.637368567656431],[3.360763444912735,45.637440843996359],[3.360713752503098,45.637497734122675],[3.36067048405189,45.63755550413358],[3.360621998873061,45.637600683980736],[3.360577300061043,45.637635946287553],[3.360505709172583,45.637681200098136],[3.360430290674101,45.637730068079414],[3.360365211499305,45.63778970878969],[3.360304065125393,45.637861943734137],[3.360245567877464,45.637946777027587],[3.360185769233645,45.638028912984915],[3.360137470592506,45.638102907707179],[3.360085519888859,45.638207530753355],[3.360047496062008,45.638282393058134],[3.36000693407874,45.638361765918233],[3.359968816409344,45.638422220655919],[3.359924262798094,45.638479994489799],[3.359873296632769,45.638538689297619],[3.359808227606816,45.638600130632931],[3.359753281547341,45.638639027326349],[3.359643336577107,45.638708716390653],[3.359564059071168,45.638756695628572],[3.359518016538447,45.638782956904819],[3.359432413963672,45.638845364092106],[3.35936471248318,45.638896908184975],[3.359279220533796,45.638976424213432],[3.35921032851102,45.639042379854153],[3.359127403467266,45.63912188757552],[3.359052203600222,45.639204972554971],[3.358950349675412,45.639334967966391],[3.358875073408559,45.639406346699836],[3.358774333237831,45.639510224188463],[3.358751401876056,45.639537311976561],[3.358723458214467,45.639583326025104],[3.358708398035591,45.639636502933087],[3.358684369497684,45.639692409886941],[3.358655159504003,45.639741129424117],[3.358623294623531,45.63977635006043],[3.358569601110655,45.639810739732802],[3.358510796073708,45.639848747619581],[3.358417412802666,45.639899472441058],[3.358315136697424,45.639964633333804],[3.358264033500687,45.640002616574854],[3.358193715537587,45.640046964367379],[3.358120777666707,45.640083216039926],[3.358046532717942,45.640115869862115],[3.357954403174883,45.640162087859643],[3.357882748696712,45.64019833529624],[3.357835467006234,45.64023180374172],[3.357798483962589,45.640269741883642],[3.357773048383135,45.640306742822517],[3.357741351277252,45.640368076887846],[3.357719807440523,45.640411368877416],[3.357695643819891,45.640446564776639],[3.357656087307402,45.640483610559073],[3.357602444831282,45.640526104016978],[3.357535965177482,45.640568638223208],[3.357442579800001,45.640619362239242],[3.357337629225616,45.640668321910582],[3.357223698282165,45.64071821047245],[3.35711359505313,45.640764484815129],[3.357030368397686,45.640798066947724],[3.356971439384317,45.640817164128137],[3.356893266197802,45.640838123272246],[3.356785619680339,45.640867280192303],[3.35670101616967,45.640886458603077],[3.356620315932206,45.640913728995301],[3.356567869010302,45.640942710819118],[3.356502654393806,45.640982538935219],[3.356414408048157,45.641034146309721],[3.356314665971313,45.641094794903672],[3.356227691411945,45.641144597125447],[3.356131759576233,45.641198930068406],[3.35608183326644,45.641220699769768],[3.356017832243201,45.641249717883944],[3.355935841627399,45.641276091374536],[3.355829517975882,45.641311546624891],[3.355725686461696,45.641335287528243],[3.355642382942682,45.641357162502914],[3.355562930543266,45.641379025251673],[3.355507857372284,45.641399009974243],[3.35542464612488,45.641435292337043],[3.355364507255487,45.641466098864257],[3.355318500915812,45.641498661731909],[3.355254689765959,45.641557394983565],[3.355189646717669,45.641624236496561],[3.355131091474216,45.641701863385535],[3.355059796820412,45.641794838757676],[3.355024238867837,45.641855283741208],[3.354986130669555,45.641918438225936],[3.354959558754126,45.641978854851807],[3.35494696369665,45.642016715149758],[3.354944603951674,45.642049140233532],[3.354942094169215,45.642058153047962],[3.354939763272268,45.642095080491274],[3.35493245895997,45.642157237338537],[3.354930249230518,45.642213074692101],[3.354917838745805,45.642279750088861],[3.354906827382553,45.642364430875816],[3.354898152696665,45.642413084690709],[3.354885695970974,45.642472556309627],[3.354873123828698,45.642514018488704],[3.354858001463777,45.642558190175883],[3.354895386169374,45.642582385556238],[3.354943162146732,45.642625458453693],[3.354978048673538,45.64266046756552],[3.355006539536068,45.642699098796847],[3.35502608452237,45.642744061665809],[3.355031473534818,45.642783666236816],[3.355036954909943,45.642837678358966],[3.355029754506161,45.642916043711921],[3.355005963243589,45.643009769719441],[3.354963232779214,45.643153082402712],[3.35493057608014,45.643265746643451],[3.354904113089218,45.643343272231434],[3.354872387990266,45.643401003617342],[3.354811407084028,45.643501150246415],[3.354719961263219,45.6436554222539],[3.35464763908898,45.6437889226683],[3.354599581694172,45.643902535822619],[3.354565530495572,45.643998095039343],[3.354525181266113,45.644112584375293],[3.354473640798746,45.644283839821952],[3.35441834657217,45.64447041539885],[3.354364266640309,45.64464618124493],[3.354331527189582,45.644746238716692],[3.35429872425623,45.644836390986143],[3.354259577039111,45.644938269584692],[3.354202686644146,45.645076223608861],[3.354135548457185,45.645217811803313],[3.354048041484734,45.645386478727865],[3.353955438961979,45.64556146503844],[3.353847625506159,45.64576711575576],[3.353724485745196,45.645985421392339],[3.35363056861094,45.646155909117255],[3.353548182494675,45.646322758591317],[3.353481058365158,45.646467047827834],[3.353410088082306,45.646612249589275],[3.353333999248858,45.646760168842512],[3.353243913940312,45.646927942751063],[3.353153879764088,45.64710382084148],[3.353037233990435,45.647334712228648],[3.353008169969534,45.64740774308838],[3.352999268983755,45.647421278353974],[3.35294591462579,45.647510594184936],[3.352891241796102,45.647594511181005],[3.352845383811749,45.647651385811407],[3.352754819518499,45.64774442012763],[3.352660431956171,45.647841968799277],[3.352595401328003,45.64791241074002],[3.352538102485433,45.647987330884554],[3.352488466670399,45.648055923574759],[3.352428668528244,45.648141657373984],[3.352370165547162,45.648229188068747],[3.352367626418931,45.648233698468083],[3.352312969184539,45.64832031660616],[3.352258374782657,45.648416839916251],[3.352173453461069,45.648589999759096],[3.352098705481982,45.648747819384894],[3.352021303413699,45.648892139903261],[3.351999728895844,45.648931828939979],[3.351970548209184,45.648986850090083],[3.351922246201751,45.649063542776155],[3.351870172433557,45.649152854096727],[3.35177872624684,45.649309825208803],[3.35170763348275,45.649437016479979],[3.351665853230405,45.649529897512394],[3.351629202799811,45.649621862017732],[3.351595131525289,45.649715619438176],[3.351564883325637,45.649804862458126],[3.351537231460869,45.649898599816318],[3.351518549854264,45.649989607690003],[3.351504958184038,45.650073395745714],[3.351495252561587,45.650162574611464],[3.351489530162594,45.650272452324657],[3.351490107406887,45.650363400069736],[3.351489503589324,45.650470560333098],[3.351495365202649,45.650584904337514],[3.351510403070768,45.650728935883883],[3.351525320982693,45.650854057502002],[3.351560075598051,45.651070066734221],[3.351585768455312,45.651274397879845],[3.351613002748627,45.651519246289844],[3.351629776842249,45.651734411175148],[3.351640626099389,45.651825326850819],[3.351661604220073,45.651893698623219],[3.351675968093627,45.651931474368105],[3.351695462164943,45.651968333595789],[3.351721341822204,45.651999769928373],[3.351731693693335,45.652012344459784],[3.351775623416738,45.652055430770055],[3.351809178418647,45.652082340648569],[3.351855624720743,45.652117314648258],[3.35190844519557,45.652145064780726],[3.351962543979106,45.652171910401883],[3.352015301595266,45.652189755283054],[3.352087318941532,45.652207539913739],[3.352168335648114,45.652227097331789],[3.352269901830216,45.652247490890375],[3.352394625588838,45.65227501580636],[3.352595224806686,45.652321213302741],[3.352725102031675,45.652351423187362],[3.353085321369559,45.652259344552384],[3.353165959483044,45.652219470048443],[3.353246574504211,45.65217599359579],[3.353343800672865,45.652119858084639],[3.353383402859491,45.65208821661659],[3.353408875516618,45.652055718995399],[3.353436726439497,45.651993497706542],[3.35346703604172,45.651914159367166],[3.353489768186392,45.651854655607636],[3.353521654778679,45.651821237332875],[3.35356262110813,45.651802198389362],[3.353635692404415,45.651783959087737],[3.353813962842396,45.651751881839232],[3.353994737692611,45.651709891034947],[3.354125483618897,45.65167526123107],[3.354454955995098,45.651594981281988],[3.354621513977481,45.651538626372165],[3.354768564124823,45.651443611580255],[3.354894908832249,45.651323448120273],[3.355053821813587,45.651076212613312],[3.35520010760041,45.650862334879911],[3.355289296504504,45.650754895062299],[3.355434695374834,45.65060315368757],[3.35554596475848,45.650535265551817],[3.355683236527425,45.650517722647358],[3.355827037839626,45.650517268264558],[3.356094340600751,45.650554243768696],[3.356312732255965,45.650572463133756],[3.356428217444709,45.650561291703241],[3.3565512960781,45.650532986780959],[3.356708768355536,45.65046224969106],[3.356837836949429,45.650367289154048],[3.356996365936607,45.650261429168133],[3.357096181840981,45.650209784645824],[3.357302569711898,45.650158702363363],[3.357481942343949,45.650099601064689],[3.357576633415212,45.650049773368565],[3.357744240640308,45.649958291345968],[3.35796928052307,45.649813497519538],[3.35809213544851,45.64975097296545],[3.358225366309021,45.64970462409876],[3.358375270427256,45.649655520529599],[3.358555988334676,45.649606318630958],[3.358795655293636,45.649539819267908],[3.358968505521952,45.649465428033366],[3.359155285624528,45.649361275896908],[3.359414803793062,45.64918845395821],[3.359570885290623,45.649102408944358],[3.35976295659622,45.64902255215052],[3.359966664420806,45.648955264695537],[3.360213033371279,45.648932864930494],[3.360513425686704,45.648925599993348],[3.360880475249688,45.648901911773372],[3.361076712708098,45.648870665888069],[3.361335490953517,45.648782488025212],[3.361569662676072,45.648661970918788],[3.361760069222529,45.648524484631885],[3.361944921420775,45.648323081020756],[3.36210391795976,45.648094745540241],[3.362199531975655,45.647990881515518],[3.362388892355304,45.647890317654834],[3.362492521120711,45.647834153601245],[3.362579370854348,45.647764536127035],[3.36264144939158,45.647637366959515],[3.362698179862868,45.647477797314636],[3.362749986875066,45.647350661179289],[3.36277363713107,45.647237123118124],[3.362771486202163,45.647104757886353],[3.362775848946574,45.646986779521086],[3.362779252234147,45.646918331247065],[3.362787501899806,45.64680574330314],[3.362860885749841,45.64664071697208],[3.362921967671893,45.646557674920579],[3.362978997215045,45.64644402921251],[3.362998783282352,45.646328702587397],[3.363018492537231,45.646201669826475],[3.36306012727696,45.646089874701183],[3.363169616125532,45.645949044983382],[3.363351981466626,45.645762054938409],[3.363605938282054,45.645528908360923],[3.363779615672823,45.645387870712639],[3.363932780684476,45.645251401562369],[3.364007851237246,45.64514850290135],[3.364062362748463,45.645042969205626],[3.364077945384648,45.644874527032698],[3.364100041666523,45.644720471645655],[3.364194143224605,45.64458329265959],[3.364361053569148,45.644390047538813],[3.364580349311872,45.644158811917521],[3.364808665318445,45.643932949581675],[3.364896380459956,45.64380119364823],[3.364925266720176,45.643703847012503],[3.364945368157284,45.643637145534164],[3.364946606639797,45.643435431595471],[3.364962126798577,45.643257984609193],[3.364995833227183,45.643112896324432],[3.365108456185815,45.642864896168817],[3.365262443385433,45.642659985248159],[3.36543076460565,45.642487445250808],[3.365559758058872,45.64238617148213],[3.365665732737518,45.642298479699377],[3.365676989223062,45.642253418600859],[3.365618287331517,45.642112232239626],[3.365531004693229,45.641919810693167],[3.365648591615076,45.641841086126675],[3.365814282202191,45.641659549194856],[3.365977350694042,45.641469916127704],[3.366168779087837,45.641298200389876],[3.366369382947175,45.641155270162649],[3.366561136802188,45.641033079679467],[3.366777089618834,45.64088199432463],[3.367014387036412,45.64065879971524],[3.367225829324132,45.640408674235069],[3.367402520227122,45.640145154427117],[3.367553882162781,45.63993394550355],[3.367710539104013,45.639747032325523],[3.367918590253649,45.639567154884716],[3.368120347320136,45.63940620794336],[3.368214687293031,45.639307745913769],[3.368265316049154,45.639199521421808],[3.368294128128314,45.639092268780828],[3.368383188838615,45.638972212109657],[3.368492763903799,45.638848486251547],[3.368640866437473,45.638727335589557],[3.368836583783793,45.638624038533983],[3.369040056361863,45.638528820126332],[3.369254763021382,45.638385838498429],[3.369497312529088,45.638183332690204],[3.369705400084197,45.638010655738611],[3.369878863995653,45.637843495122326],[3.369948736792075,45.637734306144289],[3.369976237151133,45.637623455422649],[3.369957430212929,45.637498349054987],[3.369857586030937,45.637348295255784],[3.369642970477926,45.637119375170734],[3.369385762938115,45.636855475340951],[3.369305271806333,45.636719765403882],[3.369269827698244,45.636601917445546],[3.369275567442822,45.63650014320006],[3.369328662722397,45.636377502303667],[3.369465210348969,45.636257288960032],[3.369491697627119,45.636186963764757],[3.369475627652809,45.636087062083838],[3.369360348078057,45.63593165559913],[3.369205475682838,45.635806095058321],[3.36908030067592,45.635706551152872],[3.369030606192757,45.635568939073409],[3.369031229904708,45.635469883095141],[3.369102006963063,45.635303960808614],[3.369235811203648,45.635157642525755],[3.369342659560101,45.635011412539626],[3.369387931709208,45.634870787491749],[3.369430132035685,45.634654531327463],[3.369471859270299,45.634559842886375],[3.369550671644486,45.634444321399911],[3.369699671055421,45.634267336007134],[3.369836350947951,45.634167833057454],[3.369984756784579,45.634094405613546],[3.37012678054281,45.634026401901735],[3.370197033167981,45.633974842915897],[3.370241331705329,45.633881046222449],[3.370264683993035,45.633726085084525],[3.370231530016034,45.6335668073771],[3.370165166582989,45.633431952122123],[3.37016854787315,45.633361702766834],[3.37022342722212,45.633314696774775],[3.370326942521142,45.633246819467921],[3.370489434037476,45.633168842557282],[3.370522522925573,45.633126410595061],[3.370561752356358,45.633042535858081],[3.370576504199982,45.632945234349613],[3.370576420340674,45.632740823357814],[3.370560940236246,45.632537363551087],[3.370575246194763,45.632373427245177],[3.370595053590365,45.63226440272242],[3.370659759783812,45.632151628381841],[3.370710407352279,45.632047905211515],[3.370759289093316,45.631872148627714],[3.370774919984203,45.631714511369886],[3.370775462184859,45.631603749303856],[3.37081474440165,45.631527978722275],[3.370860353574393,45.631438679928436],[3.370871055046273,45.631311675566899],[3.37085499605493,45.631213575067598],[3.370901430202196,45.63105583629725],[3.370952184849903,45.630968321491444],[3.371022052890153,45.630860032385428],[3.371151622881414,45.630658795899571],[3.371230076224515,45.63049104601189],[3.371234781697412,45.630427095700732],[3.371199421981054,45.630321854998776],[3.371173257839915,45.63024810111051],[3.37116226009451,45.63013917809235],[3.37117896165025,45.62995002011855],[3.371167686433757,45.629799675481493],[3.371155785399084,45.629747486312723],[3.371116835284058,45.629680978500915],[3.371087002142529,45.629634251394549],[3.371070069937551,45.62959738713532],[3.371060850538306,45.629562298424872],[3.371058819213177,45.629450644372369],[3.371057938658498,45.62931917574911],[3.371065855251483,45.629159762936553],[3.371057231820046,45.629022016416094],[3.371015371718827,45.628904190247418],[3.37096870968564,45.628835906835334],[3.370958002038411,45.62877020637017],[3.370972770137666,45.628675606257836],[3.370979819512416,45.628578330118401],[3.371116068255112,45.628608497570958],[3.371238259733719,45.628647716128057],[3.371333583786663,45.628699630062478],[3.371446960627944,45.628764091194164],[3.371575424914411,45.628781676927112],[3.371725598934784,45.628782981991876],[3.371925742309592,45.628771514874273],[3.372100337866343,45.628778141669549],[3.372331604331799,45.628814296890418],[3.372507701477037,45.628853335724429],[3.372618404105088,45.628901595714638],[3.372714970920865,45.628947200941653],[3.372776933483877,45.629000124630039],[3.372828604393093,45.6290494804189],[3.372912246294981,45.629081620944802],[3.37300219637896,45.629097531682412],[3.373102571732296,45.629136820527329],[3.373159510274752,45.629205969483266],[3.373225329957137,45.629259780629525],[3.373339878296494,45.629307126673297],[3.373432486811628,45.629336535600679],[3.373522680308803,45.62938846471841],[3.373555331216309,45.62947210192381],[3.373559673390741,45.629545027205594],[3.373567950948536,45.629630546286101],[3.373608284589902,45.62971145650733],[3.373679554980528,45.629812074783757],[3.373824681694577,45.630016004087793],[3.373937704530197,45.63021733841159],[3.373990861684026,45.630296404916109],[3.374048946160922,45.630344838355796],[3.374171222610198,45.63039575984407],[3.374271655896656,45.630443151880506],[3.374440326535974,45.630521833982478],[3.374737783942106,45.630664922395113],[3.375299951296772,45.63085305264773],[3.375677031600654,45.631002176491926],[3.375930568929986,45.631103085325421],[3.376183031591386,45.63123461385517],[3.37634042507187,45.631352952400043],[3.376519907967543,45.63151083840971],[3.376699636811936,45.63170474293176],[3.376901707284734,45.631975114047229],[3.377132562655629,45.632325532017539],[3.377392629164944,45.632629926576051],[3.377666534980528,45.632892851549542],[3.377916842153859,45.633082915373258],[3.378146270199469,45.633222621325146],[3.378260941615325,45.633286170836698],[3.378372904750827,45.633329018052734],[3.378506491373134,45.633342976741922],[3.378765735767082,45.633337602173846],[3.379112125269221,45.633312122717129],[3.379280256643649,45.63330975529405],[3.379394719858039,45.633342687674229],[3.379464444315058,45.633402785501474],[3.379498630687964,45.633521535012179],[3.379590391611281,45.633800377706848],[3.379646614908896,45.633950570032958],[3.379721807944273,45.634059275762986],[3.379789015930345,45.634126585813178],[3.380009324709473,45.63405830540988],[3.380377142880391,45.633975118310865],[3.380626904001063,45.633896831758399],[3.380881594306361,45.63378881177313],[3.381136122535914,45.633657378997071],[3.381567611232894,45.633501032616408],[3.382085231331299,45.633364203015809],[3.382874404911918,45.633146303917385],[3.383601657281863,45.632884486273042],[3.383591436100517,45.632335221685992],[3.38362176035128,45.632265780538091],[3.383831551810633,45.632163309819077],[3.384084872062993,45.632229982450383],[3.384354953602337,45.632307403166998],[3.384595327439611,45.632357910029071],[3.384613761204029,45.632239882731774],[3.384532945700984,45.632061861676462],[3.384431919557814,45.631930735126005],[3.385093489740901,45.631640316413161],[3.385309149144229,45.631644080773256],[3.385558015388556,45.63143971757669],[3.38586550472832,45.631544021230368],[3.386335300322944,45.631731512694408],[3.386595983301543,45.631749527890015],[3.386954176095048,45.631210703871552],[3.387355025207391,45.630715855968305],[3.38810423221902,45.630114448467801],[3.388510847374565,45.629712327112742],[3.389300437219823,45.629564619619472],[3.38985676471135,45.6294645403663],[3.389856635065707,45.62926373133616],[3.390206123569503,45.62895365177036]]]]}},
{"type":"Feature","properties":{"nom":"Sallèdes","nom_m":"SALLEDES","insee_com":"63405"},"geometry":{"type":"MultiPolygon","coordinates":[[[[3.320868226873122,45.624982728593608],[3.320556157263743,45.625168217785152],[3.320281339431894,45.625359903505363],[3.319862154577272,45.625665460341416],[3.319599516283974,45.62574454889355],[3.31942651589702,45.625789163932971],[3.319317559214163,45.625811985316858],[3.319229068925069,45.62582304221003],[3.319094377251322,45.625834230043829],[3.318885239634219,45.625843827714789],[3.31885828884205,45.625843904078565],[3.318538719089092,45.625843008098101],[3.317736514025858,45.625828166622064],[3.317342446983884,45.62581667171002],[3.31707928387367,45.625804806669485],[3.316880279075984,45.625790959404057],[3.316431603589891,45.625880469587401],[3.316261105291401,45.625914266874872],[3.316118815315716,45.625943482235883],[3.315947012717756,45.625973680762812],[3.315740548544906,45.626002175305793],[3.3154892070349,45.626037999181882],[3.315313574170493,45.626071809425369],[3.315176529496605,45.626120819607387],[3.315094685234733,45.62617237654208],[3.315006551916008,45.626246463192551],[3.314922662632106,45.626389875386941],[3.314906193606062,45.626427741920402],[3.314870617066036,45.626490875546075],[3.3148451847331,45.626532369096068],[3.314610243128841,45.626744640549731],[3.31451645325937,45.626726892966133],[3.314433027681819,45.626726225598333],[3.314367727985743,45.626753422630891],[3.314285846279431,45.626798675672099],[3.31423853437284,45.626829424341864],[3.314165661746531,45.626879154573984],[3.314097886839439,45.626922567123103],[3.314040271816745,45.626947041056383],[3.313957034718875,45.626979690823433],[3.313840424062228,45.627011533115159],[3.313745585162723,45.627035210209819],[3.313658370109311,45.627045358673357],[3.313608327733712,45.627047299107367],[3.313569769693167,45.627037501191829],[3.313543999789218,45.627019563253668],[3.313508028958408,45.627013360056438],[3.313425881265911,45.627011787894148],[3.313361726622025,45.627014668007213],[3.313278392277926,45.627030208291657],[3.313119530721474,45.627080177177618],[3.312996644811066,45.627137249684566],[3.312832903313359,45.627232256079282],[3.312747138932433,45.62727211586909],[3.312648342190512,45.627276892811928],[3.312568694896817,45.627263606747583],[3.312424821580879,45.627240593587644],[3.312237414170497,45.627235710771437],[3.312101484974179,45.627255898525419],[3.311997767571659,45.627298508989377],[3.31193766553977,45.62733739652726],[3.311834160730892,45.627417826697204],[3.311706068181856,45.627462305402112],[3.311573927694452,45.627471676181827],[3.311480178068027,45.627461129848989],[3.31138369970551,45.627421775410475],[3.311311398761125,45.627345434054362],[3.311251765117616,45.627239341556162],[3.311203935221287,45.627178240726963],[3.311103475874267,45.627115484403596],[3.310927518539288,45.627092558019825],[3.310679837389302,45.627095943500422],[3.310452771354507,45.627113679357045],[3.310311572023725,45.627109566344231],[3.310216499513127,45.627091818715279],[3.310149525759645,45.627049680431412],[3.310069768518974,45.627016582196752],[3.309934845408112,45.626987237792108],[3.309768043929323,45.626994900930363],[3.309600004294246,45.627010671607643],[3.309449735995973,45.626991274189308],[3.309298043645524,45.626946666857634],[3.30907938385276,45.626860820874569],[3.308817059250554,45.626769691376751],[3.308482865611869,45.626678758293465],[3.308157736930037,45.62660220718557],[3.307959889754647,45.626565828809049],[3.307768644859878,45.626562750033116],[3.30753899330686,45.626576885137865],[3.307415763002059,45.62657271939073],[3.307294884728001,45.626529826164891],[3.30718549221572,45.626475195134255],[3.307046616993521,45.62642694784671],[3.306811562996523,45.62639246993573],[3.306354563567506,45.62637300371712],[3.305925818789968,45.626357060785963],[3.305624203728723,45.626354278343229],[3.305420741400056,45.626462889078205],[3.305186635671308,45.626600398114178],[3.304688045115393,45.626952938808174],[3.304471917955456,45.627093099136694],[3.304329781967905,45.627152015206754],[3.304198988651547,45.627173080006592],[3.304036036029244,45.627180724242137],[3.303873073484026,45.627186567295524],[3.303672872466783,45.627188908654915],[3.30352152955483,45.627207326654968],[3.303385730391591,45.627251816656397],[3.303241149247566,45.627333250100563],[3.303066164871827,45.62748770463763],[3.302796836858389,45.627757675040534],[3.302713931410342,45.627852449145898],[3.302634620157648,45.627900388229527],[3.302505127517466,45.627925049503965],[3.302406323813714,45.627928916982654],[3.302446193415721,45.627944118114037],[3.302610594234493,45.627966188345681],[3.302847726899644,45.627910620806375],[3.303141157059968,45.627823384112581],[3.303302640947428,45.627781526649933],[3.303412861925563,45.627753314468343],[3.303642470054799,45.627730183050218],[3.303721484087998,45.627862341354536],[3.303684353723205,45.628112776802425],[3.303543228633067,45.629059568889886],[3.303368486918668,45.62996232764209],[3.303264039293258,45.630342614505849],[3.303139879902429,45.631108362695223],[3.303065082120272,45.631512882684788],[3.301969948229499,45.637817434159452],[3.301868840575594,45.638579517581753],[3.301765973862066,45.639019231205289],[3.30118748481988,45.642172486545419],[3.300805200924958,45.644114960007158],[3.300406127748954,45.646280798216054],[3.300088412643662,45.648065512090113],[3.299676329124164,45.650447500133602],[3.299231750713464,45.653000666205813],[3.298908667488049,45.654756576213956],[3.298637327307997,45.656348459364629],[3.298461562515026,45.657330457938691],[3.298431609917421,45.65772945378874],[3.298499373987964,45.657912973858124],[3.299294402990848,45.658178308657206],[3.299497859210744,45.65828222439044],[3.299746482075861,45.658189712991124],[3.300156278058821,45.658218337514533],[3.299747949346975,45.658460756197378],[3.299882155547194,45.658818793398105],[3.299918036848121,45.659042019057445],[3.300043471207846,45.659439700961698],[3.300125456277508,45.659639391004852],[3.300348396715732,45.659782874811114],[3.300319876953477,45.65997025256442],[3.300073908104418,45.660079867441311],[3.300050460503963,45.66025552525614],[3.299626506069298,45.66093562274726],[3.299492041620642,45.661005318092528],[3.299384500979566,45.661066837299728],[3.299374256682794,45.661072267468413],[3.299251373633192,45.661146434180132],[3.299132357426016,45.661223291952524],[3.299019781311533,45.661303734453909],[3.298943084571367,45.661369673777187],[3.298868975485712,45.661439208136223],[3.298789782870903,45.661518661313025],[3.298717079048872,45.661610704066952],[3.298669913332412,45.661675664375473],[3.298630292457548,45.661710888521199],[3.298579103979644,45.661744342346246],[3.2986269546602,45.661806349201605],[3.298660596593034,45.661853085409334],[3.298702070138418,45.661923213547382],[3.2987563761736,45.661991506649223],[3.298942774925374,45.662501589246638],[3.298962382890211,45.662803201019642],[3.29901717121401,45.663198370253852],[3.299069065931232,45.663533214390768],[3.299134518841121,45.663762665273588],[3.299180333767872,45.663922830633389],[3.299141611690342,45.664124643065996],[3.298987947433207,45.664445625279342],[3.29890544237107,45.664625942127813],[3.298845869028801,45.664771979477671],[3.29880444050207,45.664948585287917],[3.298785706016534,45.665046788316715],[3.298743927248271,45.665158559813598],[3.298666445753402,45.665318151914327],[3.298570760353802,45.665436369721412],[3.298411248186896,45.665626795728457],[3.298300159844924,45.665746855096998],[3.298274658249678,45.665781141232401],[3.298199292070636,45.665856981912135],[3.298118827269168,45.665940039952105],[3.297966940392032,45.666116037316371],[3.297798506672472,45.666319993398176],[3.297569781486962,45.666537615887194],[3.297437122157558,45.666707258306545],[3.297305736667389,45.666875096228495],[3.297230406347653,45.666958140078677],[3.297168995563756,45.66700242611158],[3.297095924255209,45.667027832597149],[3.297045869317401,45.667034268055858],[3.296986761279102,45.66702902100544],[3.296817123881245,45.667009657452894],[3.296677831964139,45.66714059541691],[3.296498787764616,45.667283344231087],[3.29639781236718,45.667374559438279],[3.29634688241172,45.667457538476384],[3.296322851127556,45.667526939382277],[3.2963208367195,45.667630500949848],[3.29624129429946,45.66764691901205],[3.296152799974832,45.667670564472445],[3.296078462238616,45.667699575583022],[3.296015688330356,45.667729456740169],[3.295936299709608,45.66777468983917],[3.295868474881762,45.667820792993069],[3.29575468285167,45.667917444227314],[3.295605101714288,45.668046606902465],[3.29550663447969,45.668127008854086],[3.295451604343874,45.668164073291429],[3.29538239338556,45.668191269513009],[3.29529393624869,45.668222118113093],[3.295237511070042,45.668238474849666],[3.295032067002562,45.668248918603865],[3.294807319158533,45.668252208600606],[3.294712300806411,45.668256959728858],[3.294628889563908,45.668270685305487],[3.294532701785689,45.66829705108352],[3.294273606351059,45.668362563592744],[3.293934999520357,45.668450795277977],[3.293416800411658,45.668580916475491],[3.293126882337789,45.668647407127111],[3.292983233615938,45.668685601454577],[3.292861447511743,45.668729141686029],[3.292760215863872,45.668773528846877],[3.292646254606246,45.66883956073508],[3.292500288472114,45.668925486394969],[3.292306899913717,45.669030445228032],[3.292177496566632,45.669091113782251],[3.292012154136929,45.669156377820556],[3.291969826691057,45.669167293428046],[3.292070255140859,45.669213858473583],[3.292121796572048,45.669245241923605],[3.292154081871889,45.669278476281036],[3.292172315064524,45.669326154911637],[3.292197160310656,45.669409835955008],[3.292206640546195,45.669502561751244],[3.292206816406779,45.669535879397174],[3.292208642636818,45.6696385304339],[3.292211786535638,45.669747481477629],[3.292243396252886,45.669895980191406],[3.292296807614139,45.670038118894965],[3.292351399031444,45.670160443747832],[3.29243301547556,45.670292603792738],[3.292508058023305,45.670395965195837],[3.292575294463189,45.670480436552658],[3.292641165776335,45.670549603098657],[3.292732758799651,45.670625006182263],[3.292804981101492,45.670680648786877],[3.292905493994995,45.670742521201916],[3.293016249069261,45.670798063456921],[3.293529671265995,45.670489659687931],[3.294113600598411,45.67015675625985],[3.294550258594877,45.669907080066935],[3.294736562853636,45.669919199530028],[3.294950712654657,45.670095134837105],[3.295268600601373,45.670455398163618],[3.295546960286487,45.670628462534772],[3.295840036920286,45.670670916593274],[3.296251347435048,45.670725665811929],[3.296487476864731,45.670687223907471],[3.296807889481807,45.670557609987988],[3.297484388003096,45.670245156306549],[3.297936662325477,45.67003594772487],[3.298277426659711,45.670347515653667],[3.298882518015914,45.670133396002889],[3.300202230867829,45.669773292238375],[3.300602944499208,45.669532693205092],[3.300851209875378,45.669365439727805],[3.301507189684912,45.669065623477266],[3.301520170750525,45.669090802434518],[3.30154473082501,45.669119552347759],[3.301567962401947,45.669140201406378],[3.301614337300156,45.669165290932582],[3.301706969442907,45.669193858492172],[3.301893508572566,45.669249188987237],[3.302000313379432,45.669285822722792],[3.302141899795132,45.669341273337352],[3.302279633349165,45.669396734115757],[3.302440535268389,45.669461137410991],[3.302575720337348,45.669520206631717],[3.302844836509594,45.66964375089966],[3.302963325401132,45.669702864551795],[3.303153878466235,45.669786997843765],[3.303247920150343,45.669838072591944],[3.303330451809417,45.669898183159411],[3.303434961492268,45.669984348660499],[3.303511012346017,45.670033670680269],[3.304266581490144,45.66986053896418],[3.304651562233796,45.669798264961067],[3.305085378685829,45.669741260302871],[3.305530607417712,45.669890435187249],[3.305670377542843,45.669848633405117],[3.30592721613791,45.669840732133892],[3.306180525204982,45.669891371713952],[3.306580684535767,45.670019053215576],[3.30718510586076,45.669459102569682],[3.307692373901239,45.669677437411885],[3.308250470935628,45.669566051556536],[3.308962985999103,45.669276842905795],[3.309274058716705,45.669091388679689],[3.309601050411545,45.668996839318432],[3.309848848531566,45.66898084953398],[3.310255948914929,45.668971624397592],[3.310406987812699,45.669108082701754],[3.310476773299397,45.669184431996371],[3.310528405951926,45.669230214639633],[3.310595527012266,45.669289461897911],[3.310649673038019,45.669325332164796],[3.310690980383457,45.66936213831351],[3.310768371777259,45.669420456648105],[3.310805785680605,45.669450069578005],[3.31087801449956,45.669503899634627],[3.310942476456328,45.669546945207948],[3.310995318338768,45.669579216950929],[3.311055795765703,45.669598860720541],[3.311135528909071,45.669616650284745],[3.31128452278322,45.669617139075605],[3.311376978337966,45.669613281543356],[3.311461752894072,45.669613947627155],[3.311546567992815,45.669621817455834],[3.311653227826141,45.669631427755768],[3.311716254036351,45.669647462158352],[3.311790773839095,45.669651758336634],[3.311891052421462,45.669668589997954],[3.31203897015374,45.669706000866398],[3.312197132730388,45.669737980202676],[3.312463174066407,45.669767859099139],[3.312574941394107,45.669772051416714],[3.312770199170215,45.669776912288178],[3.312856207494657,45.669768568995231],[3.312917786942715,45.669755791060346],[3.312954942606998,45.669739478999624],[3.313006094150205,45.669699715286555],[3.313066827037879,45.669764381777668],[3.313133966742739,45.669826328953711],[3.313211376643005,45.669887347039847],[3.313296487981048,45.669947443160453],[3.3135144123733,45.670099019594858],[3.313581496876882,45.670151061269479],[3.313671736417517,45.67020934185139],[3.313736186058227,45.670249684400055],[3.313796782587586,45.67029003764754],[3.31388057503783,45.670343833575004],[3.313951472540801,45.670388660483553],[3.314024959400593,45.670437082089521],[3.314097156873519,45.670484606753661],[3.314171953947293,45.670537527062343],[3.314777686590698,45.670220664168752],[3.314848533448914,45.670256485752354],[3.31501477968673,45.67035417433658],[3.315196700854626,45.67049774381838],[3.315378633226119,45.670643113959962],[3.315512873901594,45.670758901240937],[3.315666386501398,45.670875534843141],[3.315818492037613,45.670970560415121],[3.315857137592064,45.670990262833215],[3.31597567409745,45.67105476565731],[3.316108385785672,45.671127332988121],[3.316207846850383,45.671225207251602],[3.316302350642669,45.671354612516062],[3.316361096698867,45.671520137765228],[3.316390234219778,45.671674039787696],[3.316455119946175,45.671790020770402],[3.316538178603803,45.671939268794169],[3.316587821584053,45.672085008728118],[3.316610187586217,45.672177696381517],[3.316884914562832,45.672151710050372],[3.316950287196769,45.672128113354823],[3.316955058913053,45.672064165099883],[3.316982816498764,45.671976739404109],[3.317059475499968,45.671905384883331],[3.317190003279214,45.67182037126129],[3.317252832321806,45.671801284005056],[3.317323409231923,45.671789378809478],[3.317437636282515,45.671773748593274],[3.317530053689229,45.671762682201575],[3.317655861212816,45.671750621077578],[3.317812448596956,45.671730368550421],[3.317847061126388,45.671718564501582],[3.317898293721518,45.671693206175519],[3.318944681992311,45.671616407682052],[3.320282005461923,45.671208292459418],[3.321358304531338,45.671197122267685],[3.322244262746102,45.670702923035208],[3.322430832180487,45.670538499782793],[3.322645884088598,45.669751755598931],[3.322974280022982,45.668580176589316],[3.323138888944827,45.667955664480857],[3.323402357036493,45.667105745698159],[3.323397141690097,45.666872533647563],[3.323505488200162,45.666731745964412],[3.323637020265876,45.666602597926946],[3.323877312661187,45.666403799248343],[3.324224968260081,45.666116442953097],[3.324530618475904,45.665894041944568],[3.324754235169589,45.665699791893068],[3.324926579104333,45.665522798657676],[3.325032186627148,45.665354102202237],[3.325191454020833,45.665356343892306],[3.325440531504936,45.665343017525302],[3.32569984077732,45.665322457092977],[3.325959377825785,45.665340616493033],[3.326796006162201,45.66543274336901],[3.327470984516442,45.664685176558258],[3.327885338129182,45.664171591844578],[3.328099855598448,45.663962053277778],[3.328579283140501,45.664028192251678],[3.329160597009919,45.66438218840063],[3.329407261356617,45.66439587501543],[3.330122624238439,45.664183065482611],[3.330935654897262,45.663981670803018],[3.331293622376009,45.663923887389778],[3.331970520823714,45.663938102874297],[3.332253611258233,45.663815701779754],[3.332689980406454,45.66376848846955],[3.333694753096327,45.663420627726723],[3.334552691513164,45.663216372324293],[3.335435018542447,45.663011137237341],[3.33598826545373,45.662967164887895],[3.337042251283646,45.662903682443861],[3.337528732467511,45.662862603797194],[3.337700385107215,45.662790950406311],[3.337814324117216,45.662732076767817],[3.338085540545876,45.662561070082496],[3.338135762642512,45.662583431565075],[3.338183421836132,45.662606701212873],[3.338195012835123,45.662612069348704],[3.338228540129383,45.6626344809264],[3.338259504506083,45.662657800683462],[3.338287933472782,45.662686530993604],[3.338346081222558,45.66274488820838],[3.338462388099259,45.662863403497376],[3.338570984584016,45.662981041359522],[3.338643353122638,45.66305466401365],[3.33867574535506,45.6631013921278],[3.338724948378634,45.663166979978833],[3.338753482528371,45.663212819185041],[3.338772971968576,45.663249680684451],[3.33878994255022,45.663294654176759],[3.338820367222174,45.66343954168098],[3.338820405796303,45.663445845001412],[3.338845754095951,45.663810467565483],[3.338840671812671,45.66423911655999],[3.338815344513813,45.664507539079302],[3.338772346171635,45.66461662784701],[3.338726740553646,45.66471942100376],[3.339148834431648,45.664438097937165],[3.33963769989868,45.664155671434408],[3.339747781362329,45.664095906978282],[3.339931035133674,45.663612690791446],[3.340480658313533,45.66339671353213],[3.340948313516893,45.663217901908197],[3.341133728776627,45.663087669687336],[3.341600873686494,45.662826912206562],[3.342629477502956,45.662398755558598],[3.342754890360232,45.662327235119903],[3.343108430486193,45.661973166012622],[3.344016362382407,45.661349957694547],[3.344168587947877,45.661254040502719],[3.344402136906083,45.661225411244068],[3.344603726619408,45.661220292072571],[3.344764457738304,45.661253118264099],[3.344944603378782,45.661310198017205],[3.34513134435758,45.661395172493819],[3.345283255403532,45.661455039712493],[3.345431083855507,45.661477999115441],[3.345643049138193,45.661489055098521],[3.345849855223927,45.661496524563475],[3.346019166452157,45.661463586764761],[3.346102475879249,45.661437216504687],[3.346210077924283,45.661393662168109],[3.346336728642876,45.661315830481556],[3.346428773496582,45.661248911011256],[3.346522389732913,45.66122791167826],[3.346650791750765,45.661224815013192],[3.34683863874625,45.661280967543178],[3.347681156917357,45.66170160030714],[3.348404917279369,45.662023540261892],[3.349719086124384,45.662696636249542],[3.350594591743303,45.663249517203042],[3.350864481574888,45.662874972673535],[3.351435490365318,45.662394130677555],[3.351646179844803,45.661799148600011],[3.35173135761087,45.661662908377842],[3.35174585269925,45.661518784472875],[3.351741937052166,45.661104570653087],[3.351762217869664,45.660860474136122],[3.35179557483026,45.660653256916021],[3.351856359288113,45.660316283237449],[3.3519610963666,45.660025097222686],[3.351990656855135,45.659826896734501],[3.352061220011963,45.659412450143677],[3.352115934400669,45.659333035833207],[3.352179505903433,45.659232882496049],[3.352230338881435,45.659148977812983],[3.352259427277353,45.65907864850108],[3.352278036255764,45.658975934280868],[3.352312909194022,45.65880563232917],[3.35233469424484,45.658596650197211],[3.352341860392008,45.658511981597997],[3.352363587914787,45.658293994732681],[3.352393575847712,45.658163329663033],[3.352413239140854,45.658024592478952],[3.352431526521908,45.657871451740114],[3.352463956179961,45.657720968206803],[3.352483699390509,45.657594837640801],[3.35252227980813,45.657402011754428],[3.352548529256629,45.657289368177658],[3.352554749077877,45.657257831513306],[3.352580969723279,45.657140685564379],[3.352598499786715,45.657070392363266],[3.352607064106421,45.657003729200561],[3.352611776137397,45.65693707810108],[3.352613879841665,45.656864131731957],[3.352613415368418,45.65679119340561],[3.352609144516734,45.656725470928379],[3.352595701608907,45.656630961457587],[3.35258230461655,45.656543655771102],[3.352561105730229,45.656441066163985],[3.35254522094973,45.656366375139427],[3.352512482733719,45.656266523126952],[3.352470647230149,45.656149590253598],[3.352421084568715,45.656029079587476],[3.352383101634397,45.655912134626959],[3.352347664067107,45.655791579726149],[3.352327904659635,45.655713298836986],[3.35228803082601,45.655500907718668],[3.352264041368876,45.655363207649728],[3.352245382984701,45.655256107593665],[3.352214543935752,45.655050892122809],[3.35219835647498,45.654928475986821],[3.352157566168024,45.654773719126624],[3.352119607555217,45.654660375981692],[3.352102668873993,45.654621707842324],[3.352089656752182,45.654594733804309],[3.352058576560868,45.65455340840564],[3.352027519313808,45.65451568489064],[3.351984005276777,45.654538333200094],[3.351955218543742,45.65445377704026],[3.351917323513645,45.65435033903335],[3.351870509098465,45.654257734779847],[3.351832843211315,45.654190315666241],[3.351809427541109,45.654142662815396],[3.351792466352435,45.654100392739053],[3.351784487627874,45.654057194105697],[3.351776537517432,45.654018497836901],[3.351775001802069,45.653978881036863],[3.351779846145814,45.653932940867925],[3.351789786512572,45.6538806813411],[3.351799784067497,45.653837426543397],[3.351814917672992,45.653794155696886],[3.351819985086967,45.653783333972846],[3.35189345664483,45.653625518476922],[3.351865897317868,45.653531953558314],[3.35181807679334,45.653280866052228],[3.351749300896389,45.652965008664097],[3.351678215140717,45.652689680543737],[3.351628056934515,45.652474619911104],[3.351599506226545,45.652426983063144],[3.351574961874932,45.652403646948002],[3.351546577025504,45.652382123800365],[3.351549082112021,45.652372210580673],[3.351568073177538,45.652329828218456],[3.351589609308778,45.652283835942775],[3.351604679763014,45.652230659928684],[3.351610865248877,45.652193720492811],[3.35161582392318,45.65216578979507],[3.351634580435786,45.652086488035351],[3.351651129183927,45.652063924082832],[3.351654935368007,45.652056708269399],[3.351679182234897,45.652033219778325],[3.351721341822204,45.651999769928373],[3.351695462164943,45.651968333595789],[3.351675968093627,45.651931474368105],[3.351661604220073,45.651893698623219],[3.351640626099389,45.651825326850819],[3.351629776842249,45.651734411175148],[3.351613002748627,45.651519246289844],[3.351585768455312,45.651274397879845],[3.351560075598051,45.651070066734221],[3.351525320982693,45.650854057502002],[3.351510403070768,45.650728935883883],[3.351495365202649,45.650584904337514],[3.351489503589324,45.650470560333098],[3.351490107406887,45.650363400069736],[3.351489530162594,45.650272452324657],[3.351495252561587,45.650162574611464],[3.351504958184038,45.650073395745714],[3.351518549854264,45.649989607690003],[3.351537231460869,45.649898599816318],[3.351564883325637,45.649804862458126],[3.351595131525289,45.649715619438176],[3.351629202799811,45.649621862017732],[3.351665853230405,45.649529897512394],[3.35170763348275,45.649437016479979],[3.35177872624684,45.649309825208803],[3.351870172433557,45.649152854096727],[3.351922246201751,45.649063542776155],[3.351970548209184,45.648986850090083],[3.351999728895844,45.648931828939979],[3.352021303413699,45.648892139903261],[3.352098705481982,45.648747819384894],[3.352173453461069,45.648589999759096],[3.352258374782657,45.648416839916251],[3.352312969184539,45.64832031660616],[3.352367626418931,45.648233698468083],[3.352370165547162,45.648229188068747],[3.352428668528244,45.648141657373984],[3.352488466670399,45.648055923574759],[3.352538102485433,45.647987330884554],[3.352595401328003,45.64791241074002],[3.352660431956171,45.647841968799277],[3.352754819518499,45.64774442012763],[3.352845383811749,45.647651385811407],[3.352891241796102,45.647594511181005],[3.35294591462579,45.647510594184936],[3.352999268983755,45.647421278353974],[3.353008169969534,45.64740774308838],[3.353037233990435,45.647334712228648],[3.353153879764088,45.64710382084148],[3.353243913940312,45.646927942751063],[3.353333999248858,45.646760168842512],[3.353410088082306,45.646612249589275],[3.353481058365158,45.646467047827834],[3.353548182494675,45.646322758591317],[3.35363056861094,45.646155909117255],[3.353724485745196,45.645985421392339],[3.353847625506159,45.64576711575576],[3.353955438961979,45.64556146503844],[3.354048041484734,45.645386478727865],[3.354135548457185,45.645217811803313],[3.354202686644146,45.645076223608861],[3.354259577039111,45.644938269584692],[3.35429872425623,45.644836390986143],[3.354331527189582,45.644746238716692],[3.354364266640309,45.64464618124493],[3.35441834657217,45.64447041539885],[3.354473640798746,45.644283839821952],[3.354525181266113,45.644112584375293],[3.354565530495572,45.643998095039343],[3.354599581694172,45.643902535822619],[3.35464763908898,45.6437889226683],[3.354719961263219,45.6436554222539],[3.354811407084028,45.643501150246415],[3.354872387990266,45.643401003617342],[3.354904113089218,45.643343272231434],[3.35493057608014,45.643265746643451],[3.354963232779214,45.643153082402712],[3.355005963243589,45.643009769719441],[3.355029754506161,45.642916043711921],[3.355036954909943,45.642837678358966],[3.355031473534818,45.642783666236816],[3.35502608452237,45.642744061665809],[3.355006539536068,45.642699098796847],[3.354978048673538,45.64266046756552],[3.354943162146732,45.642625458453693],[3.354895386169374,45.642582385556238],[3.354858001463777,45.642558190175883],[3.354873123828698,45.642514018488704],[3.354885695970974,45.642472556309627],[3.354898152696665,45.642413084690709],[3.354906827382553,45.642364430875816],[3.354917838745805,45.642279750088861],[3.354930249230518,45.642213074692101],[3.35493245895997,45.642157237338537],[3.354939763272268,45.642095080491274],[3.354942094169215,45.642058153047962],[3.354944603951674,45.642049140233532],[3.35494696369665,45.642016715149758],[3.354959558754126,45.641978854851807],[3.354986130669555,45.641918438225936],[3.355024238867837,45.641855283741208],[3.355059796820412,45.641794838757676],[3.355131091474216,45.641701863385535],[3.355189646717669,45.641624236496561],[3.355254689765959,45.641557394983565],[3.355318500915812,45.641498661731909],[3.355364507255487,45.641466098864257],[3.35542464612488,45.641435292337043],[3.355507857372284,45.641399009974243],[3.355562930543266,45.641379025251673],[3.355642382942682,45.641357162502914],[3.355725686461696,45.641335287528243],[3.355829517975882,45.641311546624891],[3.355935841627399,45.641276091374536],[3.356017832243201,45.641249717883944],[3.35608183326644,45.641220699769768],[3.356131759576233,45.641198930068406],[3.356227691411945,45.641144597125447],[3.356314665971313,45.641094794903672],[3.356414408048157,45.641034146309721],[3.356502654393806,45.640982538935219],[3.356567869010302,45.640942710819118],[3.356620315932206,45.640913728995301],[3.35670101616967,45.640886458603077],[3.356785619680339,45.640867280192303],[3.356893266197802,45.640838123272246],[3.356971439384317,45.640817164128137],[3.357030368397686,45.640798066947724],[3.35711359505313,45.640764484815129],[3.357223698282165,45.64071821047245],[3.357337629225616,45.640668321910582],[3.357442579800001,45.640619362239242],[3.357535965177482,45.640568638223208],[3.357602444831282,45.640526104016978],[3.357656087307402,45.640483610559073],[3.357695643819891,45.640446564776639],[3.357719807440523,45.640411368877416],[3.357741351277252,45.640368076887846],[3.357773048383135,45.640306742822517],[3.357798483962589,45.640269741883642],[3.357835467006234,45.64023180374172],[3.357882748696712,45.64019833529624],[3.357954403174883,45.640162087859643],[3.358046532717942,45.640115869862115],[3.358120777666707,45.640083216039926],[3.358193715537587,45.640046964367379],[3.358264033500687,45.640002616574854],[3.358315136697424,45.639964633333804],[3.358417412802666,45.639899472441058],[3.358510796073708,45.639848747619581],[3.358569601110655,45.639810739732802],[3.358623294623531,45.63977635006043],[3.358655159504003,45.639741129424117],[3.358684369497684,45.639692409886941],[3.358708398035591,45.639636502933087],[3.358723458214467,45.639583326025104],[3.358751401876056,45.639537311976561],[3.358774333237831,45.639510224188463],[3.358875073408559,45.639406346699836],[3.358950349675412,45.639334967966391],[3.359052203600222,45.639204972554971],[3.359127403467266,45.63912188757552],[3.35921032851102,45.639042379854153],[3.359279220533796,45.638976424213432],[3.35936471248318,45.638896908184975],[3.359432413963672,45.638845364092106],[3.359518016538447,45.638782956904819],[3.359564059071168,45.638756695628572],[3.359643336577107,45.638708716390653],[3.359753281547341,45.638639027326349],[3.359808227606816,45.638600130632931],[3.359873296632769,45.638538689297619],[3.359924262798094,45.638479994489799],[3.359968816409344,45.638422220655919],[3.36000693407874,45.638361765918233],[3.360047496062008,45.638282393058134],[3.360085519888859,45.638207530753355],[3.360137470592506,45.638102907707179],[3.360185769233645,45.638028912984915],[3.360245567877464,45.637946777027587],[3.360304065125393,45.637861943734137],[3.360365211499305,45.63778970878969],[3.360430290674101,45.637730068079414],[3.360505709172583,45.637681200098136],[3.360577300061043,45.637635946287553],[3.360621998873061,45.637600683980736],[3.36067048405189,45.63755550413358],[3.360713752503098,45.637497734122675],[3.360763444912735,45.637440843996359],[3.360837426574082,45.637368567656431],[3.360864277317575,45.637352272757539],[3.360900160421301,45.637343152812726],[3.360936061115745,45.6373367342701],[3.3609848979054,45.637345582561075],[3.361013196553981,45.637354496703878],[3.360992458870637,45.637323946552122],[3.360957489753718,45.637276332724056],[3.360935503703036,45.637251189505527],[3.360912275110277,45.637232353696987],[3.360858110319314,45.637193806285723],[3.360796261418236,45.637157984949241],[3.360684134103668,45.637089006570143],[3.360596542531721,45.637042461730815],[3.36050906245712,45.63701302577639],[3.360437097318279,45.637000649383566],[3.360392135234074,45.63699539041054],[3.360349828280377,45.637003630268993],[3.359472867741519,45.637166721546848],[3.358508004385705,45.637830758377497],[3.358016801233132,45.638097966301913],[3.356942217223938,45.637876256520371],[3.356966608871419,45.637478162658468],[3.356643302661068,45.636309451289051],[3.356316490547227,45.635790903770982],[3.355988483078636,45.63548487467596],[3.355605493191532,45.635211435991174],[3.355131846338393,45.63501212223575],[3.354537741039373,45.634642993482657],[3.354477635047278,45.634276683584545],[3.354356499030609,45.633599896986688],[3.35391020520819,45.633259115231631],[3.35389339262552,45.633239357330375],[3.353819937525738,45.633193663311189],[3.353719390257878,45.633126442646876],[3.353640812803075,45.633082565588687],[3.353564831279606,45.63304318276802],[3.353497834605903,45.63300377167787],[3.353421853292153,45.632964388760975],[3.353340720724816,45.632922320497123],[3.35322235437836,45.632878568053485],[3.353123338759221,45.632850063093848],[3.353024369149413,45.63282876181718],[3.352899757697171,45.632812043301129],[3.352740473815241,45.63279273184903],[3.352610757070952,45.63278053145968],[3.352454120646502,45.63277381815783],[3.35228466614784,45.632769846226637],[3.352097259435826,45.6327686316694],[3.351904678573782,45.632761129553423],[3.351765988822231,45.632750757224258],[3.351670933377325,45.63273934790751],[3.351570709569706,45.632722551719773],[3.351460154757761,45.632695882322821],[3.35139711339665,45.632672666443099],[3.351348190879651,45.632649406455009],[3.351304356823901,45.632618926650345],[3.351265622657775,45.632583027977752],[3.351233277616001,45.632542606908466],[3.35120989444736,45.632498555909066],[3.351190156373089,45.632422075923081],[3.35117040693683,45.632343794991556],[3.351152020985098,45.632278116650845],[3.351137457087597,45.632207923938118],[3.351137051841785,45.632143990476408],[3.351150708164255,45.632071008253845],[3.351206103777687,45.631900642972198],[3.351233587361027,45.631781692650044],[3.351240894455443,45.631719536100896],[3.351234191469926,45.631674532565846],[3.351222440119107,45.631643052120516],[3.351203027727876,45.631617899003423],[3.351163016533614,45.631582904775101],[3.351065093771752,45.631523777981442],[3.351007045272027,45.631478034090655],[3.35096314387344,45.631436748501528],[3.350932037584944,45.631389119577641],[3.350912420072377,45.631331549446607],[3.350909630628303,45.631296439072017],[3.350919624794746,45.631253184438755],[3.350926943580049,45.63119282885544],[3.350929242467934,45.631150498704223],[3.350919841629969,45.631084792318759],[3.350902620103037,45.63100020004768],[3.350846255321677,45.630814875037238],[3.350787318256149,45.630628657531226],[3.350753446070396,45.630549520070993],[3.350724930217149,45.630505484978563],[3.350699101069069,45.630480351775091],[3.350643734905031,45.630452609126031],[3.350593559683115,45.630433855169215],[3.350512592495336,45.630416998069371],[3.350418824787464,45.630405583700394],[3.350282691078968,45.630392500139891],[3.350192802342709,45.63038557595479],[3.350104180030747,45.630375946291757],[3.350020668886898,45.630362698707955],[3.349952542397763,45.63034670175989],[3.349884353389517,45.630320799587388],[3.349769834375668,45.630275230610856],[3.349635910048858,45.630205408605065],[3.349545822840437,45.63016696741122],[3.34946735513492,45.630139295933013],[3.349377387407206,45.630119764499902],[3.349234735130519,45.630090491111488],[3.349143489772241,45.630071863945325],[3.34904831464663,45.630040642049707],[3.348990484923867,45.630029115031419],[3.3489494140137,45.630029242378797],[3.348912221857701,45.630033860130538],[3.348862280091186,45.630052024722957],[3.348809862072365,45.630084604788593],[3.348731944683288,45.630144278507977],[3.348639942957541,45.630209398736419],[3.348581118636438,45.630243799517558],[3.348508193047358,45.630280945400493],[3.348437738024334,45.630302775277571],[3.348355703378882,45.630320138508196],[3.34827619600132,45.630331190436699],[3.348214634577559,45.630338584831435],[3.348117073641258,45.630336185170684],[3.348010505775231,45.630330211321144],[3.347900070548984,45.630321547859111],[3.347811437431142,45.630310115448196],[3.347699622726231,45.630286147743696],[3.347568572994906,45.630264940798085],[3.347464493198733,45.63024635190596],[3.347357891699538,45.630234974610644],[3.347237200288319,45.630228143130189],[3.347130649652097,45.630224869861607],[3.347089544742376,45.630219593702272],[3.347067703178684,45.63021605910356],[3.347018869257036,45.630206304308942],[3.346998266051533,45.630195561968705],[3.346973671449775,45.630162319711886],[3.346959338985173,45.630128145325507],[3.346951401318455,45.630090349269345],[3.346965068288409,45.630018268039841],[3.346982591255213,45.629947075409724],[3.347034299482144,45.62980103681079],[3.347050544473136,45.629730748600331],[3.347055486512728,45.629700116745333],[3.347097321599104,45.629617142772389],[3.347121334891323,45.6295576364585],[3.347164504010236,45.629482762744587],[3.347182353852331,45.629463797420279],[3.347201233180377,45.629404306926929],[3.347208488049955,45.629333145940677],[3.347202631889658,45.629217901458546],[3.347198341365747,45.629147676579876],[3.34718387923342,45.629092791386846],[3.347161739042092,45.629041531831355],[3.347138259026124,45.628981271518171],[3.347109780704994,45.628942638343531],[3.347078763750481,45.628908515434077],[3.346983648185434,45.62888629650805],[3.346862863914645,45.62886415661616],[3.346761342591804,45.62884375822253],[3.346711220859918,45.628833106778835],[3.346661161127781,45.628832360496496],[3.346632959288134,45.62883785029247],[3.346593307897912,45.628859584136912],[3.346526788732712,45.62889490802602],[3.346401484579038,45.628970934812628],[3.34614476249608,45.628966321755172],[3.34602919089075,45.628956771776579],[3.345936710019303,45.62894534972888],[3.345850623904249,45.628930306000051],[3.345779911018951,45.628910712531287],[3.345728449780808,45.628891059880189],[3.345670537671439,45.628866024087898],[3.345625437529937,45.62883734696679],[3.345581598404874,45.628805064001533],[3.345538975371858,45.628761971423344],[3.345488623712535,45.628714400112436],[3.345451117715821,45.628668590327734],[3.345417383481044,45.628610162115514],[3.34539653977719,45.628560699218518],[3.345370371524806,45.62848063604882],[3.345338923694747,45.628377176373505],[3.345305956831364,45.628235900835293],[3.345268965903465,45.628066722492854],[3.345236021848547,45.627929048823141],[3.345209657745069,45.627817469127741],[3.345191201813702,45.627739183243726],[3.345184330299433,45.627666264757266],[3.345180042453989,45.627596039811742],[3.345182154829261,45.627523093771032],[3.345188151081413,45.627455538748634],[3.345185197146477,45.627393414108965],[3.345178022725181,45.627271870180365],[3.345166986916532,45.627148537119119],[3.345148205898743,45.627018023905251],[3.34513479414569,45.62692531473509],[3.345105852722052,45.626811941955161],[3.345077180631,45.626741791783907],[3.345034301612834,45.626657277350375],[3.344994118464894,45.626593465868829],[3.344948880360237,45.626542276704299],[3.344888230516852,45.626489333777286],[3.344797956502946,45.62641937230687],[3.344701265812018,45.626349430419268],[3.344581345724065,45.626258848347526],[3.34450394544103,45.626195150644314],[3.344353012322776,45.626070444711914],[3.344226542272169,45.625958270592207],[3.344143819160138,45.625863972327089],[3.344080592906761,45.625809235875053],[3.344022640032218,45.625776995473082],[3.344048122858286,45.625747201459674],[3.34405822762792,45.625721056409141],[3.344056787686978,45.625695847141664],[3.344038462699004,45.625638271919442],[3.344012264242236,45.625552805629127],[3.343993928166043,45.625493429458238],[3.343983342604746,45.625442133988322],[3.343981684668086,45.625381806348152],[3.34398128772957,45.625317872901256],[3.343985850901598,45.625226009160492],[3.343994236162856,45.62512963129651],[3.344013998223441,45.625005303522912],[3.344032499214161,45.624884581554753],[3.344045984172091,45.624782785170481],[3.344057058967302,45.624706209821412],[3.34406161637141,45.624613445611828],[3.344063411365291,45.624489172764932],[3.344065195167234,45.624363098977454],[3.344073406805768,45.624238806514796],[3.344078979051043,45.624102815777974],[3.34409232392459,45.623978507621544],[3.34411202942795,45.623845175134619],[3.344125502801061,45.623741577808865],[3.3441440310926,45.623625358191312],[3.344158838008395,45.623529861177431],[3.344177533969435,45.623440655684036],[3.344187325002676,45.623364084256743],[3.344199397334229,45.623241580963068],[3.344210214277064,45.623123583949265],[3.344223469110263,45.622984868254726],[3.344231713756475,45.622865978621775],[3.34423495944589,45.622768715992507],[3.344242060606085,45.622672342057882],[3.344236451885297,45.62259581773904],[3.344220616001429,45.622525628120314],[3.34419839167305,45.622459960480079],[3.34418537417129,45.622430284193925],[3.344158296430736,45.622409655787521],[3.344128691281163,45.622395338519254],[3.344065731813052,45.622382924205375],[3.343939863268814,45.622366199709482],[3.343944918166958,45.622353577428754],[3.343954865847908,45.622302219212649],[3.343964640217413,45.622222946400491],[3.343971300152634,45.622055435294072],[3.343974417676496,45.621937461851459],[3.343980219135777,45.621838390451195],[3.343988799559493,45.621773529095591],[3.344013933930007,45.621687905913063],[3.344042957175251,45.621608574250772],[3.343556016689632,45.621516411212795],[3.341677167223926,45.621082693711408],[3.341261215874452,45.620847127664526],[3.340735699115634,45.620531748518644],[3.340646170801512,45.620580645907232],[3.340564363960936,45.620633121805987],[3.340481262648633,45.620683800586654],[3.340403260996926,45.620729060953451],[3.340334225390199,45.62077159268626],[3.340229407880167,45.620838545734387],[3.340087535996635,45.620931724818476],[3.33998023424906,45.621012192455744],[3.339886898905061,45.621068304641007],[3.339388393190842,45.620971656102739],[3.338464697383708,45.620805146547973],[3.338095925730315,45.620727912732839],[3.337367894583129,45.620659859764793],[3.337090262075491,45.62079756587972],[3.336932525999725,45.620815147546651],[3.336456464618822,45.620609459863189],[3.336195538976485,45.620540001709777],[3.335798611798416,45.620474550834508],[3.335412000568865,45.620417172199865],[3.334808407816036,45.620341527813153],[3.334658834059604,45.620435623427831],[3.334518220777965,45.620526090256753],[3.334408453923335,45.620624569630252],[3.334375388321265,45.620674194690991],[3.334364192273403,45.620732759634343],[3.334410840410547,45.620807361461971],[3.334446026341848,45.620896405135902],[3.334449065725368,45.620974738500223],[3.334403330404507,45.621051415845756],[3.334321571289361,45.621112891920227],[3.334234521421412,45.621148269517029],[3.334107630589685,45.621173859983905],[3.333944792010163,45.621196855531068],[3.333837052221218,45.621206180085423],[3.333745983965271,45.62121365411749],[3.333538155013496,45.6212241756797],[3.333249545383106,45.621245741962966],[3.333062297153583,45.621264306080569],[3.332901921609532,45.621270183568221],[3.332750539697237,45.621277835207763],[3.332605525417338,45.621277363437265],[3.332518355307731,45.621292929338551],[3.332476326366015,45.621346182273214],[3.332472676488098,45.621379511086076],[3.332504958096064,45.621412733733159],[3.332539865727081,45.621455853971071],[3.332544110054851,45.621521577000259],[3.332524010061964,45.621593675380701],[3.332489858852347,45.621676621123235],[3.332480122196204,45.621764897647182],[3.332494756978199,45.621851301188258],[3.332523464649141,45.621930459245625],[3.332534071355863,45.621987158604149],[3.332521524965024,45.622034921507222],[3.332423155262376,45.62210905210236],[3.332360555241551,45.622156062350868],[3.332341576030097,45.622201142771267],[3.332321513333275,45.622279544419918],[3.332254071467261,45.622375195224357],[3.332173569711383,45.622433064071203],[3.332074923594849,45.622461270322418],[3.331942755325773,45.622463461241978],[3.331471738709745,45.622456745265431],[3.331320364127324,45.622466195924765],[3.331152473533252,45.622503610090597],[3.331035914462027,45.622540873014309],[3.330952817709674,45.622594246181507],[3.330877366800114,45.62263859193326],[3.330812252039158,45.622694613584301],[3.330733370244083,45.622809207335052],[3.330648324175679,45.62296614204714],[3.330546642980224,45.623131229946019],[3.330449901083817,45.623263885705668],[3.330359510862975,45.623385716888144],[3.330238546076346,45.623545458194542],[3.330133920372533,45.623647520248667],[3.329967823543066,45.623771374161947],[3.329821985793032,45.623849243599444],[3.32966829765577,45.623901922199288],[3.329524758016021,45.623934760150433],[3.329332382202025,45.623956034512481],[3.329189868743331,45.623945645640404],[3.32906139705316,45.623922608706835],[3.328962340370428,45.623882376385247],[3.328870839462093,45.623817808738913],[3.328779477696843,45.623776653282427],[3.328648493338443,45.623762628093388],[3.328430333900356,45.623764165490051],[3.328081526184266,45.623808406332941],[3.327823828611138,45.623851480229568],[3.327698345100274,45.623899571530757],[3.327620328480073,45.623944823049925],[3.327584576356214,45.623975543695877],[3.327563148424469,45.624041341640066],[3.327576381006407,45.624108839667322],[3.327587286542261,45.624216866395138],[3.327580268018715,45.62433214919826],[3.327546613450763,45.624500638283138],[3.32750698908216,45.624744785668518],[3.327484212921362,45.625016799124644],[3.327492679492726,45.625146444664715],[3.327525295671373,45.625236398479871],[3.327597440498087,45.625283013831208],[3.327693830783772,45.625306145867931],[3.327811851769339,45.625297697757503],[3.327932327507605,45.62527033213501],[3.328076122163129,45.625279818387732],[3.328141888050269,45.625332755399675],[3.328156341004047,45.62538944396254],[3.328152794929659,45.62544078208505],[3.328153605613337,45.625577653808492],[3.328161849825387,45.625669479486064],[3.328172570127479,45.625745989656942],[3.328171862806618,45.625843244363232],[3.328183084549384,45.626004398893137],[3.328223535977591,45.626116841855378],[3.328287040377202,45.626221113172022],[3.328386362279079,45.626305469220839],[3.32850885478953,45.626401463887177],[3.328555579916256,45.626489575260557],[3.328565070936038,45.62657509386603],[3.328542354434587,45.626639995287633],[3.328469532268798,45.626696038083722],[3.328391490990837,45.626737688261528],[3.328271156346592,45.626789367122392],[3.328127747059962,45.626845615571746],[3.327888370640724,45.626950769806903],[3.327763870564052,45.626949331495872],[3.327622590495951,45.626931733122305],[3.32750053483185,45.626909576191402],[3.327442611744119,45.626880929136831],[3.327371769643813,45.626837911834073],[3.327296949804285,45.626773294356006],[3.327227444530905,45.626739277950435],[3.327018007260996,45.626698464303196],[3.326767586816007,45.626672177071434],[3.326514743117368,45.626670209474646],[3.326337651250687,45.626673424598486],[3.326156884130535,45.626706366179995],[3.326017264800501,45.626752695588422],[3.325889254035905,45.626808896569734],[3.325864242365919,45.625611320795933],[3.325478317629988,45.62545665331583],[3.325190183956094,45.625344925372247],[3.324832987767997,45.62527391798821],[3.324376768485974,45.625168075940302],[3.323509131475932,45.62493554632735],[3.322530401195221,45.624797879645904],[3.322539110078321,45.624309790692514],[3.321882936966287,45.624465652731288],[3.321419292892052,45.624626364130471],[3.320868226873122,45.624982728593608]]]]}},
{"type":"Feature","properties":{"nom":"Yronde-et-Buron","nom_m":"YRONDE-ET-BURON","insee_com":"63472"},"geometry":{"type":"MultiPolygon","coordinates":[[[[3.285687926185267,45.625625932600535],[3.285458046625485,45.625097930940299],[3.285103006148108,45.624687309111934],[3.285135599239057,45.624536845466857],[3.285954387794336,45.623791867414745],[3.285943052998419,45.623336250613711],[3.286373499659569,45.622694010470575],[3.286380619763295,45.622085264288671],[3.287563675563006,45.621067400390956],[3.287982721117708,45.621201401541612],[3.289137137482243,45.621590152371141],[3.29012735770154,45.621743387688056],[3.290336432905669,45.621723938258306],[3.290556783575389,45.621652231172718],[3.29112375707135,45.6211176784321],[3.291528646936693,45.620754635084573],[3.292044358769386,45.620723581820315],[3.292767390880731,45.62058482922604],[3.29316479844287,45.620508153799193],[3.293323449402524,45.620418592301505],[3.29416958372975,45.619780640800926],[3.293986880259535,45.619447938691181],[3.293563983674948,45.619071739412625],[3.29305541322584,45.618751591819816],[3.29240095813097,45.618506561413881],[3.292573696029167,45.618412461945645],[3.295171006748221,45.617222441007364],[3.295475196682838,45.616995620836207],[3.295248545660771,45.616602703757167],[3.295152565517148,45.616410251740547],[3.295141638419156,45.616286013452658],[3.295351380960437,45.615914463218466],[3.295671590614826,45.615324704977603],[3.295468419324022,45.615243294544719],[3.295316712803396,45.615187862748733],[3.295027280791678,45.615051748306996],[3.294527993391504,45.614782910870531],[3.29413677409315,45.614566917391556],[3.293961850576537,45.61448813186361],[3.293860303459532,45.61445417869605],[3.293787066001626,45.614435459765637],[3.293662504273151,45.614416874754646],[3.293576512183913,45.614412596734773],[3.293490558260938,45.614415522428928],[3.29340977967142,45.614426538925798],[3.293189428075979,45.614491948240968],[3.293042060924992,45.614528351545495],[3.292920265372321,45.61454757887401],[3.292745819349034,45.614558838706053],[3.292579029135632,45.614561973996054],[3.292357017601027,45.614556247688924],[3.292120839673535,45.614540652391035],[3.29186152794656,45.614517912729646],[3.291462276932964,45.61448022681769],[3.291271022604369,45.614467214812009],[3.290710247132163,45.614457859288613],[3.290597295751154,45.61445094719037],[3.290408565472702,45.614429822837501],[3.290241690621465,45.614416746155818],[3.290151877761485,45.61441787828381],[3.290072376899795,45.614427988603182],[3.289954429864197,45.614447202797152],[3.289842978361277,45.614481708375777],[3.289757207764207,45.61451974965059],[3.289676593031209,45.614562280009778],[3.289555130304795,45.614645437253721],[3.289486157346194,45.614705947211199],[3.289218023825555,45.614959672977982],[3.289097405142223,45.615204914819216],[3.288968894072795,45.615413256926665],[3.28875390299835,45.615770400851453],[3.288667751857022,45.615982235843568],[3.288593195299095,45.616203045883275],[3.288562767156061,45.616520094597767],[3.288568023421012,45.616790226587206],[3.288563439411537,45.616895595078219],[3.288524106694547,45.616981242009395],[3.288464083760327,45.617036325484136],[3.287890614817293,45.617058505352702],[3.287579281997791,45.616656784746134],[3.286953839792244,45.615810124842454],[3.286576720003942,45.61558686527686],[3.286041202086158,45.615003813384547],[3.285442557017133,45.614120157327633],[3.285331114848003,45.613658491433199],[3.284870292497342,45.613122970380246],[3.284906701564943,45.61271766020058],[3.284223059521177,45.612264644667142],[3.283368704955843,45.611796746882952],[3.282781266558886,45.611836945698997],[3.282127257274761,45.610646346546588],[3.281771262727295,45.610025004194625],[3.280825735888193,45.610290309615436],[3.280461460382768,45.610311028932436],[3.280283074669868,45.610048532151382],[3.280145892358343,45.609814747993816],[3.280066204881059,45.609533094918696],[3.27997326055364,45.609420765762152],[3.279882750704157,45.609282316441643],[3.279723638526452,45.609024273285115],[3.279554250379726,45.60876355399688],[3.279478141452623,45.608681799061031],[3.279047274315838,45.608215517495417],[3.278957045226865,45.608131996269918],[3.278892607048918,45.60807452506964],[3.278842372183897,45.608035028305324],[3.27877023647881,45.607977576114507],[3.278637593621851,45.607878851502967],[3.27853192950164,45.607787263816213],[3.278479034227425,45.607728863320879],[3.27845964061357,45.607699195362684],[3.278445310969815,45.607656007612484],[3.278403222328884,45.60770563837859],[3.278364959862624,45.607750757243437],[3.278311360651692,45.607807620325055],[3.278202824699236,45.607910543914898],[3.278003582076091,45.60809023269654],[3.27785156865761,45.608222078854624],[3.277675187136206,45.608355785921624],[3.277508955813833,45.608466955581726],[3.277329871556498,45.608573654261335],[3.277070067155106,45.60870216308841],[3.276869094171366,45.608793606714102],[3.276620645735449,45.60888426623697],[3.276377377815397,45.608984817804696],[3.276159782185706,45.609088007282786],[3.276073965688264,45.609117033379142],[3.276031663019197,45.609124341047092],[3.27597780449065,45.609129876079194],[3.275935447997897,45.609126378038233],[3.275828807735444,45.609096023093372],[3.275508878696012,45.609003156707296],[3.275336694927242,45.608950449693957],[3.274878009156209,45.608818299738786],[3.27445402836734,45.608698670033611],[3.274424475313836,45.608689737288408],[3.274329405788195,45.60866385512125],[3.273697301096426,45.608487098921138],[3.273555920839409,45.608436115217486],[3.273089199670042,45.608233739819013],[3.272680312641823,45.608051032971694],[3.272397383875629,45.607913944397637],[3.272259779947761,45.607847641711999],[3.272147848727137,45.607783978209049],[3.271868612478433,45.607614461979288],[3.271715526228785,45.607530186378099],[3.271616500781378,45.607481799398435],[3.271127931819229,45.60726866286484],[3.270944118676394,45.607197067036765],[3.270723003964307,45.607105750045683],[3.270537851804094,45.607022450496537],[3.270504447066762,45.607012625505796],[3.270458204175687,45.607001030403005],[3.270355503273112,45.606987770006029],[3.270252846328992,45.606983514242941],[3.270139912735928,45.606976581613416],[3.270038486116734,45.606961516900896],[3.269645583258988,45.606895823550687],[3.26926429335952,45.606843608285253],[3.268776481445086,45.606783541925267],[3.269109523639724,45.606675588246823],[3.269283726511138,45.606618440958648],[3.269267972622754,45.606544639041338],[3.269019635637648,45.606130110405623],[3.268776643607979,45.605758791668556],[3.268732609918977,45.605673350965837],[3.268723223534013,45.6055896284564],[3.268741240190662,45.605336549663022],[3.268750285161912,45.60508529327231],[3.268641461217129,45.604601993795114],[3.267524671921448,45.604197636861407],[3.26715548041281,45.603989602192932],[3.266730023359504,45.603818619545358],[3.266954905340673,45.603630785670539],[3.267067445554546,45.603557579435154],[3.267213339738668,45.603484293863922],[3.267359281317006,45.603420913302088],[3.267371779734633,45.603352446898178],[3.267078732245063,45.602971338301359],[3.266647125193191,45.602586955557733],[3.266068763158577,45.602094860469514],[3.265855248512898,45.601977402050444],[3.265563228271012,45.60180700011346],[3.265358656711519,45.601681415303545],[3.265150185952017,45.6015450335248],[3.264879960674446,45.601370976526134],[3.264601992986764,45.601187031789458],[3.264516945502331,45.601107088862442],[3.264502456544911,45.601027880467377],[3.264508479503974,45.600945922392981],[3.264524640188503,45.600837826486092],[3.264508614966882,45.600705493237705],[3.264423151671005,45.600538204420076],[3.264278813895948,45.600398968834682],[3.264051374844461,45.600318459530712],[3.263327093606202,45.600153568123424],[3.262066949761466,45.599789114212207],[3.262001175156233,45.599714527398774],[3.262044163538937,45.599582056359132],[3.262060413776546,45.599491970269248],[3.262067480272469,45.59935868242345],[3.262084915240337,45.599247882478736],[3.262103760632428,45.599164093714641],[3.262108516954795,45.599084840190301],[3.262094108607235,45.599021840003651],[3.262077007064087,45.598931831622416],[3.262032840139009,45.59881487182421],[3.261962844001455,45.598661052395073],[3.26184760774707,45.598434399188633],[3.261815122438404,45.598346227549342],[3.261800765651564,45.598294032997458],[3.261801971834903,45.598277821510479],[3.261814671602363,45.598250777485291],[3.261783796641673,45.598231939219446],[3.261751592193734,45.598203198734907],[3.261614963597279,45.598063941854278],[3.261469199432244,45.597891388207969],[3.261347956511908,45.597750294280814],[3.261291266220503,45.597697297539078],[3.26125392296184,45.597666767887851],[3.261203752530042,45.597636268012316],[3.261218815402831,45.597294049833188],[3.261252935147815,45.597185012258194],[3.261237945964289,45.596181910087935],[3.261131794818606,45.595159209101787],[3.261055371291534,45.595000901694519],[3.260573179976687,45.594748083939869],[3.259803498255001,45.594457207852557],[3.259520755028361,45.594338096525199],[3.25924034669465,45.594169452614686],[3.258760072053057,45.593774346621792],[3.258735386831213,45.593706867285547],[3.258697925804866,45.593650223110487],[3.258669544092438,45.593615169602572],[3.25863477028311,45.593584633194894],[3.258572998340552,45.593540651623215],[3.258486810419885,45.59348682083575],[3.258419916600826,45.593444651915256],[3.258372279025252,45.593406040648198],[3.258350272989554,45.593362868080462],[3.258329486667237,45.59330618548303],[3.258293292164158,45.593245936341717],[3.25825207633288,45.593209111240618],[3.258208358232682,45.593185799093199],[3.258138996193908,45.593164346751209],[3.258081228072956,45.593153673542659],[3.257804556510496,45.592958903557189],[3.257757499002291,45.592769009804094],[3.257714081975802,45.592258536277996],[3.257442119479968,45.590867014851852],[3.257292534498996,45.59014066873813],[3.256960180438581,45.589827160626271],[3.256815563931492,45.589617678826563],[3.256636891241072,45.589531640490009],[3.25660881184069,45.589284072236048],[3.256380717496648,45.58932691505867],[3.256214359044547,45.589407436998997],[3.25600717527209,45.589534876652841],[3.255808802109479,45.589626276637638],[3.255594772135776,45.589660081060416],[3.255356299022639,45.589677731915998],[3.255085575862642,45.589654933765431],[3.254896794501002,45.589601332918129],[3.254690000104782,45.589535165813295],[3.254533196042385,45.589462581833963],[3.254398455735158,45.589446678040382],[3.254209836776569,45.589428194439591],[3.254006029723174,45.589453868400078],[3.253825374040333,45.589493897439716],[3.253639596198589,45.589535738702928],[3.253483217577984,45.589555901854311],[3.253316426325554,45.589542770442094],[3.253125164216714,45.589507181835209],[3.252798961286557,45.58941156407456],[3.252515197791232,45.589341063559431],[3.252375287248273,45.589316164142453],[3.252225255888945,45.589321903604684],[3.252062595717786,45.589370894260377],[3.251884569424545,45.589425321982574],[3.251743593132857,45.589448149659979],[3.251642215845058,45.58943576980483],[3.251541965880383,45.589389169059146],[3.251250023295973,45.589211526413258],[3.251139371091164,45.589133431716398],[3.251021134140489,45.589079666827054],[3.250918393654535,45.589049279745609],[3.250820905588343,45.589045895284784],[3.250710645239923,45.589054245464922],[3.250614602522767,45.589086876840504],[3.250430415281427,45.58919714580491],[3.250321713574565,45.589266724836108],[3.250219310448665,45.589311076282421],[3.250117994689348,45.589312202131985],[3.249965174747186,45.589268418329233],[3.249712139448807,45.589185235718517],[3.249482336229955,45.58913441831929],[3.249301394876545,45.589111407056926],[3.249060288299994,45.589113742224782],[3.248852555645177,45.589122306399474],[3.248643609056,45.589146181048946],[3.248347543279799,45.589190958782716],[3.248166844060593,45.589221974012169],[3.247996316247757,45.589233155943617],[3.247833475483139,45.589242519715278],[3.247633260351172,45.589211443913214],[3.247459906152561,45.58916410000046],[3.247299393567224,45.589120329507793],[3.247279009721883,45.589150990676082],[3.247129692765121,45.58931700735608],[3.246886982547923,45.589535456786066],[3.246755410510776,45.589654609011234],[3.246639064144336,45.589736807978596],[3.246491876386519,45.58980556721221],[3.246263960077633,45.589890711706637],[3.245316388369264,45.590234064826618],[3.244974408817328,45.590339266023172],[3.244774521316852,45.590382924319499],[3.244568236613901,45.59043019809485],[3.244094099414725,45.590523977669029],[3.243640406380442,45.590600601819318],[3.242950898380392,45.590718255425493],[3.242111390261418,45.590850635500118],[3.241714050174493,45.590910021409599],[3.241473076656251,45.590944757316777],[3.241298765039619,45.590972145858473],[3.241129579609755,45.59099862265861],[3.240845158362569,45.591070370073375],[3.240710723042746,45.591124686725628],[3.240584006344648,45.591184389590772],[3.24045608491305,45.591262104504167],[3.240321808791621,45.591353340062398],[3.240086543842544,45.591522232432887],[3.239920275947133,45.591630644934348],[3.239751368237755,45.591721953682033],[3.239665633534119,45.591768060930441],[3.239595250824221,45.591805130602005],[3.239568378745342,45.591819595537345],[3.239344419587272,45.591934433423653],[3.239033410111197,45.592088176579864],[3.238884955123924,45.592164132380894],[3.238726262214088,45.592245512601679],[3.238548387964068,45.592340440495292],[3.238315469595977,45.592460698216684],[3.238080012076477,45.592587264195743],[3.237977674200652,45.592650514435789],[3.237900980537191,45.592711909381038],[3.237840987678545,45.592779572324332],[3.23776699022107,45.592871577825065],[3.237699405590547,45.592963569724695],[3.237622803821129,45.593046575826762],[3.237524366444426,45.593122424145584],[3.23737982388546,45.593214578350661],[3.237241605324766,45.593286007970974],[3.237099500023636,45.593348440806189],[3.236934303305563,45.5934100216272],[3.236776713518227,45.593450875131786],[3.236451049458029,45.593480375630271],[3.236116383648395,45.593504491197976],[3.235631803208066,45.593564939173675],[3.235243396029737,45.593619781065257],[3.235063976767228,45.593655274937404],[3.234861557653347,45.593711527611099],[3.234686100112358,45.593774027031259],[3.234490120017859,45.593836568965415],[3.23428903177013,45.593904524083094],[3.234103273842566,45.593958039240313],[3.233932857824529,45.59399981593149],[3.233738135941477,45.594056951051591],[3.233553648231242,45.594107761217629],[3.233340961002238,45.594163131991188],[3.233167989854898,45.594207614265123],[3.232997583719077,45.594252090959174],[3.232839943250498,45.594282133275783],[3.232655389721103,45.59431763392908],[3.232470820850493,45.594349532387746],[3.232256777282219,45.594387794776729],[3.231698156337125,45.594535725287443],[3.230877702097913,45.594643669152831],[3.23028950270416,45.594774544235342],[3.229835759541189,45.594852013203486],[3.22950633250972,45.594904913762107],[3.229270442276088,45.594934210229987],[3.229035841895238,45.594965304537659],[3.228770423918454,45.594988356714509],[3.228547326152936,45.595009521318211],[3.22828959632165,45.595030755775994],[3.228080600088274,45.595050089869581],[3.227880563846603,45.595064903018198],[3.227648457201159,45.595078880244131],[3.227132999697183,45.595122244923353],[3.22694458434619,45.595155943033163],[3.226757584037264,45.595222055278725],[3.226536050580266,45.595312549748783],[3.226306838751732,45.595407561634659],[3.226100739975815,45.595508829958348],[3.225945874093195,45.595591985384672],[3.225933203336165,45.595944999273868],[3.225932515209691,45.596090878534177],[3.22593401076539,45.596143103412906],[3.225932929933809,45.596192632024817],[3.225929272708198,45.596239464369773],[3.225930676512311,45.596269177414797],[3.225928235911247,45.596299798662706],[3.225916842145792,45.596336741258945],[3.225881051494402,45.596367429485447],[3.225805537621163,45.59640810274162],[3.225669949558711,45.596501124375706],[3.225591921257295,45.596554409263796],[3.225515138871561,45.596598686792078],[3.225434471641823,45.596633967246397],[3.225353756719589,45.596657541488305],[3.225271718773925,45.596671213033488],[3.225184487796832,45.596669586742351],[3.22511934066686,45.59673635272479],[3.225034938198252,45.596799555271737],[3.224946636262996,45.596850158823088],[3.224817313131646,45.596907147668205],[3.224684105112329,45.596955139316975],[3.224548367922076,45.597012140664589],[3.224410086905094,45.597074549808084],[3.224278310218218,45.597159457831864],[3.224183724556084,45.597242490620907],[3.224079015205307,45.597359761768963],[3.224007590620148,45.59746075788366],[3.223920834954071,45.5975770926484],[3.22379828624343,45.597724114915586],[3.223685904235334,45.597847704331315],[3.223435487666968,45.598095834267617],[3.223211719930945,45.598272772782124],[3.223017250952602,45.598399225837966],[3.222859796022108,45.59847968070509],[3.2227074462882,45.598553821877843],[3.222514037420834,45.598625342631678],[3.222314203480309,45.598694174308719],[3.222064392319449,45.598775711037774],[3.221869645032265,45.598833726111494],[3.221683851395545,45.598885419836115],[3.221526234804596,45.598926251994918],[3.221335255585274,45.598964448142574],[3.221105840146368,45.599014425775643],[3.220914917754415,45.599067028790635],[3.220727843273376,45.599119623930484],[3.220530556521362,45.599184845512625],[3.220355108456108,45.59925812829654],[3.220205322335245,45.599333161534197],[3.220055550108324,45.599411796468381],[3.219919830723975,45.599475996035515],[3.219725167969559,45.5995565192474],[3.219585535329599,45.599604517399257],[3.21946382557724,45.599643475602207],[3.219340800813505,45.599674331909824],[3.219206216726026,45.599701608686068],[3.219021647097599,45.599739788409458],[3.218860160019426,45.599776121959358],[3.218702581450706,45.599827755852438],[3.218566795568069,45.599875745258771],[3.218449025101727,45.599938107209923],[3.218347948223487,45.600004939039117],[3.218272555067179,45.600078924789727],[3.218217679128081,45.600151069727907],[3.218157725073767,45.600236731701152],[3.217993453595544,45.600544114148484],[3.217715895512688,45.601076835909709],[3.217534928424192,45.60138064809216],[3.217513350340241,45.601439221080291],[3.217494426171379,45.601520300957326],[3.217493440161638,45.601595943264755],[3.217514315043516,45.601685050518512],[3.217541653567683,45.60178675200342],[3.217576703263081,45.60189204049238],[3.217671127256888,45.602089963641511],[3.217713828383415,45.60218353103253],[3.217753974605146,45.602279804797298],[3.217792834594788,45.602375180558148],[3.217830468505342,45.602484966377901],[3.217862960593368,45.602592060701646],[3.217924337367768,45.602867489028],[3.218016563389734,45.603158165725631],[3.218064588645841,45.603300348659154],[3.218153856990336,45.603491077583691],[3.21822371990983,45.603640421953777],[3.218280534675041,45.603733961768825],[3.218332260730543,45.603838317207199],[3.21850667608046,45.604149545061915],[3.218559664521031,45.604248495062215],[3.218612653150801,45.604347445038485],[3.218681153787812,45.604476080719955],[3.21881434645789,45.604743264666915],[3.218907173188904,45.60485924616053],[3.218999907798509,45.604951815244675],[3.219101580265841,45.605033561070634],[3.219231426892355,45.605102645165466],[3.219343206362125,45.605144749899395],[3.219498608108029,45.605187669898832],[3.219682183909512,45.605217927930887],[3.219895245167338,45.605242725144947],[3.220095459735567,45.605263044683717],[3.220287962731898,45.605279777041744],[3.220490736214947,45.605298289904056],[3.220699870553698,45.605303282701385],[3.220875617207348,45.605300236335331],[3.22110911592823,45.605302479088301],[3.221381087307327,45.60530104372787],[3.221701783686838,45.605293208326387],[3.221919855154012,45.605287375465601],[3.222110978451461,45.605279794428021],[3.222318811905878,45.605280284377024],[3.22256770178876,45.605281593203678],[3.222752453905827,45.605284829458441],[3.223023214724569,45.605301402154311],[3.223255506808336,45.605322552955791],[3.223410846746504,45.605349259014389],[3.22356237808156,45.605385877724167],[3.223716544483783,45.605439600138936],[3.223864351216295,45.605506842221757],[3.22403790744646,45.605596544873009],[3.224189654775494,45.605686290722097],[3.224293858337777,45.605757221056294],[3.224414823894347,45.605848828935031],[3.224511396218785,45.605935982961277],[3.224649441944396,45.606126609478927],[3.224759282546687,45.606321794594677],[3.224987204680512,45.606845419327378],[3.225170147437378,45.607349323070785],[3.225384334978339,45.607963923217469],[3.225573175609366,45.608654214303186],[3.22563071180087,45.608920641561184],[3.225631353363915,45.609078224605518],[3.225615235390354,45.609216030660711],[3.225574960353867,45.609407914068647],[3.225445812784884,45.60983049896732],[3.225245987610351,45.6102262107947],[3.225101961579163,45.610461524851672],[3.224998588991955,45.610597704412164],[3.224908064432929,45.610738360605595],[3.224802212459106,45.610896156512474],[3.224661776376674,45.61106842909787],[3.224530167458112,45.611202863647264],[3.224422735105723,45.611287723307598],[3.224276818476274,45.61137446055087],[3.224068101445437,45.611478431851381],[3.223864497628109,45.611577890180065],[3.223686470448901,45.611656586205115],[3.223537840306434,45.611707308601176],[3.223358391282197,45.611751788612921],[3.223119954249371,45.611804489671684],[3.222932802638777,45.611848083796509],[3.222734143065128,45.61190160569484],[3.222548306423227,45.6119533009145],[3.22239321579969,45.611993228790453],[3.222067615541473,45.612067711442123],[3.22155087459303,45.612151574517796],[3.221003453523428,45.612264310911286],[3.220772731949597,45.612322394726192],[3.220563832744275,45.612383136735652],[3.220356162438347,45.612430368719529],[3.220142019209665,45.612463205272491],[3.220095860997222,45.612471399915137],[3.22027869552386,45.612954600963256],[3.220419793863377,45.613266791914043],[3.221153818723502,45.614254981422654],[3.221260256022653,45.614560936121492],[3.221421472967588,45.614767729893963],[3.221527678742531,45.615015153466615],[3.221658553959485,45.615013995235508],[3.221866474392476,45.615027092673436],[3.221980690636647,45.615031369809309],[3.222088440743095,45.615023052840215],[3.222255239877875,45.61502092251947],[3.222345058682297,45.615020745063759],[3.222500342209209,45.615026741475987],[3.222606845276256,45.615027431299488],[3.222791568342642,45.615015359415317],[3.222890300198878,45.614998054711215],[3.222951821373684,45.614980823659529],[3.223036369887939,45.614946437766228],[3.223186172617784,45.614865997792066],[3.22332695315156,45.614775670220645],[3.223440896675138,45.614712410240287],[3.22350367505662,45.614688873013485],[3.223580582209653,45.614668909606472],[3.223678040989203,45.614654308186687],[3.223801180238629,45.61464415801693],[3.224281109717511,45.614654008172096],[3.224626293788886,45.614659622954406],[3.224782804878093,45.614652106528773],[3.22488408342717,45.614630292573636],[3.224987865976817,45.614593165320052],[3.225049294625106,45.614553421245994],[3.225138750476965,45.614464094531037],[3.225289385334685,45.614273791240208],[3.225518119926744,45.614041909050378],[3.225666497829557,45.613928150778648],[3.225767682992161,45.613883824155472],[3.226003556585003,45.613830222154611],[3.226243319451633,45.61378651714378],[3.226829963430819,45.614164439068951],[3.227331711906367,45.614489401060489],[3.227755705516159,45.614626317420274],[3.227789133169528,45.614642458434979],[3.22792654518235,45.614670995598516],[3.228089641936506,45.614704883424935],[3.22816931761831,45.614734437801978],[3.22825416666321,45.61477388693546],[3.228387885752877,45.614840251293288],[3.228683360393658,45.614926097465805],[3.228696258519494,45.614942279935612],[3.228696310547384,45.614954886585053],[3.228686149606931,45.61498012074771],[3.22872340110242,45.614989950336856],[3.228863473683857,45.615040993014588],[3.229018865896589,45.615073094204647],[3.229250003784573,45.615114946184356],[3.229506826970282,45.615162148196752],[3.229549211249469,45.615171967043501],[3.229600625950686,45.615193473720659],[3.229654648002235,45.615224880360969],[3.229720289218805,45.615273372422898],[3.229739595920043,45.615287740725016],[3.22976405382733,45.615306600917975],[3.229862173237403,45.615451378209087],[3.229990392115258,45.615737469668581],[3.230147095901891,45.616084735553571],[3.230306177099306,45.616386071752444],[3.230461084713582,45.616609074290366],[3.230693410984125,45.616934572955643],[3.231242320475999,45.617787103925771],[3.231337889274019,45.617933686188806],[3.231495398096688,45.618162985385581],[3.231530296536312,45.618223245936626],[3.231576792782962,45.61829518888694],[3.231722811249134,45.61853801866819],[3.231735771357993,45.618568608397915],[3.231741002103952,45.618592010181565],[3.231734683977157,45.618615435749668],[3.231845160480441,45.618644023631305],[3.232017381992178,45.618708503425417],[3.232153647553987,45.618766753764461],[3.232310607153488,45.618863681985466],[3.23271459274036,45.61880881823906],[3.233135175928816,45.618734108028306],[3.233403397422948,45.618740755853281],[3.233608942823388,45.61879525877638],[3.233842688932613,45.618842498859152],[3.234036138529557,45.61876735658425],[3.234266899682019,45.618715548861168],[3.234489911606777,45.618652050533775],[3.234687441930595,45.618631828098245],[3.234979948619898,45.618615909435057],[3.235357433729911,45.618667348529755],[3.235683954967852,45.618804439008564],[3.235996113159961,45.618883027267756],[3.236359912020458,45.619034445336034],[3.236363130900565,45.619789043460258],[3.236430558445499,45.619952789749682],[3.236622787832408,45.620192814711288],[3.23676234020603,45.620417641984886],[3.237173658329041,45.620275399931465],[3.237431587065775,45.620273955516417],[3.237435683760274,45.62033157780165],[3.23746040121198,45.620409867689546],[3.23748881024738,45.620451229967024],[3.237522321451589,45.620485377601774],[3.23755837217717,45.620513216482536],[3.237615020632278,45.62055632007543],[3.237694841146771,45.620616483878592],[3.237784997441357,45.62069283448524],[3.237886869547061,45.620807881036988],[3.238055870169652,45.621015535292202],[3.238257213204621,45.621283453213088],[3.23831007514485,45.621340972213346],[3.238359037018001,45.621386793166309],[3.238639767739925,45.621613119995068],[3.238763443556596,45.621724517596242],[3.238848493288973,45.621806281101286],[3.238918190458548,45.621898882941444],[3.238935005180875,45.621929463677787],[3.238972515610452,45.621997820769359],[3.239006172383851,45.622065285550498],[3.23902939976468,45.622094952169853],[3.239077087380041,45.622142576489971],[3.239127310569091,45.622182991534338],[3.23920578957579,45.622228749398168],[3.239433333039565,45.622321015283916],[3.239546426423536,45.622358594905734],[3.23959268344731,45.622372003681448],[3.239667188574813,45.622388954213662],[3.239789206875282,45.622413007330962],[3.239945835296087,45.622427981688666],[3.240132142868514,45.622184453725552],[3.240599917637101,45.622334735796372],[3.24089664664051,45.621810019557678],[3.241198934291717,45.621384343819834],[3.241281212721796,45.621418385804716],[3.241637327303961,45.621566201455565],[3.241956209009737,45.621709593630122],[3.242118217044335,45.621781283857111],[3.242179909011673,45.621802762710352],[3.242248001690806,45.621820625816795],[3.242310917965006,45.621828594709321],[3.242556080103035,45.621840673306501],[3.243110541206422,45.621858386971297],[3.243627799320773,45.621878879906184],[3.244173301970991,45.621902010632681],[3.2444633797919,45.621913987607449],[3.244616102554345,45.621916357177192],[3.244585705201633,45.622007372099766],[3.244565593931253,45.622102867078617],[3.244538398851453,45.622337952419564],[3.244512526578839,45.622582039721522],[3.244487830100537,45.622801811407477],[3.24551671738956,45.62272663215861],[3.24535405630361,45.624247904093203],[3.245306190475042,45.624451517800821],[3.245439682088425,45.624456629639006],[3.245576967878546,45.624449126264565],[3.245746317231978,45.624437050289757],[3.245954106823463,45.624411382794108],[3.246317076458306,45.624361962782309],[3.246760847725924,45.624301558643438],[3.246999400343989,45.624267717400876],[3.247219993975431,45.624235716074118],[3.24734310196186,45.624214734429529],[3.247428989060773,45.62419293400918],[3.247525070371446,45.624154902389961],[3.24748948288132,45.624232422280272],[3.247432203180677,45.624337904859352],[3.247394056800403,45.624417231314389],[3.247385206086816,45.62444696674212],[3.247378986379781,45.624491104129255],[3.247379215551921,45.624542431212113],[3.247389816033936,45.624617148079849],[3.247399012568998,45.624664853513913],[3.247406917728823,45.624710760818544],[3.247421669928154,45.624853004857378],[3.247421150617506,45.625024097961628],[3.247416531907336,45.625139370071345],[3.247405432033363,45.625240248686019],[3.24738276978473,45.625338451265634],[3.247351152036459,45.625442976913796],[3.247224137401085,45.625739515268812],[3.247118806318106,45.626006289898832],[3.246994568684971,45.626350547564954],[3.246870345557693,45.62669840700633],[3.246758982976225,45.62705254151011],[3.246734975280611,45.627137239659135],[3.246716197379962,45.62724353795911],[3.246712764189802,45.62733719584066],[3.246713205283803,45.627436248134984],[3.246737890792127,45.627791885281141],[3.24673208726387,45.627929672092392],[3.246719577845584,45.628002638740213],[3.246698040298385,45.628065719850653],[3.246663668420252,45.628128829087281],[3.246633126709241,45.628187427498759],[3.246607658532816,45.628232507521091],[3.246584849360551,45.628298292849919],[3.24654197003523,45.628468578318298],[3.246485585576175,45.628776667448385],[3.246456527058316,45.628880286781232],[3.246440138681183,45.628946958507228],[3.246435121053284,45.628973083539378],[3.24655813566797,45.628928690380157],[3.246608121948145,45.628913272627884],[3.246745326380434,45.628885056887782],[3.246950533190541,45.628852189365155],[3.247217353113222,45.628820987112981],[3.247477844012582,45.628809608800395],[3.247724277322142,45.628811768093257],[3.247902708265962,45.628818579078242],[3.248129974664514,45.628839689872009],[3.248323887809595,45.628864475741956],[3.248451070027619,45.628891209580473],[3.248580859665297,45.628926942360451],[3.248701657253815,45.628960893893421],[3.248787725058605,45.628977812871355],[3.249155742148714,45.628617705468763],[3.249290656234206,45.628366171566938],[3.249351588262665,45.62821655617811],[3.249336384422756,45.627975260057902],[3.249256726177712,45.627671072810465],[3.24950411348315,45.627601187336765],[3.249777119731127,45.627520438650436],[3.250048853963739,45.627442393579848],[3.25065514603694,45.627272654297194],[3.250386768691863,45.626957181724073],[3.250533968875864,45.626870407636915],[3.250690066811123,45.626764703367016],[3.250754041002233,45.626721337597012],[3.25080520560795,45.626683403244257],[3.250855050055067,45.626637367452339],[3.250895902517108,45.626589550716865],[3.250916310369769,45.626561590205299],[3.25094935225383,45.6264894777892],[3.250993712018086,45.626366012519277],[3.251017635352141,45.626264204440027],[3.251025127583327,45.626218263031561],[3.251672762868665,45.626395112468892],[3.252983203996811,45.626695637520335],[3.254072839939766,45.626980437341224],[3.25445984265125,45.627131744847269],[3.255969301349679,45.627721741085658],[3.256249049046328,45.627713000110887],[3.256554502540886,45.627712304205012],[3.256886966260298,45.627724152604557],[3.257030746706412,45.627731928683438],[3.257159092731257,45.627732535970623],[3.257274617119089,45.627735873876574],[3.257352951661527,45.627745600105257],[3.257635295409852,45.627743153140308],[3.257915114216457,45.627749716099764],[3.258090980348048,45.627757417288784],[3.258408014235297,45.627762993187673],[3.258728847980725,45.627757753642051],[3.258959960200017,45.627777933237539],[3.259093288427142,45.627746109406694],[3.25919834760335,45.627707146650778],[3.259327656672152,45.627639312411247],[3.259442890032205,45.627580515319167],[3.259551748266694,45.627530737658553],[3.25966584546761,45.627503459921634],[3.259759450177982,45.627485234216564],[3.260090777765635,45.627528592736432],[3.260337256642271,45.627541530110179],[3.260709239024281,45.627496545256982],[3.261353032223741,45.627393297258394],[3.261798043718031,45.627322025127434],[3.262242951770936,45.627229139841603],[3.262811325715879,45.627190894109297],[3.263289206206256,45.627285228514175],[3.263948859949715,45.627549326354085],[3.264438674442834,45.627722870571873],[3.264826972546517,45.627869637047411],[3.266001475851919,45.627902886560598],[3.267018097880878,45.627931996094013],[3.267297566841492,45.627865597275537],[3.267552719741824,45.627813663332354],[3.267707656734967,45.627739455115773],[3.268262049719506,45.627729130148957],[3.26855149091581,45.627867114544649],[3.271306418704221,45.626432337597265],[3.27249732943224,45.625892771197563],[3.273351829981212,45.625584533973196],[3.273904342705798,45.625458023153691],[3.27466663908724,45.62545166280028],[3.27546525296409,45.625264210885661],[3.275906397057364,45.625196494303488],[3.276276017824882,45.625198288955374],[3.277065616633848,45.625262983640297],[3.278642731377954,45.625742650325066],[3.279561600345983,45.62598980590144],[3.28016812376304,45.62614047960458],[3.280737455164059,45.626295745260521],[3.281004714144856,45.626357211739723],[3.281537255257751,45.626848446298709],[3.283422117029939,45.626003562253295],[3.28423551376516,45.625699848178463],[3.284629004066457,45.625600700739156],[3.28496384257276,45.62557644074969],[3.285265285441328,45.625546861507708],[3.285687926185267,45.625625932600535]]]]}},
{"type":"Feature","properties":{"nom":"Olloix","nom_m":"OLLOIX","insee_com":"63259"},"geometry":{"type":"MultiPolygon","coordinates":[[[[3.070988541592192,45.611482852663187],[3.069781680571138,45.611870813549551],[3.069470029686904,45.611976362433097],[3.069141585457033,45.61199187289219],[3.068525718765456,45.611994050634358],[3.068265101121627,45.611867241551707],[3.067300970590094,45.61141127966183],[3.066417626773997,45.610904835070315],[3.065873244190815,45.610589087102781],[3.064716554717503,45.610006248242534],[3.06417609598265,45.609739115687603],[3.063588220978429,45.609515230326494],[3.062765472381302,45.609212231069641],[3.062144229699772,45.608969446743423],[3.061009576511976,45.608525231409708],[3.059482173952231,45.607914624499735],[3.058324436379895,45.607437977137401],[3.057734111063976,45.607278896971039],[3.055174423294491,45.607079374792008],[3.054769893751382,45.606673456772512],[3.054162405286157,45.605999292719247],[3.053693662548032,45.605507856356873],[3.05303176697575,45.605598218134588],[3.052642850356949,45.605393992268922],[3.052273173354761,45.605182552301336],[3.05161599921554,45.604830768827576],[3.050449461887443,45.604407172872008],[3.049496079784121,45.604185178324073],[3.048124466295539,45.603938142016553],[3.047155661944816,45.603663006052045],[3.046873622958073,45.603890044357328],[3.046677479899238,45.604052211940463],[3.046512107443354,45.604193655472926],[3.046413402599176,45.604285544990525],[3.046345472343131,45.604360312666834],[3.046266024497254,45.604469303202691],[3.046108443720678,45.604726904601698],[3.046043105978537,45.604834988721585],[3.045982907041713,45.604952075484249],[3.045877994922306,45.605297001400501],[3.045803817840379,45.605577080299902],[3.045697642777121,45.605949020925451],[3.045618338873294,45.606237206105469],[3.045591514436925,45.606379492523473],[3.045541728761244,45.606682073345468],[3.045512423808717,45.606928816223288],[3.045127607538497,45.607010914758092],[3.043441763165842,45.606942241552524],[3.043020895443122,45.606862260725464],[3.042537164878095,45.606782302111476],[3.042245866813156,45.60668966262741],[3.042072617575149,45.606620390735891],[3.041572115079594,45.606410765398017],[3.041102413284143,45.606210131371064],[3.040904790732703,45.606139966109708],[3.040763637845192,45.606097694874791],[3.040612239603559,45.606079740070079],[3.040505765492326,45.606091484671921],[3.040368514271785,45.606121249782603],[3.040235120178111,45.606162719561503],[3.039886214956719,45.606233081096136],[3.039589873555898,45.606253896768543],[3.03941924160536,45.606250354774261],[3.039170320546906,45.60620361685956],[3.037497750430135,45.606745374120301],[3.036624255726367,45.607028412006969],[3.036011132311329,45.607220411780673],[3.035268348876452,45.607290884385847],[3.034372946269495,45.607448745201907],[3.033641725622605,45.607554322182537],[3.032483246315711,45.607608691330661],[3.031536496757761,45.60773953004108],[3.03148026380216,45.608122249021775],[3.031441982592908,45.6084887543646],[3.031370281004809,45.608745410682474],[3.03096127023056,45.609213772693018],[3.029830138104626,45.610088442757863],[3.029199285839702,45.610832403416751],[3.028983958920908,45.611258385404334],[3.028719966458084,45.611865375612219],[3.028580250629086,45.612131952837395],[3.028209576719072,45.612390483732668],[3.027964616247506,45.612600356392967],[3.027632406303824,45.612813851899944],[3.027329681654279,45.612980514383331],[3.026966644379409,45.613135484303847],[3.02608409404822,45.613589533606763],[3.025771092761348,45.613749890938294],[3.025615882034264,45.613846277601027],[3.025684007140048,45.614106500414948],[3.025757292135315,45.614424352652392],[3.025830782806888,45.615181638452746],[3.025694778481226,45.615198778690591],[3.025560062190935,45.615226724217159],[3.025449726593433,45.615257365507013],[3.025312445819924,45.615289813711293],[3.02515591904534,45.61532496748913],[3.025044296634452,45.615348404838755],[3.024939081718577,45.615353831081322],[3.024812054634884,45.615361963473994],[3.024663213752052,45.615369200028027],[3.024489991994801,45.615373740257951],[3.02435655029114,45.615384574968822],[3.024229526201325,45.615399910533746],[3.024085823570409,45.615420652399685],[3.023886951999229,45.615455813468877],[3.023609815438391,45.615507199255163],[3.023386569620339,45.615556772213196],[3.023232611310887,45.615601828049229],[3.023097899179949,45.61564507876782],[3.022845157057854,45.615736078729995],[3.022627050316966,45.61580545967297],[3.022319129017295,45.615891066664304],[3.022070222835588,45.615954149281805],[3.021835430425083,45.616016328132076],[3.021655805775653,45.61605958583219],[3.021505687489756,45.616087529469247],[3.021379944155541,45.616102861572976],[3.021134867222692,45.616118216014335],[3.021046347911412,45.616166858465526],[3.020965598260348,45.616402799008362],[3.020915634103681,45.616612619891669],[3.021367349750633,45.616717891052105],[3.021849888109901,45.616886187944964],[3.022546780931481,45.617203919531875],[3.023315561152109,45.617571158286253],[3.023200163794574,45.617785496143405],[3.02306166120222,45.617983630001525],[3.02286152890444,45.618097131200152],[3.022639778877643,45.618694193660033],[3.022588800446306,45.619553260999972],[3.022514469366052,45.61979100240081],[3.0223709630232,45.620327716633987],[3.022269702155149,45.62061679055855],[3.021359869140411,45.620613365022109],[3.021212515868087,45.621192401074758],[3.021176641677587,45.621342787876969],[3.019444158014239,45.621173810461492],[3.019446555479818,45.620692053632297],[3.019206581711054,45.620681289096268],[3.018857528036392,45.620662438067704],[3.018539273767976,45.620646282324188],[3.017502378602166,45.6205825143509],[3.015140489135424,45.622747609240143],[3.015193108293216,45.622760208860242],[3.015367657444227,45.622828621595424],[3.015578142075553,45.622905133406434],[3.015771938807731,45.622962737096152],[3.015916968896604,45.623016745442946],[3.016041463324249,45.623060851258359],[3.016176227649315,45.623115761213953],[3.016307142282773,45.623170671566413],[3.016468862229126,45.623243586852233],[3.016568973405285,45.623284093733005],[3.015901869929599,45.624064905707215],[3.016085468372354,45.624343127794695],[3.017567944843942,45.625008360549266],[3.017710455321951,45.625187533658128],[3.016630317697655,45.626709509148718],[3.016753528874934,45.626724799030107],[3.01702561920889,45.62675447402831],[3.017180924883862,45.626799474414298],[3.0173375178791,45.626856180624941],[3.017526202048387,45.626930891220645],[3.017657130478708,45.626996605779119],[3.017874061324533,45.627104629109894],[3.018082011475105,45.627219857305469],[3.018541455677314,45.627166654240369],[3.018831491513888,45.62712158209245],[3.019061217450175,45.627108036221081],[3.01922677806402,45.627109809017789],[3.019365394929509,45.627134098205552],[3.019548953258044,45.627220512531949],[3.019592615425355,45.62729434428401],[3.019649134871393,45.627433008323152],[3.019803193025312,45.627567152815672],[3.019950820534741,45.627661677125822],[3.020101006578196,45.627731887830151],[3.020288399190274,45.627766072438952],[3.020411606096192,45.627760647281498],[3.02066698668345,45.627703870442936],[3.021007067559924,45.627633570049127],[3.021347166656537,45.62761279501612],[3.021614104473701,45.627576724872533],[3.021839978513028,45.627555970229587],[3.022031210410046,45.627561335835708],[3.022194213206267,45.627582014844876],[3.022337968784781,45.627612602718337],[3.022493280448726,45.627655794817215],[3.022770535811749,45.627743085608728],[3.023277577779372,45.6279545946486],[3.023525326105669,45.628063501200202],[3.023648560262328,45.628121106086112],[3.023735846905992,45.628151704027516],[3.023744832494224,45.628155304051688],[3.023756385339936,45.628159804013158],[3.023866765802457,45.62817148689799],[3.023924519616873,45.628169673675693],[3.024004092607862,45.62816965673192],[3.024250500367708,45.628142589509437],[3.024666307955096,45.628085768910601],[3.024875495872472,45.628059608951069],[3.024980739796924,45.628064988519142],[3.025077008677664,45.628090180546849],[3.025150183190722,45.628131586293861],[3.025231077700286,45.628215312818824],[3.025377506592853,45.628471016194339],[3.025464857655734,45.628638485733006],[3.025522650070131,45.628719515837574],[3.0255932605134,45.628764523800449],[3.025686966493929,45.62879511877091],[3.025784509518349,45.628796897425595],[3.025870490567003,45.628775266175019],[3.025964154094838,45.628714912448402],[3.0261463293335,45.628557286281421],[3.02622330700827,45.628496035735502],[3.026291314097247,45.628463602591196],[3.026409392061452,45.628466276385005],[3.026494118194194,45.628505877588836],[3.026582689595301,45.628534672061527],[3.026675096680333,45.628532849237367],[3.026761077406428,45.628512117786777],[3.026840646525716,45.628503094039047],[3.026922793007126,45.628515681137195],[3.027015224638955,45.628564284904932],[3.027071718196364,45.62860929532755],[3.027141043223028,45.628647999268651],[3.027209079592216,45.628675897719276],[3.027301496211059,45.628692984457672],[3.027431131982527,45.62870826109485],[3.027608248675923,45.628710018745764],[3.027795639740384,45.628725280780401],[3.027921428101045,45.628745960682878],[3.028016422883625,45.628784657714057],[3.028125551754246,45.628854867933107],[3.028269358480411,45.628972794781006],[3.028330982688248,45.629008798484818],[3.02849528712851,45.629051980044309],[3.028613373429304,45.629068158724088],[3.02873533352179,45.629129360291088],[3.028827779950409,45.629201375050044],[3.028911224066133,45.629238273325946],[3.029042144073735,45.629251746818717],[3.029201294109883,45.629253506597962],[3.029286014397902,45.629275996584852],[3.02939130023494,45.629355211380606],[3.029455516941912,45.629437138274703],[3.029634083745854,45.629745956054151],[3.029766411009967,45.629987249792372],[3.029849902542297,45.630108792490987],[3.029928220618785,45.630156497137015],[3.030028349734066,45.630188887749945],[3.030179804053745,45.63019515059986],[3.030340233414226,45.630184301704993],[3.030503214305232,45.630145537006982],[3.030680294300003,45.630072549987034],[3.030876612442888,45.629975244450364],[3.031021631744059,45.629950891609596],[3.031139710069418,45.629948157561209],[3.031203878822434,45.629939134987801],[3.031273169259141,45.629908499432879],[3.031316784522474,45.629867965701685],[3.031369377409389,45.629815723210861],[3.031428388579898,45.629765279863754],[3.031515646764458,45.629733738660988],[3.031592650948119,45.629726513231205],[3.031674799293437,45.629737295902395],[3.031776202331122,45.629752575479301],[3.031872460138116,45.62974804586058],[3.031949477277954,45.62976333218468],[3.031998267945857,45.629795735606137],[3.032026519447456,45.629821841492529],[3.032080431073152,45.629831731419266],[3.032147160214945,45.62981190181732],[3.032212597982238,45.629778565344353],[3.03229601319993,45.629760531837306],[3.032373027843005,45.62977131547197],[3.032433374241414,45.629810919221008],[3.032515527632151,45.62982980559795],[3.032588674512036,45.629810874359954],[3.032643858558342,45.629801853566768],[3.032736273410457,45.629809931044896],[3.032822279458166,45.629832417997612],[3.032921136372205,45.62988191552887],[3.033012301728334,45.629946723391456],[3.033112442493724,45.629996220378729],[3.033221568329272,45.630046615105428],[3.033256246040472,45.630086225988421],[3.033311503890253,45.630199670140485],[3.033440040188194,45.630511198146891],[3.033568538645641,45.630757891455438],[3.033655885251666,45.630871325870537],[3.033753471689688,45.630937932179464],[3.033866446611722,45.630982021770315],[3.034001227421425,45.631003592657962],[3.034132144516508,45.631003553031668],[3.034247649023312,45.630986408820576],[3.034356724230426,45.630950356369972],[3.034604373299158,45.630844023839408],[3.034934165650072,45.630738565778273],[3.035083022532313,45.630693495467732],[3.035202382300373,45.630685353876849],[3.035347409027819,45.630672701700426],[3.035433393284845,45.630657366500337],[3.035561717719304,45.630618605380249],[3.035695160853275,45.6305564300066],[3.035829897077535,45.630509562225903],[3.03596721700475,45.63048880738269],[3.036163588469068,45.630485142536038],[3.036341998743263,45.630493189389874],[3.036542241454384,45.630521039437859],[3.036706552006032,45.630557005175788],[3.036855465067693,45.630599279078346],[3.037055744559672,45.630681157011317],[3.037181553508876,45.630720736647035],[3.037311197961793,45.630737802866435],[3.037474199358499,45.630734146790871],[3.037555052807529,45.630724214558931],[3.037667991745825,45.630711570094519],[3.037756549159182,45.630706137540059],[3.037877199443415,45.630708798441546],[3.038068497607188,45.630792478556373],[3.038207156164884,45.630851863263622],[3.038286775943813,45.630913969340241],[3.038374124348042,45.63101569385514],[3.03842938798324,45.631121031183881],[3.038488497341853,45.631219163329746],[3.038556561384301,45.631274069327183],[3.038661839765113,45.631318156743703],[3.038826143959326,45.631339711709543],[3.038953214484834,45.631344170203725],[3.03913034569375,45.631354014042373],[3.039249736275577,45.631388190719576],[3.039360156505869,45.631442180973089],[3.039468031739196,45.63152678833972],[3.039620880560211,45.631681617241448],[3.039853370028936,45.631921963393332],[3.040065285995821,45.632108287577985],[3.040252762649942,45.63222078072419],[3.0404363809256,45.63232156870157],[3.040777914291605,45.632476328098633],[3.04102829631795,45.632601403874439],[3.04134674611849,45.632778681971935],[3.041638243488923,45.632955969146131],[3.041820575016097,45.633045949585217],[3.041990042282914,45.633097213872631],[3.042135130621626,45.633159292799128],[3.042291789817279,45.633245680163071],[3.042398394998867,45.633337489058505],[3.042582097712148,45.633538226844841],[3.042732474932242,45.633798408703029],[3.042828887163265,45.633985671995497],[3.042881572781515,45.634062192776348],[3.042963758387165,45.63410988690088],[3.043069047065011,45.634155771166711],[3.043206412649079,45.634185434376718],[3.04347341594887,45.634210545020252],[3.043827701928648,45.634234720597213],[3.043980444579352,45.634231059095654],[3.044187083017123,45.634209366631254],[3.044374451083127,45.634166970334824],[3.044513033675676,45.634112886784116],[3.044675977714449,45.634026376098198],[3.044797836845274,45.633927274809672],[3.044877364114527,45.633860607573425],[3.045005668875924,45.633796622229404],[3.045193041531049,45.633762328893482],[3.045468989476168,45.63373970574473],[3.04568334098991,45.633735116546255],[3.045804010164278,45.633752176633848],[3.045909306484932,45.633805262082696],[3.046077579431358,45.633956474043273],[3.046152101470129,45.634046491560888],[3.046229166850652,45.634107692609085],[3.046316474643415,45.634137372572752],[3.046501330383818,45.634162509807474],[3.046783728835724,45.634176800471188],[3.047003252139691,45.634214529194224],[3.047114969902424,45.634269411797519],[3.047229284983823,45.63435941194134],[3.047350123019694,45.634571874580679],[3.047514787816436,45.63499863298059],[3.047627919783827,45.635202994262343],[3.047735870063299,45.635351527833613],[3.047873351618946,45.635509053553548],[3.048019790336073,45.635633257503258],[3.048177750098342,45.635720536626621],[3.048302306605395,45.635773611603405],[3.048474337316037,45.635804153991039],[3.048715670633972,45.635820258452362],[3.048953135746685,45.63581655350405],[3.049194438869075,45.635798438686699],[3.049375435370794,45.635806463761817],[3.049498710409931,45.635860438458444],[3.04967722633943,45.635964815572009],[3.049878911313802,45.636139419633416],[3.050268179879218,45.636504841633631],[3.05042874900038,45.636631737594882],[3.050580290661443,45.636711812386636],[3.050815296289757,45.636821565191624],[3.050996380099489,45.636920536180661],[3.051104266327746,45.636986222347169],[3.051199353856742,45.63709243586834],[3.051282913128018,45.637224768506336],[3.051313824878626,45.637337314519073],[3.051311375197245,45.637464283430283],[3.051279413980204,45.637604773003567],[3.051228196080522,45.637743470373273],[3.051218012585583,45.637836224534205],[3.051232221118925,45.637931669038366],[3.05127596729953,45.638041507783996],[3.051354348435884,45.638125216772487],[3.051414731714148,45.63818011854125],[3.051484094094817,45.638227812324395],[3.051531610760618,45.638250302603382],[3.051590677133175,45.638269185645946],[3.05168310719205,45.638275446611367],[3.051896187011389,45.638265443285547],[3.052083565436256,45.638225735582175],[3.05226962083768,45.63814460606072],[3.052500556151514,45.638013028379795],[3.052663516310053,45.63794451570979],[3.052789297982963,45.63792644717438],[3.052863756346892,45.637932715596754],[3.052961344741268,45.637964186553859],[3.053026852883556,45.638007378794903],[3.053080834039028,45.638077590860739],[3.053124602136803,45.638206338979465],[3.053150351526259,45.638285569142752],[3.053182500325418,45.638344985697586],[3.053253181869807,45.638427796524304],[3.053355940747532,45.638495283931569],[3.053475392009258,45.638567265721449],[3.053671883438367,45.638659021258569],[3.053900466648919,45.638749860610602],[3.05410847738586,45.638805590633361],[3.054299772416805,45.638832512946408],[3.054656686702867,45.638883667624768],[3.054912165575244,45.638909657233476],[3.055127831646293,45.638916755667246],[3.055289563259122,45.638904069610973],[3.05540633254784,45.638858087666783],[3.055905333407512,45.638509354816605],[3.056119604893568,45.638408394329666],[3.056315948163577,45.638350665490762],[3.05646098095395,45.638328981294997],[3.056763893039329,45.638295511155526],[3.057039868111762,45.638281864434347],[3.05726708131293,45.638285350992362],[3.057463486474163,45.638288852823351],[3.057593132414432,45.638284284160292],[3.057681694351446,45.638273433041725],[3.057803591238506,45.638223844060285],[3.057966485147771,45.638097692963811],[3.058393624761691,45.637793109642523],[3.058643773146732,45.637637196401656],[3.058852897832458,45.637532631473114],[3.058976081444068,45.637488443436396],[3.059087732181473,45.637463171417949],[3.059209685704145,45.637469410700561],[3.059307283636284,45.637507179517186],[3.05937538665659,45.637571978238157],[3.059403713932758,45.637653006572748],[3.059430856181479,45.637825884579101],[3.059483808202955,45.638125716756818],[3.059541785141394,45.638322891431066],[3.059597106976912,45.638438123717066],[3.059679347422977,45.63851732246988],[3.059805218525835,45.638582990776293],[3.059982402911075,45.638617114776537],[3.060452259193002,45.638644778333877],[3.060821983098625,45.638667091193305],[3.061104420126456,45.638692151697988],[3.061415090369364,45.638709992245765],[3.062118584959156,45.638743824500963],[3.062603848568027,45.638772371056334],[3.062868294960562,45.638779427520035],[3.063017191691398,45.638770339451561],[3.063157076942205,45.638738744217093],[3.063357298043132,45.638709816307873],[3.063566528452616,45.638701594018606],[3.063711626646452,45.638738431708518],[3.063829746984838,45.638757274892079],[3.063938854612896,45.638752710564795],[3.064044097647707,45.638736442077239],[3.064177551311865,45.638694043461122],[3.06437005813834,45.638655212856918],[3.064553631427525,45.638661411098163],[3.064674347632883,45.638704564894432],[3.064774592539238,45.638805361129748],[3.064802959949154,45.638913402527542],[3.064834166775584,45.639253766398859],[3.064835778272145,45.639533815088505],[3.06482823943965,45.639673394001427],[3.064827061128223,45.639763442791235],[3.064855369032358,45.639820156795693],[3.064914439509709,45.63983723188813],[3.065033829389985,45.639841665381518],[3.065126240298189,45.63982810473783],[3.06525707955485,45.639744284219788],[3.065870024655869,45.639184728451582],[3.066212458848484,45.638924288519057],[3.06644847416765,45.638771968145427],[3.066611435547688,45.638716942485296],[3.066830906685991,45.638685295560265],[3.067029879046455,45.638686978214537],[3.067228876556352,45.6387093715663],[3.067502372639691,45.638768639639586],[3.067823443822284,45.638891812549943],[3.068099584094079,45.639012310294632],[3.068466889743224,45.639150761572459],[3.068826493954302,45.639288315882681],[3.06913089316838,45.639419599595811],[3.069408341796388,45.639555401514848],[3.069538102763041,45.639640867138752],[3.069598520424612,45.63970746540501],[3.06963841482064,45.639786683073979],[3.069646235931247,45.639881228757943],[3.06964253652602,45.640001895524449],[3.069660612641729,45.640084728608819],[3.069695349885905,45.640145939827924],[3.069767310370702,45.640203526047792],[3.069898329852735,45.640267378933729],[3.070078128592507,45.640329400348833],[3.070288720971012,45.640378795516632],[3.070408131907511,45.640398531478759],[3.070514703449336,45.640416474395451],[3.070771498955474,45.640456834896732],[3.070969243691764,45.640497232056852],[3.071122056152936,45.640535856305135],[3.07125047694498,45.640573595306392],[3.07138274095803,45.640605028355616],[3.071509843487258,45.640615753459826],[3.071671583296604,45.640608446747585],[3.071856427739436,45.640599324094318],[3.071993782575821,45.640596534888488],[3.07212601892352,45.64060635553227],[3.072231324138332,45.640636904373693],[3.072339242784087,45.640702570206656],[3.072535823739441,45.640833013492305],[3.072664283986484,45.640899566258355],[3.072776016990354,45.640936413811239],[3.072883866955755,45.640948950772703],[3.073023797192303,45.640951561530755],[3.073154700887865,45.640923561617299],[3.073294572685366,45.64088204849341],[3.073380543187256,45.640852276602075],[3.073489625480204,45.6408260914843],[3.073602605519535,45.640835022482605],[3.073720704928729,45.640832243758275],[3.073836206859996,45.640806954581507],[3.073942688936963,45.640756457735343],[3.074054261175593,45.640672639632619],[3.074129950306854,45.64063476960073],[3.074199249671542,45.640618515280622],[3.074316075739616,45.640623841102212],[3.074485574455933,45.6406588478443],[3.074761678473384,45.640735205720318],[3.074972294854003,45.640798099335179],[3.075185455946545,45.640843881712193],[3.075388352457537,45.640893272485968],[3.075649047961944,45.640965136100192],[3.075844261431434,45.641028038436168],[3.076022820170075,45.641115264679208],[3.076203997739229,45.641239408602566],[3.076407050639423,45.641400457126416],[3.076657683050897,45.641619103705217],[3.076908279930477,45.641810735313733],[3.077095874260912,45.641930371021068],[3.077291139269041,45.64202658863411],[3.077501798712694,45.642114690979369],[3.077729121167997,45.642183871316924],[3.078074574330503,45.642270078476017],[3.078230012492452,45.642342909562323],[3.078341817067797,45.642425676105006],[3.078371411195525,45.642473381023791],[3.0783638016027,45.642539121468921],[3.078344704302228,45.642651694946487],[3.078338493051569,45.642798477752265],[3.07836048664557,45.642918226484895],[3.078424903703336,45.643079367817961],[3.078531720480711,45.643264792548102],[3.078687384636081,45.643494306643859],[3.078754277432281,45.64358971091275],[3.07911574597739,45.643196847501095],[3.079590087033494,45.64273816804338],[3.080405423705597,45.641950567822235],[3.080572142752986,45.64183428651053],[3.079769313113395,45.641498078215641],[3.078688956823925,45.640986464685774],[3.077532920092999,45.640502807896382],[3.076163653020366,45.639906723588247],[3.075412205196816,45.63955514135673],[3.074420622422348,45.639133475611921],[3.074043019281061,45.638985145233505],[3.074254200869563,45.638517656418806],[3.074583264988926,45.637893405473164],[3.074770112940559,45.637473657345858],[3.075303791484658,45.636293671485738],[3.075410080892645,45.636109001735079],[3.076307680208128,45.6363623324306],[3.075907684445508,45.63578719557372],[3.076401422711503,45.635459086475493],[3.076940167290993,45.635193077641496],[3.077119499865418,45.634926412578807],[3.077199992146713,45.634658014109654],[3.077312439904016,45.634294142678606],[3.07763588745317,45.633368225816035],[3.078975370281,45.630281346842871],[3.079430543619386,45.629062676484153],[3.079579129860637,45.627963985492798],[3.07950690498932,45.627718205419882],[3.078998213145735,45.627398893147436],[3.078729505549341,45.6270659037583],[3.078536871627068,45.626979592252134],[3.078330141217875,45.626907697912827],[3.077944982734647,45.626810713468771],[3.077355955940399,45.626850741011303],[3.076979488095743,45.626541233972226],[3.076673957343947,45.626482010855973],[3.076530045372718,45.626357842552324],[3.076280777049357,45.62614729943634],[3.076027657999924,45.625934957414991],[3.075923575638755,45.625841377752216],[3.075798921379111,45.625719896969763],[3.075658880689675,45.625608331676929],[3.075612633702095,45.625575044996758],[3.075581803226869,45.625553454185621],[3.075548417079229,45.625539969402318],[3.075488070287387,45.625519298856503],[3.075448274675171,45.625511221223007],[3.075393078598046,45.625503153893753],[3.075129734359818,45.625316930640501],[3.074543800973938,45.624784236119787],[3.073654769039415,45.624070740905395],[3.073475279384185,45.624205029746257],[3.073279185154903,45.624399661270949],[3.073028797081074,45.624297169323967],[3.072611370031523,45.624038101220791],[3.072940698592422,45.623665990052871],[3.07239255644303,45.62354387874278],[3.072314199410405,45.623487198891553],[3.07176835090081,45.622161141604558],[3.071471002429166,45.621458056206549],[3.071814658708443,45.621255229492071],[3.07168105834603,45.62114725711686],[3.071351826354156,45.620592770912651],[3.071374466845248,45.620237067121785],[3.071323047549223,45.620167762798538],[3.07125367680653,45.620109275575459],[3.071209997763652,45.620071483084111],[3.071184298112396,45.620044484958235],[3.071171444826264,45.620028284456694],[3.071157296737705,45.62000307997711],[3.071145703590157,45.619968869085085],[3.071140528989841,45.619936455093395],[3.071113441024004,45.61982751419248],[3.071095431735972,45.619793307350527],[3.071076147315651,45.619765404667866],[3.071054304518674,45.619743806954098],[3.071036316074083,45.619725808721078],[3.071005488328807,45.619702415710634],[3.070869352152373,45.619614254540146],[3.070811553564495,45.619572868869973],[3.069719775985974,45.619777058983992],[3.069250058191054,45.619735926976723],[3.068920162580093,45.619653285401498],[3.068332176549316,45.619440230360361],[3.06797639298917,45.619173003454158],[3.06825699364772,45.618827049495138],[3.068171595520625,45.618253495897598],[3.068583005091455,45.617849831149037],[3.068251397075757,45.617408797916859],[3.067653699874471,45.616577116047118],[3.067595756368107,45.616412363177368],[3.067767168261041,45.615977328629349],[3.067738665915659,45.615754026963167],[3.067582402408572,45.614931983509251],[3.067494234974249,45.614181036919007],[3.067386401955029,45.613083417712168],[3.067495410484467,45.613039228905706],[3.067774958813928,45.612904889504591],[3.068049382320911,45.612777756340591],[3.068253301959753,45.612704694032495],[3.06837898903744,45.612660494251791],[3.068495704408689,45.612624404102817],[3.068686814484872,45.612569358384341],[3.068918983616062,45.612515187677012],[3.069188348988486,45.612451088355627],[3.069559053613361,45.612368916205973],[3.069766839364834,45.612312057384656],[3.069948958817035,45.612251612224021],[3.070081055424493,45.612204705120853],[3.070254166478982,45.612123554063686],[3.070374702384485,45.612066748566853],[3.070463164961807,45.612012664468956],[3.070525971907386,45.611963098780706],[3.070613112102056,45.611878399113955],[3.070780940770459,45.611681088795315],[3.070855240410886,45.611589193189729],[3.070896246200072,45.611548645811894],[3.070988541592192,45.611482852663187]]]]}}
]
}
